{
  "type": "FeatureCollection",
  "features": [
    {
      "type": "Feature",
      "geometry": {
        "type": "Point",
        "coordinates": [
          2.3126200373119405,
          48.85560951970152
        ]
      },
      "properties": {
        "id_bat": 1,
        "libelle": "Cathédrale Saint-Louis-des-Invalides",
        "ensemble": "Hôtel des Invalides",
        "arrondissement": 7,
        "image_ref": 6813,
        "terme_jantzen_bat": [
          "atlante",
          "clé",
          "colonne",
          "dome",
          "façade",
          "fenetre",
          "intérieur",
          "lucarne",
          "oeil-de-boeuf",
          "porte-bois",
          "sculpture",
          "toiture",
          "tourelle"
        ]
      }
    },
    {
      "type": "Feature",
      "geometry": {
        "type": "Point",
        "coordinates": [
          2.313144,
          48.856899
        ]
      },
      "properties": {
        "id_bat": 2,
        "libelle": "Cour d'Honneur - Angle Nord-Est",
        "ensemble": "Hôtel des Invalides",
        "arrondissement": 7,
        "image_ref": 6978,
        "terme_jantzen_bat": [
          "façade-d'angle",
          "lucarne",
          "sculpture"
        ]
      }
    },
    {
      "type": "Feature",
      "geometry": {
        "type": "Point",
        "coordinates": [
          2.312374,
          48.856933
        ]
      },
      "properties": {
        "id_bat": 3,
        "libelle": "Cour d'Honneur - Angle Nord-Ouest",
        "ensemble": "Hôtel des Invalides",
        "arrondissement": 7,
        "image_ref": 6995,
        "terme_jantzen_bat": [
          "lucarne-d'angle",
          "sculpture",
          "toiture"
        ]
      }
    },
    {
      "type": "Feature",
      "geometry": {
        "type": "Point",
        "coordinates": [
          2.313045,
          48.856028
        ]
      },
      "properties": {
        "id_bat": 4,
        "libelle": "Cour d'Honneur - Angle Sud-Est",
        "ensemble": "Hôtel des Invalides",
        "arrondissement": 7,
        "image_ref": 7037,
        "terme_jantzen_bat": [
          "façade-d'angle",
          "lucarne",
          "sculpture"
        ]
      }
    },
    {
      "type": "Feature",
      "geometry": {
        "type": "Point",
        "coordinates": [
          2.312272,
          48.856073
        ]
      },
      "properties": {
        "id_bat": 5,
        "libelle": "Cour d'Honneur - Angle Sud-Ouest",
        "ensemble": "Hôtel des Invalides",
        "arrondissement": 7,
        "image_ref": 7064,
        "terme_jantzen_bat": [
          "façade-d'angle",
          "fenetre-d'angle",
          "lucarne",
          "lucarne-d'angle",
          "sculpture",
          "toiture"
        ]
      }
    },
    {
      "type": "Feature",
      "geometry": {
        "type": "Point",
        "coordinates": [
          2.313146,
          48.856467
        ]
      },
      "properties": {
        "id_bat": 6,
        "libelle": "Cour d'Honneur - Façade Est",
        "ensemble": "Hôtel des Invalides",
        "arrondissement": 7,
        "image_ref": 6875,
        "terme_jantzen_bat": [
          "décor",
          "façade",
          "fronton",
          "sculpture"
        ]
      }
    },
    {
      "type": "Feature",
      "geometry": {
        "type": "Point",
        "coordinates": [
          2.313246,
          48.856444
        ]
      },
      "properties": {
        "id_bat": 7,
        "libelle": "Cour d'Honneur - Façade Est - Lucarnes",
        "ensemble": "Hôtel des Invalides",
        "arrondissement": 7,
        "image_ref": 6998,
        "terme_jantzen_bat": [
          "façade",
          "lucarne",
          "oeil-de-boeuf",
          "sculpture"
        ]
      }
    },
    {
      "type": "Feature",
      "geometry": {
        "type": "Point",
        "coordinates": [
          2.312768,
          48.856938
        ]
      },
      "properties": {
        "id_bat": 8,
        "libelle": "Cour d'Honneur - Façade Nord",
        "ensemble": "Hôtel des Invalides",
        "arrondissement": 7,
        "image_ref": 6882,
        "terme_jantzen_bat": [
          "façade",
          "fenetre",
          "fronton",
          "oeil-de-boeuf",
          "sculpture"
        ]
      }
    },
    {
      "type": "Feature",
      "geometry": {
        "type": "Point",
        "coordinates": [
          2.312277,
          48.856497
        ]
      },
      "properties": {
        "id_bat": 9,
        "libelle": "Cour d'Honneur - Façade Ouest",
        "ensemble": "Hôtel des Invalides",
        "arrondissement": 7,
        "image_ref": 6892,
        "terme_jantzen_bat": [
          "façade",
          "fronton",
          "oeil-de-boeuf",
          "panoramique",
          "sculpture"
        ]
      }
    },
    {
      "type": "Feature",
      "geometry": {
        "type": "Point",
        "coordinates": [
          2.312194,
          48.856501
        ]
      },
      "properties": {
        "id_bat": 10,
        "libelle": "Cour d'Honneur - Façade Ouest - Lucarnes",
        "ensemble": "Hôtel des Invalides",
        "arrondissement": 7,
        "image_ref": 6915,
        "terme_jantzen_bat": [
          "façade",
          "fenetre",
          "lucarne",
          "oeil-de-boeuf",
          "sculpture"
        ]
      }
    },
    {
      "type": "Feature",
      "geometry": {
        "type": "Point",
        "coordinates": [
          2.312648,
          48.856015
        ]
      },
      "properties": {
        "id_bat": 11,
        "libelle": "Cour d'Honneur - Façade Sud",
        "ensemble": "Hôtel des Invalides",
        "arrondissement": 7,
        "image_ref": 6897,
        "terme_jantzen_bat": [
          "dome",
          "façade",
          "sculpture",
          "tourelle"
        ]
      }
    },
    {
      "type": "Feature",
      "geometry": {
        "type": "Point",
        "coordinates": [
          2.312648,
          48.855969
        ]
      },
      "properties": {
        "id_bat": 12,
        "libelle": "Cour d'Honneur - Façade Sud - Lucarnes",
        "ensemble": "Hôtel des Invalides",
        "arrondissement": 7,
        "image_ref": 6983,
        "terme_jantzen_bat": [
          "fenetre",
          "lucarne",
          "oeil-de-boeuf",
          "sculpture"
        ]
      }
    },
    {
      "type": "Feature",
      "geometry": {
        "type": "Point",
        "coordinates": [
          2.312784,
          48.857102
        ]
      },
      "properties": {
        "id_bat": 13,
        "libelle": "Façade Nord ",
        "ensemble": "Hôtel des Invalides",
        "arrondissement": 7,
        "image_ref": 6649,
        "terme_jantzen_bat": [
          "chimère",
          "clé",
          "dome",
          "décor",
          "façade",
          "fenetre",
          "lucarne",
          "oeil-de-boeuf",
          "panoramique",
          "pignon",
          "porte",
          "porte-bois",
          "porte-fer",
          "sculpture",
          "toiture"
        ]
      }
    },
    {
      "type": "Feature",
      "geometry": {
        "type": "Point",
        "coordinates": [
          2.312771,
          48.857019
        ]
      },
      "properties": {
        "id_bat": 14,
        "libelle": "Façade Nord - Lucarnes",
        "ensemble": "Hôtel des Invalides",
        "arrondissement": 7,
        "image_ref": 6726,
        "terme_jantzen_bat": [
          "lucarne",
          "sculpture",
          "toiture"
        ]
      }
    },
    {
      "type": "Feature",
      "geometry": {
        "type": "Point",
        "coordinates": [
          2.33198,
          48.871426
        ]
      },
      "properties": {
        "id_bat": 15,
        "libelle": "Opéra Garnier - façade",
        "ensemble": "Opéra Garnier",
        "arrondissement": 9,
        "image_ref": 10664,
        "terme_jantzen_bat": [
          "colonne",
          "dome",
          "décor",
          "façade",
          "façade-d'angle",
          "loggia",
          "panoramique",
          "sculpture"
        ]
      }
    },
    {
      "type": "Feature",
      "geometry": {
        "type": "Point",
        "coordinates": [
          2.331147,
          48.871881
        ]
      },
      "properties": {
        "id_bat": 16,
        "libelle": "Opéra Garnier - rue Auber",
        "ensemble": "Opéra Garnier",
        "arrondissement": 9,
        "image_ref": 10726,
        "terme_jantzen_bat": [
          "balcon",
          "cariatide",
          "colonne",
          "dome",
          "décor",
          "façade",
          "fenetre",
          "fronton",
          "loggia",
          "lucarne",
          "lucarne-d'angle",
          "oeil-de-boeuf",
          "pilastre",
          "porte",
          "porte-bois",
          "sculpture"
        ]
      }
    },
    {
      "type": "Feature",
      "geometry": {
        "type": "Point",
        "coordinates": [
          2.332335,
          48.872081
        ]
      },
      "properties": {
        "id_bat": 17,
        "libelle": "Opéra Garnier - rue Halévy ",
        "ensemble": "Opéra Garnier",
        "arrondissement": 9,
        "image_ref": 10799,
        "terme_jantzen_bat": [
          "colonne",
          "dome",
          "décor",
          "façade",
          "fenetre",
          "fronton",
          "loggia",
          "lucarne",
          "pilastre",
          "sculpture"
        ]
      }
    },
    {
      "type": "Feature",
      "geometry": {
        "type": "Point",
        "coordinates": [
          2.331720692601741,
          48.860762294199226
        ]
      },
      "properties": {
        "id_bat": 18,
        "libelle": "Aile de Flore",
        "ensemble": "Palais du Louvre",
        "arrondissement": 1,
        "image_ref": 8651,
        "terme_jantzen_bat": [
          "fenetre",
          "fronton",
          "lucarne",
          "oeil-de-boeuf",
          "sculpture"
        ]
      }
    },
    {
      "type": "Feature",
      "geometry": {
        "type": "Point",
        "coordinates": [
          2.332777777777778,
          48.861666666666665
        ]
      },
      "properties": {
        "id_bat": 19,
        "libelle": "Arc du Carrousel",
        "ensemble": "Palais du Louvre",
        "arrondissement": 1,
        "image_ref": 8647,
        "terme_jantzen_bat": [
          "colonne",
          "façade",
          "porte",
          "sculpture"
        ]
      }
    },
    {
      "type": "Feature",
      "geometry": {
        "type": "Point",
        "coordinates": [
          2.3396251097782823,
          48.86013931168131
        ]
      },
      "properties": {
        "id_bat": 20,
        "libelle": "Colonnade du Louvre",
        "ensemble": "Palais du Louvre",
        "arrondissement": 1,
        "image_ref": 8739,
        "terme_jantzen_bat": [
          "colonne",
          "façade",
          "façade-d'angle",
          "panoramique"
        ]
      }
    },
    {
      "type": "Feature",
      "geometry": {
        "type": "Point",
        "coordinates": [
          2.339325,
          48.860194
        ]
      },
      "properties": {
        "id_bat": 21,
        "libelle": "Cour Carré - Est",
        "ensemble": "Palais du Louvre",
        "arrondissement": 1,
        "image_ref": 8588,
        "terme_jantzen_bat": [
          "intérieur",
          "porte-bois",
          "sculpture"
        ]
      }
    },
    {
      "type": "Feature",
      "geometry": {
        "type": "Point",
        "coordinates": [
          2.337785,
          48.860538
        ]
      },
      "properties": {
        "id_bat": 22,
        "libelle": "Cour Carré - Ouest",
        "ensemble": "Palais du Louvre",
        "arrondissement": 1,
        "image_ref": 8533,
        "terme_jantzen_bat": [
          "cariatide",
          "colonne",
          "dome",
          "façade",
          "fenetre",
          "fronton",
          "oeil-de-boeuf",
          "panoramique",
          "pilastre",
          "sculpture",
          "toiture"
        ]
      }
    },
    {
      "type": "Feature",
      "geometry": {
        "type": "Point",
        "coordinates": [
          2.338277,
          48.859845
        ]
      },
      "properties": {
        "id_bat": 23,
        "libelle": "Cour Carré - Sud",
        "ensemble": "Palais du Louvre",
        "arrondissement": 1,
        "image_ref": 8577,
        "terme_jantzen_bat": [
          "colonne",
          "façade",
          "façade-d'angle",
          "fenetre",
          "fronton",
          "pilastre",
          "porte",
          "sculpture"
        ]
      }
    },
    {
      "type": "Feature",
      "geometry": {
        "type": "Point",
        "coordinates": [
          2.336582,
          48.861419
        ]
      },
      "properties": {
        "id_bat": 24,
        "libelle": "Cour Napoléon - Nord",
        "ensemble": "Palais du Louvre",
        "arrondissement": 1,
        "image_ref": 8638,
        "terme_jantzen_bat": [
          "sculpture"
        ]
      }
    },
    {
      "type": "Feature",
      "geometry": {
        "type": "Point",
        "coordinates": [
          2.335831,
          48.860367
        ]
      },
      "properties": {
        "id_bat": 26,
        "libelle": "Cour Napoléon - Sud",
        "ensemble": "Palais du Louvre",
        "arrondissement": 1,
        "image_ref": 8629,
        "terme_jantzen_bat": [
          "façade",
          "sculpture"
        ]
      }
    },
    {
      "type": "Feature",
      "geometry": {
        "type": "Point",
        "coordinates": [
          2.336856,
          48.859735
        ]
      },
      "properties": {
        "id_bat": 27,
        "libelle": "Façade de la Petite Galerie",
        "ensemble": "Palais du Louvre",
        "arrondissement": 1,
        "image_ref": 8730,
        "terme_jantzen_bat": [
          "façade",
          "fenetre",
          "fronton",
          "oeil-de-boeuf",
          "pilastre",
          "sculpture"
        ]
      }
    },
    {
      "type": "Feature",
      "geometry": {
        "type": "Point",
        "coordinates": [
          2.335193,
          48.859816
        ]
      },
      "properties": {
        "id_bat": 28,
        "libelle": "Façade quai François Mitterrand",
        "ensemble": "Palais du Louvre",
        "arrondissement": 1,
        "image_ref": 8668,
        "terme_jantzen_bat": [
          "fenetre",
          "fronton",
          "pilastre",
          "sculpture"
        ]
      }
    },
    {
      "type": "Feature",
      "geometry": {
        "type": "Point",
        "coordinates": [
          2.333401,
          48.860307
        ]
      },
      "properties": {
        "id_bat": 29,
        "libelle": "Gands guichets du Louvre",
        "ensemble": "Palais du Louvre",
        "arrondissement": 1,
        "image_ref": 8683,
        "terme_jantzen_bat": [
          "colonne",
          "console",
          "façade",
          "fenetre",
          "fronton",
          "lucarne",
          "oeil-de-boeuf",
          "pilastre",
          "porte",
          "sculpture",
          "toiture",
          "tourelle"
        ]
      }
    },
    {
      "type": "Feature",
      "geometry": {
        "type": "Point",
        "coordinates": [
          2.33650710912055,
          48.86014500448069
        ]
      },
      "properties": {
        "id_bat": 30,
        "libelle": "Pavillon Daru",
        "ensemble": "Palais du Louvre",
        "arrondissement": 1,
        "image_ref": 8590,
        "terme_jantzen_bat": [
          "cariatide",
          "colonne",
          "console",
          "fenetre",
          "fronton",
          "lucarne",
          "sculpture"
        ]
      }
    },
    {
      "type": "Feature",
      "geometry": {
        "type": "Point",
        "coordinates": [
          2.3305586822089763,
          48.86101747668231
        ]
      },
      "properties": {
        "id_bat": 31,
        "libelle": "Pavillon de Flore",
        "ensemble": "Palais du Louvre",
        "arrondissement": 1,
        "image_ref": 8662,
        "terme_jantzen_bat": [
          "façade",
          "fenetre",
          "fronton",
          "lucarne",
          "pilastre",
          "pont",
          "sculpture",
          "toiture"
        ]
      }
    },
    {
      "type": "Feature",
      "geometry": {
        "type": "Point",
        "coordinates": [
          2.33649404770264,
          48.86213945607231
        ]
      },
      "properties": {
        "id_bat": 32,
        "libelle": "Pavillon de la Bibliothèque",
        "ensemble": "Palais du Louvre",
        "arrondissement": 1,
        "image_ref": 8754,
        "terme_jantzen_bat": [
          "cariatide",
          "fenetre",
          "fronton",
          "lucarne",
          "sculpture",
          "toiture"
        ]
      }
    },
    {
      "type": "Feature",
      "geometry": {
        "type": "Point",
        "coordinates": [
          2.3323359663409664,
          48.863408004716874
        ]
      },
      "properties": {
        "id_bat": 33,
        "libelle": "Pavillon de Marsan",
        "ensemble": "Palais du Louvre",
        "arrondissement": 1,
        "image_ref": 8768,
        "terme_jantzen_bat": [
          "console",
          "façade",
          "fronton",
          "lucarne",
          "oeil-de-boeuf",
          "sculpture"
        ]
      }
    },
    {
      "type": "Feature",
      "geometry": {
        "type": "Point",
        "coordinates": [
          2.335492273290254,
          48.86039391730074
        ]
      },
      "properties": {
        "id_bat": 34,
        "libelle": "Pavillon Denon",
        "ensemble": "Palais du Louvre",
        "arrondissement": 1,
        "image_ref": 8532,
        "terme_jantzen_bat": [
          "cariatide",
          "sculpture",
          "toiture"
        ]
      }
    },
    {
      "type": "Feature",
      "geometry": {
        "type": "Point",
        "coordinates": [
          2.3324427567307957,
          48.860645752070646
        ]
      },
      "properties": {
        "id_bat": 35,
        "libelle": "Pavillon des Sessions",
        "ensemble": "Palais du Louvre",
        "arrondissement": 1,
        "image_ref": 8661,
        "terme_jantzen_bat": [
          "sculpture"
        ]
      }
    },
    {
      "type": "Feature",
      "geometry": {
        "type": "Point",
        "coordinates": [
          2.3345040867598157,
          48.86063053109112
        ]
      },
      "properties": {
        "id_bat": 36,
        "libelle": "Pavillon Mollien",
        "ensemble": "Palais du Louvre",
        "arrondissement": 1,
        "image_ref": 8605,
        "terme_jantzen_bat": [
          "cariatide",
          "fenetre",
          "fronton",
          "lucarne",
          "sculpture"
        ]
      }
    },
    {
      "type": "Feature",
      "geometry": {
        "type": "Point",
        "coordinates": [
          2.336207448267873,
          48.86163959734907
        ]
      },
      "properties": {
        "id_bat": 37,
        "libelle": "Pavillon Richelieu",
        "ensemble": "Palais du Louvre",
        "arrondissement": 1,
        "image_ref": 8611,
        "terme_jantzen_bat": [
          "cariatide",
          "colonne",
          "fenetre",
          "fronton",
          "sculpture"
        ]
      }
    },
    {
      "type": "Feature",
      "geometry": {
        "type": "Point",
        "coordinates": [
          2.339471,
          48.860171
        ]
      },
      "properties": {
        "id_bat": 38,
        "libelle": "Pavillon Saint-Germain-l'Auxerrois ",
        "ensemble": "Palais du Louvre",
        "arrondissement": 1,
        "image_ref": 8743,
        "terme_jantzen_bat": [
          "clé",
          "colonne",
          "façade",
          "fronton",
          "oeil-de-boeuf",
          "porte-bois",
          "sculpture"
        ]
      }
    },
    {
      "type": "Feature",
      "geometry": {
        "type": "Point",
        "coordinates": [
          2.33769444,
          48.86061389
        ]
      },
      "properties": {
        "id_bat": 39,
        "libelle": "Pavillon Sully",
        "ensemble": "Palais du Louvre",
        "arrondissement": 1,
        "image_ref": 8529,
        "terme_jantzen_bat": [
          "cariatide",
          "façade",
          "fenetre",
          "fronton",
          "sculpture",
          "toiture"
        ]
      }
    },
    {
      "type": "Feature",
      "geometry": {
        "type": "Point",
        "coordinates": [
          2.3352185510110437,
          48.8618674613525
        ]
      },
      "properties": {
        "id_bat": 40,
        "libelle": "Pavillon Turgot",
        "ensemble": "Palais du Louvre",
        "arrondissement": 1,
        "image_ref": 8623,
        "terme_jantzen_bat": [
          "cariatide",
          "colonne",
          "façade",
          "fenetre",
          "fronton",
          "lucarne",
          "sculpture",
          "toiture"
        ]
      }
    },
    {
      "type": "Feature",
      "geometry": {
        "type": "Point",
        "coordinates": [
          2.3351937499815145,
          48.85985826358497
        ]
      },
      "properties": {
        "id_bat": 41,
        "libelle": "Porte Barbet-de-Jouy ",
        "ensemble": "Palais du Louvre",
        "arrondissement": 1,
        "image_ref": 8664,
        "terme_jantzen_bat": [
          "balcon",
          "colonne",
          "façade",
          "fenetre",
          "fronton",
          "loggia",
          "porte",
          "porte-bois",
          "sculpture"
        ]
      }
    },
    {
      "type": "Feature",
      "geometry": {
        "type": "Point",
        "coordinates": [
          2.33817,
          48.859622
        ]
      },
      "properties": {
        "id_bat": 42,
        "libelle": "Porte des Arts",
        "ensemble": "Palais du Louvre",
        "arrondissement": 1,
        "image_ref": 8672,
        "terme_jantzen_bat": [
          "façade",
          "fenetre",
          "fronton",
          "pilastre",
          "porte",
          "sculpture"
        ]
      }
    },
    {
      "type": "Feature",
      "geometry": {
        "type": "Point",
        "coordinates": [
          2.335277,
          48.860148
        ]
      },
      "properties": {
        "id_bat": 45,
        "libelle": "Salle du Manège",
        "ensemble": "Palais du Louvre",
        "arrondissement": 1,
        "image_ref": 8639,
        "terme_jantzen_bat": [
          "colonne",
          "intérieur"
        ]
      }
    },
    {
      "type": "Feature",
      "geometry": {
        "type": "Point",
        "coordinates": [
          2.3417,
          48.8398
        ]
      },
      "properties": {
        "id_bat": 46,
        "libelle": "Abbaye du Val-de-Grâce",
        "ensemble": "",
        "arrondissement": 5,
        "image_ref": 15717,
        "terme_jantzen_bat": [
          "colonne",
          "dome",
          "décor",
          "façade",
          "fenetre",
          "fronton",
          "lucarne",
          "oeil-de-boeuf",
          "porte-bois",
          "sculpture",
          "toiture",
          "voie"
        ]
      }
    },
    {
      "type": "Feature",
      "geometry": {
        "type": "Point",
        "coordinates": [
          2.29504,
          48.87378
        ]
      },
      "properties": {
        "id_bat": 47,
        "libelle": "Arc de Triomphe",
        "ensemble": "",
        "arrondissement": 8,
        "image_ref": 520,
        "terme_jantzen_bat": [
          "porte",
          "sculpture"
        ]
      }
    },
    {
      "type": "Feature",
      "geometry": {
        "type": "Point",
        "coordinates": [
          2.3827777777778,
          48.880277777778
        ]
      },
      "properties": {
        "id_bat": 50,
        "libelle": "Buttes-Chaumont",
        "ensemble": "",
        "arrondissement": 19,
        "image_ref": 1809,
        "terme_jantzen_bat": [
          "tourelle"
        ]
      }
    },
    {
      "type": "Feature",
      "geometry": {
        "type": "Point",
        "coordinates": [
          2.398516159071691,
          48.84837404777583
        ]
      },
      "properties": {
        "id_bat": 56,
        "libelle": "colonne Saint-Louis de la Barrière du Trône",
        "ensemble": "",
        "arrondissement": 11,
        "image_ref": 10190,
        "terme_jantzen_bat": [
          "colonne"
        ]
      }
    },
    {
      "type": "Feature",
      "geometry": {
        "type": "Point",
        "coordinates": [
          2.3455555555556,
          48.856388888889
        ]
      },
      "properties": {
        "id_bat": 57,
        "libelle": "Conciergerie",
        "ensemble": "",
        "arrondissement": 1,
        "image_ref": 6405,
        "terme_jantzen_bat": [
          "façade",
          "fenetre",
          "lucarne",
          "panoramique",
          "toiture",
          "tour",
          "tourelle"
        ]
      }
    },
    {
      "type": "Feature",
      "geometry": {
        "type": "Point",
        "coordinates": [
          2.3036111111111,
          48.8525
        ]
      },
      "properties": {
        "id_bat": 59,
        "libelle": "École militaire",
        "ensemble": "",
        "arrondissement": 7,
        "image_ref": 3954,
        "terme_jantzen_bat": [
          "colonne",
          "dome",
          "décor",
          "façade",
          "fenetre",
          "fronton",
          "lucarne",
          "oeil-de-boeuf",
          "porte",
          "sculpture",
          "toiture"
        ]
      }
    },
    {
      "type": "Feature",
      "geometry": {
        "type": "Point",
        "coordinates": [
          2.3386111111111,
          48.884444444444
        ]
      },
      "properties": {
        "id_bat": 60,
        "libelle": "Édicule de la station de Métro Abbesses",
        "ensemble": "",
        "arrondissement": 18,
        "image_ref": 57,
        "terme_jantzen_bat": [
          "porte-fer"
        ]
      }
    },
    {
      "type": "Feature",
      "geometry": {
        "type": "Point",
        "coordinates": [
          2.3314081609446666,
          48.877301423190914
        ]
      },
      "properties": {
        "id_bat": 61,
        "libelle": "Église de la Sainte-Trinité",
        "ensemble": "",
        "arrondissement": 9,
        "image_ref": 14145,
        "terme_jantzen_bat": [
          "façade",
          "tourelle"
        ]
      }
    },
    {
      "type": "Feature",
      "geometry": {
        "type": "Point",
        "coordinates": [
          2.35779,
          48.85896
        ]
      },
      "properties": {
        "id_bat": 62,
        "libelle": "Église Notre-Dame-des-Blancs-Manteaux ",
        "ensemble": "",
        "arrondissement": 4,
        "image_ref": 10205,
        "terme_jantzen_bat": [
          "tourelle"
        ]
      }
    },
    {
      "type": "Feature",
      "geometry": {
        "type": "Point",
        "coordinates": [
          2.345,
          48.863333333333
        ]
      },
      "properties": {
        "id_bat": 63,
        "libelle": "Église Saint Eustache",
        "ensemble": "",
        "arrondissement": 2,
        "image_ref": 14147,
        "terme_jantzen_bat": [
          "toiture",
          "tourelle"
        ]
      }
    },
    {
      "type": "Feature",
      "geometry": {
        "type": "Point",
        "coordinates": [
          2.318917227874554,
          48.8762209215312
        ]
      },
      "properties": {
        "id_bat": 64,
        "libelle": "Église Saint-Augustin",
        "ensemble": "",
        "arrondissement": 8,
        "image_ref": 13975,
        "terme_jantzen_bat": [
          "dome",
          "lucarne",
          "tourelle"
        ]
      }
    },
    {
      "type": "Feature",
      "geometry": {
        "type": "Point",
        "coordinates": [
          2.354444,
          48.855556
        ]
      },
      "properties": {
        "id_bat": 65,
        "libelle": "Église Saint-Gervais-Saint-Protais ",
        "ensemble": "",
        "arrondissement": 4,
        "image_ref": 14424,
        "terme_jantzen_bat": [
          "colonne",
          "fenetre",
          "fronton",
          "pignon",
          "porte-bois"
        ]
      }
    },
    {
      "type": "Feature",
      "geometry": {
        "type": "Point",
        "coordinates": [
          2.3378833333333,
          48.884105555556
        ]
      },
      "properties": {
        "id_bat": 66,
        "libelle": "Église Saint-Jean de Montmartre",
        "ensemble": "",
        "arrondissement": 18,
        "image_ref": 52,
        "terme_jantzen_bat": [
          "brique",
          "façade",
          "mosaique",
          "toiture"
        ]
      }
    },
    {
      "type": "Feature",
      "geometry": {
        "type": "Point",
        "coordinates": [
          2.39796,
          48.85522
        ]
      },
      "properties": {
        "id_bat": 67,
        "libelle": "Église Saint-Jean-Bosco",
        "ensemble": "",
        "arrondissement": 20,
        "image_ref": 14535,
        "terme_jantzen_bat": [
          "façade",
          "tour"
        ]
      }
    },
    {
      "type": "Feature",
      "geometry": {
        "type": "Point",
        "coordinates": [
          2.29825,
          48.8396
        ]
      },
      "properties": {
        "id_bat": 68,
        "libelle": "Église Saint-Lambert de Vaugirard",
        "ensemble": "",
        "arrondissement": 15,
        "image_ref": 5338,
        "terme_jantzen_bat": [
          "façade",
          "lucarne",
          "toiture"
        ]
      }
    },
    {
      "type": "Feature",
      "geometry": {
        "type": "Point",
        "coordinates": [
          2.3583111111111,
          48.874847222222
        ]
      },
      "properties": {
        "id_bat": 69,
        "libelle": "Église Saint-Laurent ",
        "ensemble": "",
        "arrondissement": 10,
        "image_ref": 4003,
        "terme_jantzen_bat": [
          "façade"
        ]
      }
    },
    {
      "type": "Feature",
      "geometry": {
        "type": "Point",
        "coordinates": [
          2.2965805555555554,
          48.85093611111111
        ]
      },
      "properties": {
        "id_bat": 70,
        "libelle": "Église Saint-Léon",
        "ensemble": "",
        "arrondissement": 15,
        "image_ref": 14595,
        "terme_jantzen_bat": [
          "toiture"
        ]
      }
    },
    {
      "type": "Feature",
      "geometry": {
        "type": "Point",
        "coordinates": [
          2.3502777777778,
          48.849166666667
        ]
      },
      "properties": {
        "id_bat": 71,
        "libelle": "Église Saint-Nicolas-du-Chardonnet",
        "ensemble": "",
        "arrondissement": 5,
        "image_ref": 1194,
        "terme_jantzen_bat": [
          "dome",
          "tourelle"
        ]
      }
    },
    {
      "type": "Feature",
      "geometry": {
        "type": "Point",
        "coordinates": [
          2.3615583333333,
          48.854672222222
        ]
      },
      "properties": {
        "id_bat": 72,
        "libelle": "Église Saint-Paul-Saint-Louis",
        "ensemble": "",
        "arrondissement": 4,
        "image_ref": 14837,
        "terme_jantzen_bat": [
          "dome",
          "voie"
        ]
      }
    },
    {
      "type": "Feature",
      "geometry": {
        "type": "Point",
        "coordinates": [
          2.332608,
          48.865327
        ]
      },
      "properties": {
        "id_bat": 73,
        "libelle": "Église Saint-Roch",
        "ensemble": "",
        "arrondissement": 1,
        "image_ref": 14884,
        "terme_jantzen_bat": [
          "dome",
          "intérieur"
        ]
      }
    },
    {
      "type": "Feature",
      "geometry": {
        "type": "Point",
        "coordinates": [
          2.334923,
          48.851002
        ]
      },
      "properties": {
        "id_bat": 74,
        "libelle": "Église Saint-Sulpice",
        "ensemble": "",
        "arrondissement": 6,
        "image_ref": 14900,
        "terme_jantzen_bat": [
          "dome",
          "façade",
          "oeil-de-boeuf",
          "sculpture"
        ]
      }
    },
    {
      "type": "Feature",
      "geometry": {
        "type": "Point",
        "coordinates": [
          2.351667,
          48.878889
        ]
      },
      "properties": {
        "id_bat": 75,
        "libelle": "Église Saint-Vincent-de-Paul",
        "ensemble": "",
        "arrondissement": 10,
        "image_ref": 4978,
        "terme_jantzen_bat": [
          "clé",
          "colonne",
          "façade",
          "porte-fer",
          "sculpture"
        ]
      }
    },
    {
      "type": "Feature",
      "geometry": {
        "type": "Point",
        "coordinates": [
          2.34244,
          48.8852
        ]
      },
      "properties": {
        "id_bat": 76,
        "libelle": "Escaliers de Montmartre",
        "ensemble": "",
        "arrondissement": 18,
        "image_ref": 13326,
        "terme_jantzen_bat": [
          "voie"
        ]
      }
    },
    {
      "type": "Feature",
      "geometry": {
        "type": "Point",
        "coordinates": [
          2.3480111111111,
          48.86065
        ]
      },
      "properties": {
        "id_bat": 78,
        "libelle": "Fontaine des Innocents",
        "ensemble": "",
        "arrondissement": 1,
        "image_ref": 4717,
        "terme_jantzen_bat": [
          "clé",
          "décor",
          "façade",
          "sculpture"
        ]
      }
    },
    {
      "type": "Feature",
      "geometry": {
        "type": "Point",
        "coordinates": [
          2.35498,
          48.8676
        ]
      },
      "properties": {
        "id_bat": 79,
        "libelle": "Fontaine du Vert bois",
        "ensemble": "",
        "arrondissement": 3,
        "image_ref": 14617,
        "terme_jantzen_bat": [
          "décor",
          "sculpture"
        ]
      }
    },
    {
      "type": "Feature",
      "geometry": {
        "type": "Point",
        "coordinates": [
          2.33666667,
          48.86527778
        ]
      },
      "properties": {
        "id_bat": 80,
        "libelle": "Fontaine Molière",
        "ensemble": "",
        "arrondissement": 1,
        "image_ref": 13039,
        "terme_jantzen_bat": [
          "colonne",
          "fronton",
          "sculpture"
        ]
      }
    },
    {
      "type": "Feature",
      "geometry": {
        "type": "Point",
        "coordinates": [
          2.3437,
          48.85314444
        ]
      },
      "properties": {
        "id_bat": 81,
        "libelle": "Fontaine Saint-Michel",
        "ensemble": "",
        "arrondissement": 6,
        "image_ref": 14807,
        "terme_jantzen_bat": [
          "colonne",
          "décor",
          "façade-d'angle",
          "fronton",
          "pignon",
          "sculpture"
        ]
      }
    },
    {
      "type": "Feature",
      "geometry": {
        "type": "Point",
        "coordinates": [
          2.3658333333333,
          48.842222222222
        ]
      },
      "properties": {
        "id_bat": 82,
        "libelle": "Gare d'Austerlitz",
        "ensemble": "",
        "arrondissement": 13,
        "image_ref": 5113,
        "terme_jantzen_bat": [
          "lucarne"
        ]
      }
    },
    {
      "type": "Feature",
      "geometry": {
        "type": "Point",
        "coordinates": [
          2.3591666666667,
          48.876944444444
        ]
      },
      "properties": {
        "id_bat": 83,
        "libelle": "Gare de l'Est",
        "ensemble": "",
        "arrondissement": 10,
        "image_ref": 5115,
        "terme_jantzen_bat": [
          "fenetre",
          "intérieur",
          "métal",
          "sculpture",
          "verrière"
        ]
      }
    },
    {
      "type": "Feature",
      "geometry": {
        "type": "Point",
        "coordinates": [
          2.3740659075147,
          48.844704545066
        ]
      },
      "properties": {
        "id_bat": 84,
        "libelle": "Gare de Lyon",
        "ensemble": "",
        "arrondissement": 12,
        "image_ref": 5120,
        "terme_jantzen_bat": [
          "balcon",
          "console",
          "décor",
          "fenetre",
          "lucarne",
          "sculpture",
          "tour"
        ]
      }
    },
    {
      "type": "Feature",
      "geometry": {
        "type": "Point",
        "coordinates": [
          2.3244444444444,
          48.876944444444
        ]
      },
      "properties": {
        "id_bat": 85,
        "libelle": "Gare Saint-Lazare",
        "ensemble": "",
        "arrondissement": 8,
        "image_ref": 5134,
        "terme_jantzen_bat": [
          "fenetre",
          "fronton",
          "lucarne",
          "métal",
          "oeil-de-boeuf",
          "toiture",
          "tourelle",
          "verrière"
        ]
      }
    },
    {
      "type": "Feature",
      "geometry": {
        "type": "Point",
        "coordinates": [
          2.3125,
          48.86611
        ]
      },
      "properties": {
        "id_bat": 86,
        "libelle": "Grand Palais",
        "ensemble": "",
        "arrondissement": 8,
        "image_ref": 5455,
        "terme_jantzen_bat": [
          "balcon",
          "colonne",
          "dome",
          "façade",
          "façade-d'angle",
          "fenetre",
          "intérieur",
          "mosaique",
          "métal",
          "panoramique",
          "pont",
          "porte",
          "porte-fer",
          "sculpture",
          "toiture",
          "tourelle",
          "verrière",
          "voie"
        ]
      }
    },
    {
      "type": "Feature",
      "geometry": {
        "type": "Point",
        "coordinates": [
          2.3108333333333,
          48.866111111111
        ]
      },
      "properties": {
        "id_bat": 87,
        "libelle": "Grand Palais - Palais de la Découverte",
        "ensemble": "",
        "arrondissement": 8,
        "image_ref": 5549,
        "terme_jantzen_bat": [
          "colonne",
          "céramique",
          "dome",
          "décor",
          "façade",
          "fenetre",
          "intérieur",
          "panoramique",
          "pilastre",
          "porte",
          "porte-bois",
          "porte-fer",
          "sculpture",
          "verrière"
        ]
      }
    },
    {
      "type": "Feature",
      "geometry": {
        "type": "Point",
        "coordinates": [
          2.347725,
          48.870502777778
        ]
      },
      "properties": {
        "id_bat": 88,
        "libelle": "Grand Rex",
        "ensemble": "",
        "arrondissement": 2,
        "image_ref": 11809,
        "terme_jantzen_bat": [
          "dome",
          "façade-d'angle"
        ]
      }
    },
    {
      "type": "Feature",
      "geometry": {
        "type": "Point",
        "coordinates": [
          2.355,
          48.841944444444
        ]
      },
      "properties": {
        "id_bat": 89,
        "libelle": "Grande mosquée de Paris",
        "ensemble": "",
        "arrondissement": 5,
        "image_ref": 5297,
        "terme_jantzen_bat": [
          "céramique",
          "dome",
          "fenetre",
          "mosaique",
          "porte-bois",
          "toiture",
          "tour"
        ]
      }
    },
    {
      "type": "Feature",
      "geometry": {
        "type": "Point",
        "coordinates": [
          2.38111,
          48.8297
        ]
      },
      "properties": {
        "id_bat": 90,
        "libelle": "Grands Moulins",
        "ensemble": "",
        "arrondissement": 1,
        "image_ref": 5660,
        "terme_jantzen_bat": [
          "façade",
          "fenetre"
        ]
      }
    },
    {
      "type": "Feature",
      "geometry": {
        "type": "Point",
        "coordinates": [
          2.365,
          48.837
        ]
      },
      "properties": {
        "id_bat": 92,
        "libelle": "Hôpital de la Pitié Salpêtrière",
        "ensemble": "",
        "arrondissement": 13,
        "image_ref": 11760,
        "terme_jantzen_bat": [
          "colonne",
          "dome",
          "façade",
          "fenetre",
          "fronton",
          "lucarne",
          "oeil-de-boeuf",
          "panoramique",
          "porte",
          "sculpture",
          "toiture",
          "tourelle"
        ]
      }
    },
    {
      "type": "Feature",
      "geometry": {
        "type": "Point",
        "coordinates": [
          2.35305556,
          48.88305556
        ]
      },
      "properties": {
        "id_bat": 93,
        "libelle": "Hôpital Lariboisière",
        "ensemble": "",
        "arrondissement": 10,
        "image_ref": 274,
        "terme_jantzen_bat": [
          "colonne",
          "façade",
          "fronton",
          "porte",
          "sculpture"
        ]
      }
    },
    {
      "type": "Feature",
      "geometry": {
        "type": "Point",
        "coordinates": [
          2.3683333333333,
          48.874722222222
        ]
      },
      "properties": {
        "id_bat": 94,
        "libelle": "Hôpital Saint-Louis",
        "ensemble": "",
        "arrondissement": 10,
        "image_ref": 6380,
        "terme_jantzen_bat": [
          "brique",
          "façade",
          "façade-d'angle",
          "fenetre",
          "fronton",
          "lucarne",
          "lucarne-d'angle",
          "porte",
          "toiture"
        ]
      }
    },
    {
      "type": "Feature",
      "geometry": {
        "type": "Point",
        "coordinates": [
          2.3433333333333,
          48.850555555556
        ]
      },
      "properties": {
        "id_bat": 95,
        "libelle": "Hôtel de Cluny",
        "ensemble": "",
        "arrondissement": 5,
        "image_ref": 2709,
        "terme_jantzen_bat": [
          "colonne",
          "façade",
          "fenetre",
          "intérieur",
          "lucarne",
          "porte-bois",
          "sculpture",
          "toiture",
          "tour",
          "tourelle"
        ]
      }
    },
    {
      "type": "Feature",
      "geometry": {
        "type": "Point",
        "coordinates": [
          2.3230833333333,
          48.866777777778
        ]
      },
      "properties": {
        "id_bat": 96,
        "libelle": "Hôtel de la Marine",
        "ensemble": "",
        "arrondissement": 8,
        "image_ref": 2862,
        "terme_jantzen_bat": [
          "colonne",
          "façade",
          "fenetre",
          "panoramique"
        ]
      }
    },
    {
      "type": "Feature",
      "geometry": {
        "type": "Point",
        "coordinates": [
          2.352222,
          48.856389
        ]
      },
      "properties": {
        "id_bat": 97,
        "libelle": "Hôtel de Ville",
        "ensemble": "",
        "arrondissement": 4,
        "image_ref": 6507,
        "terme_jantzen_bat": [
          "cariatide",
          "colonne",
          "décor",
          "façade",
          "fenetre",
          "fronton",
          "lucarne",
          "mosaique",
          "oeil-de-boeuf",
          "porte-bois",
          "porte-fer",
          "sculpture",
          "toiture",
          "tourelle"
        ]
      }
    },
    {
      "type": "Feature",
      "geometry": {
        "type": "Point",
        "coordinates": [
          2.357208,
          48.86324
        ]
      },
      "properties": {
        "id_bat": 98,
        "libelle": "Hôtel Passart",
        "ensemble": "",
        "arrondissement": 3,
        "image_ref": 2307,
        "terme_jantzen_bat": [
          "façade",
          "fenetre",
          "fronton",
          "lucarne"
        ]
      }
    },
    {
      "type": "Feature",
      "geometry": {
        "type": "Point",
        "coordinates": [
          2.3369444444444,
          48.857222222222
        ]
      },
      "properties": {
        "id_bat": 100,
        "libelle": "Institut de France",
        "ensemble": "",
        "arrondissement": 6,
        "image_ref": 6625,
        "terme_jantzen_bat": [
          "colonne",
          "dome",
          "façade",
          "fenetre",
          "fronton",
          "lucarne",
          "oeil-de-boeuf",
          "pilastre",
          "pont",
          "porte",
          "porte-bois",
          "sculpture",
          "toiture",
          "tourelle"
        ]
      }
    },
    {
      "type": "Feature",
      "geometry": {
        "type": "Point",
        "coordinates": [
          2.38833,
          48.8408
        ]
      },
      "properties": {
        "id_bat": 105,
        "libelle": "Mairie du 12e arrondissement",
        "ensemble": "",
        "arrondissement": 12,
        "image_ref": 8997,
        "terme_jantzen_bat": [
          "lucarne",
          "oeil-de-boeuf",
          "toiture",
          "tourelle"
        ]
      }
    },
    {
      "type": "Feature",
      "geometry": {
        "type": "Point",
        "coordinates": [
          2.39905,
          48.865
        ]
      },
      "properties": {
        "id_bat": 106,
        "libelle": "mairie du 20e arrondissement",
        "ensemble": "",
        "arrondissement": 20,
        "image_ref": 5092,
        "terme_jantzen_bat": [
          "tourelle"
        ]
      }
    },
    {
      "type": "Feature",
      "geometry": {
        "type": "Point",
        "coordinates": [
          2.35611,
          48.8561
        ]
      },
      "properties": {
        "id_bat": 107,
        "libelle": "Mairie du 4e arrondissement (ancienne)",
        "ensemble": "",
        "arrondissement": 4,
        "image_ref": 879,
        "terme_jantzen_bat": [
          "colonne",
          "façade",
          "fenetre",
          "fronton",
          "lucarne",
          "pilastre"
        ]
      }
    },
    {
      "type": "Feature",
      "geometry": {
        "type": "Point",
        "coordinates": [
          2.326527,
          48.859972
        ]
      },
      "properties": {
        "id_bat": 108,
        "libelle": "Musée d'Orsay",
        "ensemble": "",
        "arrondissement": 7,
        "image_ref": 10917,
        "terme_jantzen_bat": [
          "dome",
          "décor",
          "façade",
          "fenetre",
          "fenetre-d'angle",
          "fronton",
          "lucarne",
          "lucarne-d'angle",
          "métal",
          "pilastre",
          "sculpture",
          "toiture",
          "tourelle",
          "verrière"
        ]
      }
    },
    {
      "type": "Feature",
      "geometry": {
        "type": "Point",
        "coordinates": [
          2.3498,
          48.853
        ]
      },
      "properties": {
        "id_bat": 109,
        "libelle": "Notre-Dame de Paris",
        "ensemble": "",
        "arrondissement": 4,
        "image_ref": 10316,
        "terme_jantzen_bat": [
          "colonne",
          "façade",
          "fenetre",
          "intérieur",
          "lucarne",
          "pilastre",
          "porte-bois",
          "sculpture",
          "toiture",
          "verrière"
        ]
      }
    },
    {
      "type": "Feature",
      "geometry": {
        "type": "Point",
        "coordinates": [
          2.337833333333333,
          48.87108333333333
        ]
      },
      "properties": {
        "id_bat": 111,
        "libelle": "Opéra Comique",
        "ensemble": "",
        "arrondissement": 2,
        "image_ref": 10621,
        "terme_jantzen_bat": [
          "cariatide",
          "colonne",
          "console",
          "décor",
          "façade",
          "fenetre",
          "porte-bois",
          "porte-fer",
          "sculpture"
        ]
      }
    },
    {
      "type": "Feature",
      "geometry": {
        "type": "Point",
        "coordinates": [
          2.318681,
          48.862072
        ]
      },
      "properties": {
        "id_bat": 112,
        "libelle": "Palais Bourbon",
        "ensemble": "",
        "arrondissement": 7,
        "image_ref": 615,
        "terme_jantzen_bat": [
          "colonne",
          "façade",
          "fronton",
          "sculpture"
        ]
      }
    },
    {
      "type": "Feature",
      "geometry": {
        "type": "Point",
        "coordinates": [
          2.345051,
          48.855722
        ]
      },
      "properties": {
        "id_bat": 113,
        "libelle": "Palais de Justice",
        "ensemble": "",
        "arrondissement": 1,
        "image_ref": 6486,
        "terme_jantzen_bat": [
          "colonne",
          "dome",
          "façade",
          "fenetre",
          "fronton",
          "pilastre",
          "porte-fer",
          "sculpture"
        ]
      }
    },
    {
      "type": "Feature",
      "geometry": {
        "type": "Point",
        "coordinates": [
          2.324444,
          48.860361
        ]
      },
      "properties": {
        "id_bat": 114,
        "libelle": "Palais de la Légion d'Honneur",
        "ensemble": "",
        "arrondissement": 7,
        "image_ref": 8280,
        "terme_jantzen_bat": [
          "cariatide",
          "clé",
          "colonne",
          "façade",
          "porte",
          "porte-fer",
          "sculpture"
        ]
      }
    },
    {
      "type": "Feature",
      "geometry": {
        "type": "Point",
        "coordinates": [
          2.3375,
          48.848333333333
        ]
      },
      "properties": {
        "id_bat": 115,
        "libelle": "Palais du Luxembourg",
        "ensemble": "",
        "arrondissement": 6,
        "image_ref": 11024,
        "terme_jantzen_bat": [
          "cariatide",
          "colonne",
          "dome",
          "décor",
          "façade",
          "fenetre",
          "fronton",
          "porte",
          "sculpture"
        ]
      }
    },
    {
      "type": "Feature",
      "geometry": {
        "type": "Point",
        "coordinates": [
          2.3369444444444,
          48.863333333333
        ]
      },
      "properties": {
        "id_bat": 116,
        "libelle": "Palais Royal",
        "ensemble": "",
        "arrondissement": 1,
        "image_ref": 11077,
        "terme_jantzen_bat": [
          "balcon",
          "colonne",
          "décor",
          "façade",
          "fenetre",
          "fronton",
          "lucarne",
          "pilastre",
          "sculpture",
          "toiture"
        ]
      }
    },
    {
      "type": "Feature",
      "geometry": {
        "type": "Point",
        "coordinates": [
          2.3461054,
          48.846198
        ]
      },
      "properties": {
        "id_bat": 117,
        "libelle": "Panthéon",
        "ensemble": "",
        "arrondissement": 5,
        "image_ref": 11105,
        "terme_jantzen_bat": [
          "colonne",
          "dome",
          "fenetre",
          "tourelle"
        ]
      }
    },
    {
      "type": "Feature",
      "geometry": {
        "type": "Point",
        "coordinates": [
          2.30923,
          48.8794
        ]
      },
      "properties": {
        "id_bat": 122,
        "libelle": "Parc Monceau",
        "ensemble": "",
        "arrondissement": 8,
        "image_ref": 11138,
        "terme_jantzen_bat": [
          "colonne",
          "dome",
          "façade",
          "porte-fer"
        ]
      }
    },
    {
      "type": "Feature",
      "geometry": {
        "type": "Point",
        "coordinates": [
          2.3145555555555557,
          48.86602777777778
        ]
      },
      "properties": {
        "id_bat": 123,
        "libelle": "Petit Palais",
        "ensemble": "",
        "arrondissement": 8,
        "image_ref": 11455,
        "terme_jantzen_bat": [
          "cariatide",
          "clé",
          "colonne",
          "console",
          "dome",
          "décor",
          "façade",
          "fenetre",
          "fronton",
          "garde-corps",
          "intérieur",
          "lucarne",
          "oeil-de-boeuf",
          "panoramique",
          "pilastre",
          "porte",
          "porte-fer",
          "sculpture",
          "toiture",
          "tourelle"
        ]
      }
    },
    {
      "type": "Feature",
      "geometry": {
        "type": "Point",
        "coordinates": [
          2.31361,
          48.86361
        ]
      },
      "properties": {
        "id_bat": 125,
        "libelle": "Pont Alexandre-III",
        "ensemble": "",
        "arrondissement": 8,
        "image_ref": 7967,
        "terme_jantzen_bat": [
          "décor",
          "pont",
          "porte-fer",
          "sculpture",
          "tour"
        ]
      }
    },
    {
      "type": "Feature",
      "geometry": {
        "type": "Point",
        "coordinates": [
          2.332922,
          48.859392
        ]
      },
      "properties": {
        "id_bat": 129,
        "libelle": "Pont du Carrousel",
        "ensemble": "",
        "arrondissement": 6,
        "image_ref": 2009,
        "terme_jantzen_bat": [
          "pont",
          "sculpture"
        ]
      }
    },
    {
      "type": "Feature",
      "geometry": {
        "type": "Point",
        "coordinates": [
          2.341666666666667,
          48.8575
        ]
      },
      "properties": {
        "id_bat": 130,
        "libelle": "Pont neuf",
        "ensemble": "",
        "arrondissement": 1,
        "image_ref": 8010,
        "terme_jantzen_bat": [
          "console",
          "décor",
          "pont",
          "sculpture",
          "tour"
        ]
      }
    },
    {
      "type": "Feature",
      "geometry": {
        "type": "Point",
        "coordinates": [
          2.3525,
          48.869722
        ]
      },
      "properties": {
        "id_bat": 132,
        "libelle": "Porte Saint-Denis",
        "ensemble": "",
        "arrondissement": 10,
        "image_ref": 14041,
        "terme_jantzen_bat": [
          "façade",
          "pont",
          "porte",
          "sculpture"
        ]
      }
    },
    {
      "type": "Feature",
      "geometry": {
        "type": "Point",
        "coordinates": [
          2.355601,
          48.869171
        ]
      },
      "properties": {
        "id_bat": 133,
        "libelle": "Porte Saint-Martin",
        "ensemble": "",
        "arrondissement": 10,
        "image_ref": 14718,
        "terme_jantzen_bat": [
          "façade",
          "porte",
          "sculpture"
        ]
      }
    },
    {
      "type": "Feature",
      "geometry": {
        "type": "Point",
        "coordinates": [
          2.36944444,
          48.88333333
        ]
      },
      "properties": {
        "id_bat": 134,
        "libelle": "Rotonde de La Villette",
        "ensemble": "",
        "arrondissement": 19,
        "image_ref": 13272,
        "terme_jantzen_bat": [
          "colonne",
          "façade",
          "fenetre"
        ]
      }
    },
    {
      "type": "Feature",
      "geometry": {
        "type": "Point",
        "coordinates": [
          2.34295,
          48.88665
        ]
      },
      "properties": {
        "id_bat": 135,
        "libelle": "Sacré-Cœur",
        "ensemble": "",
        "arrondissement": 18,
        "image_ref": 13318,
        "terme_jantzen_bat": [
          "dome",
          "façade",
          "sculpture",
          "tour"
        ]
      }
    },
    {
      "type": "Feature",
      "geometry": {
        "type": "Point",
        "coordinates": [
          2.345028,
          48.855369
        ]
      },
      "properties": {
        "id_bat": 136,
        "libelle": "Sainte-Chapelle",
        "ensemble": "",
        "arrondissement": 1,
        "image_ref": 14113,
        "terme_jantzen_bat": [
          "décor",
          "façade",
          "fenetre",
          "intérieur",
          "sculpture",
          "toiture",
          "tourelle",
          "verrière"
        ]
      }
    },
    {
      "type": "Feature",
      "geometry": {
        "type": "Point",
        "coordinates": [
          2.34208,
          48.85889
        ]
      },
      "properties": {
        "id_bat": 137,
        "libelle": "Samaritaine",
        "ensemble": "",
        "arrondissement": 1,
        "image_ref": 8787,
        "terme_jantzen_bat": [
          "balcon",
          "décor",
          "façade",
          "façade-d'angle",
          "fenetre",
          "fenetre-d'angle",
          "lucarne",
          "sculpture",
          "verrière"
        ]
      }
    },
    {
      "type": "Feature",
      "geometry": {
        "type": "Point",
        "coordinates": [
          2.34356,
          48.84864
        ]
      },
      "properties": {
        "id_bat": 138,
        "libelle": "Sorbonne",
        "ensemble": "",
        "arrondissement": 5,
        "image_ref": 13721,
        "terme_jantzen_bat": [
          "colonne",
          "dome",
          "décor",
          "façade",
          "fenetre",
          "fronton",
          "lucarne",
          "oeil-de-boeuf",
          "pilastre",
          "porte-bois",
          "sculpture",
          "toiture",
          "tour",
          "tourelle"
        ]
      }
    },
    {
      "type": "Feature",
      "geometry": {
        "type": "Point",
        "coordinates": [
          2.3411111111111,
          48.865833333333
        ]
      },
      "properties": {
        "id_bat": 140,
        "libelle": "statue équestre de Louis XIV",
        "ensemble": "",
        "arrondissement": 2,
        "image_ref": 16255,
        "terme_jantzen_bat": [
          "sculpture",
          "voie"
        ]
      }
    },
    {
      "type": "Feature",
      "geometry": {
        "type": "Point",
        "coordinates": [
          2.329,
          48.8719
        ]
      },
      "properties": {
        "id_bat": 141,
        "libelle": "Théâtre de l'Athénée-Louis-Jouvet",
        "ensemble": "",
        "arrondissement": 9,
        "image_ref": 10832,
        "terme_jantzen_bat": [
          "façade",
          "fenetre",
          "marquise",
          "porte-fer",
          "verrière"
        ]
      }
    },
    {
      "type": "Feature",
      "geometry": {
        "type": "Point",
        "coordinates": [
          2.3285,
          48.881
        ]
      },
      "properties": {
        "id_bat": 142,
        "libelle": "Théâtre de l'Œuvre",
        "ensemble": "",
        "arrondissement": 9,
        "image_ref": 9888,
        "terme_jantzen_bat": [
          "décor",
          "fenetre",
          "oeil-de-boeuf",
          "sculpture"
        ]
      }
    },
    {
      "type": "Feature",
      "geometry": {
        "type": "Point",
        "coordinates": [
          2.294479,
          48.858296
        ]
      },
      "properties": {
        "id_bat": 143,
        "libelle": "Tour Eiffel",
        "ensemble": "",
        "arrondissement": 1,
        "image_ref": 7997,
        "terme_jantzen_bat": [
          "pont",
          "tour"
        ]
      }
    },
    {
      "type": "Feature",
      "geometry": {
        "type": "Point",
        "coordinates": [
          2.3487777777778,
          48.857763888889
        ]
      },
      "properties": {
        "id_bat": 144,
        "libelle": "Tour Saint-Jacques",
        "ensemble": "",
        "arrondissement": 4,
        "image_ref": 15432,
        "terme_jantzen_bat": [
          "sculpture",
          "tour"
        ]
      }
    },
    {
      "type": "Feature",
      "geometry": {
        "type": "Point",
        "coordinates": [
          2.34681,
          48.8557
        ]
      },
      "properties": {
        "id_bat": 145,
        "libelle": "Tribunal de commerce de Paris ",
        "ensemble": "",
        "arrondissement": 4,
        "image_ref": 8054,
        "terme_jantzen_bat": [
          "façade",
          "pont"
        ]
      }
    },
    {
      "type": "Feature",
      "geometry": {
        "type": "Point",
        "coordinates": [
          2.28927,
          48.876292
        ]
      },
      "properties": {
        "id_bat": 156,
        "libelle": "1 à 2 rue Villaret-de-Joyeuse",
        "ensemble": "",
        "arrondissement": 17,
        "image_ref": 16535,
        "terme_jantzen_bat": [
          "dome",
          "façade",
          "façade-d'angle",
          "fenetre-d'angle",
          "voie"
        ]
      }
    },
    {
      "type": "Feature",
      "geometry": {
        "type": "Point",
        "coordinates": [
          2.337645,
          48.844
        ]
      },
      "properties": {
        "id_bat": 161,
        "libelle": "1 avenue de l'Observatoire",
        "ensemble": "",
        "arrondissement": 6,
        "image_ref": 10468,
        "terme_jantzen_bat": [
          "balcon",
          "cariatide",
          "chimère",
          "clé",
          "colonne",
          "console",
          "décor",
          "façade-d'angle",
          "fenetre",
          "fenetre-d'angle",
          "lucarne-d'angle",
          "oriel",
          "porte-bois",
          "sculpture",
          "toiture"
        ]
      }
    },
    {
      "type": "Feature",
      "geometry": {
        "type": "Point",
        "coordinates": [
          2.300306,
          48.864782
        ]
      },
      "properties": {
        "id_bat": 164,
        "libelle": "1 avenue du Président-Wilson",
        "ensemble": "",
        "arrondissement": 16,
        "image_ref": 11996,
        "terme_jantzen_bat": [
          "décor",
          "façade",
          "façade-d'angle",
          "fenetre",
          "fenetre-d'angle",
          "lucarne",
          "lucarne-d'angle",
          "sculpture",
          "toiture"
        ]
      }
    },
    {
      "type": "Feature",
      "geometry": {
        "type": "Point",
        "coordinates": [
          2.294143,
          48.878974
        ]
      },
      "properties": {
        "id_bat": 166,
        "libelle": "1 avenue Niel",
        "ensemble": "",
        "arrondissement": 17,
        "image_ref": 10249,
        "terme_jantzen_bat": [
          "balcon",
          "colonne",
          "décor",
          "façade-d'angle",
          "fenetre",
          "fenetre-d'angle",
          "lucarne-d'angle",
          "porte-fer",
          "sculpture"
        ]
      }
    },
    {
      "type": "Feature",
      "geometry": {
        "type": "Point",
        "coordinates": [
          2.297391,
          48.859125
        ]
      },
      "properties": {
        "id_bat": 167,
        "libelle": "1 avenue Silvestre-de-Sacy",
        "ensemble": "",
        "arrondissement": 7,
        "image_ref": 15019,
        "terme_jantzen_bat": [
          "marquise",
          "porte-fer-hall"
        ]
      }
    },
    {
      "type": "Feature",
      "geometry": {
        "type": "Point",
        "coordinates": [
          2.327566,
          48.850568
        ]
      },
      "properties": {
        "id_bat": 174,
        "libelle": "1 place Alphonse-Deville",
        "ensemble": "",
        "arrondissement": 6,
        "image_ref": 261,
        "terme_jantzen_bat": [
          "colonne",
          "dome",
          "façade-d'angle",
          "fenetre-d'angle",
          "lucarne",
          "lucarne-d'angle",
          "oeil-de-boeuf",
          "toiture"
        ]
      }
    },
    {
      "type": "Feature",
      "geometry": {
        "type": "Point",
        "coordinates": [
          2.337655,
          48.870671
        ]
      },
      "properties": {
        "id_bat": 176,
        "libelle": "1 place Boieldieu",
        "ensemble": "",
        "arrondissement": 2,
        "image_ref": 1376,
        "terme_jantzen_bat": [
          "balcon",
          "façade",
          "fenetre",
          "garde-corps",
          "lucarne",
          "pilastre",
          "porte-bois"
        ]
      }
    },
    {
      "type": "Feature",
      "geometry": {
        "type": "Point",
        "coordinates": [
          2.332272,
          48.870037
        ]
      },
      "properties": {
        "id_bat": 178,
        "libelle": "1 place de l'Opéra",
        "ensemble": "",
        "arrondissement": 2,
        "image_ref": 10610,
        "terme_jantzen_bat": [
          "dome",
          "lucarne-d'angle"
        ]
      }
    },
    {
      "type": "Feature",
      "geometry": {
        "type": "Point",
        "coordinates": [
          2.340477,
          48.866313
        ]
      },
      "properties": {
        "id_bat": 179,
        "libelle": "1 place des Petits-Pères",
        "ensemble": "",
        "arrondissement": 2,
        "image_ref": 11592,
        "terme_jantzen_bat": [
          "façade-d'angle",
          "lucarne-d'angle",
          "toiture"
        ]
      }
    },
    {
      "type": "Feature",
      "geometry": {
        "type": "Point",
        "coordinates": [
          2.340781,
          48.865503
        ]
      },
      "properties": {
        "id_bat": 180,
        "libelle": "1 place des Victoires",
        "ensemble": "",
        "arrondissement": 2,
        "image_ref": 16261,
        "terme_jantzen_bat": [
          "décor",
          "façade",
          "fenetre",
          "lucarne",
          "pilastre",
          "sculpture",
          "toiture"
        ]
      }
    },
    {
      "type": "Feature",
      "geometry": {
        "type": "Point",
        "coordinates": [
          2.355313,
          48.832314
        ]
      },
      "properties": {
        "id_bat": 181,
        "libelle": "1 place d'Italie",
        "ensemble": "",
        "arrondissement": 13,
        "image_ref": 7136,
        "terme_jantzen_bat": [
          "lucarne",
          "toiture",
          "tourelle"
        ]
      }
    },
    {
      "type": "Feature",
      "geometry": {
        "type": "Point",
        "coordinates": [
          2.340358,
          48.886186
        ]
      },
      "properties": {
        "id_bat": 182,
        "libelle": "1 place du Calvaire",
        "ensemble": "",
        "arrondissement": 18,
        "image_ref": 1843,
        "terme_jantzen_bat": [
          "décor",
          "fenetre-d'angle",
          "poignée-porte",
          "porte-bois",
          "sculpture"
        ]
      }
    },
    {
      "type": "Feature",
      "geometry": {
        "type": "Point",
        "coordinates": [
          2.310695,
          48.881955
        ]
      },
      "properties": {
        "id_bat": 183,
        "libelle": "1 place du Général-Catroux",
        "ensemble": "",
        "arrondissement": 17,
        "image_ref": 5179,
        "terme_jantzen_bat": [
          "brique",
          "lucarne",
          "toiture"
        ]
      }
    },
    {
      "type": "Feature",
      "geometry": {
        "type": "Point",
        "coordinates": [
          2.32979,
          48.834786
        ]
      },
      "properties": {
        "id_bat": 193,
        "libelle": "1 rue Boulard",
        "ensemble": "",
        "arrondissement": 14,
        "image_ref": 1466,
        "terme_jantzen_bat": [
          "balcon",
          "colonne",
          "décor",
          "façade",
          "façade-d'angle",
          "fenetre",
          "fenetre-d'angle",
          "garde-corps",
          "loggia",
          "lucarne",
          "lucarne-d'angle",
          "mosaique",
          "pignon",
          "porte-fer"
        ]
      }
    },
    {
      "type": "Feature",
      "geometry": {
        "type": "Point",
        "coordinates": [
          2.376244,
          48.848813
        ]
      },
      "properties": {
        "id_bat": 195,
        "libelle": "1 rue Charles-Baudelaire",
        "ensemble": "",
        "arrondissement": 12,
        "image_ref": 2334,
        "terme_jantzen_bat": [
          "décor",
          "fenetre-d'angle",
          "sculpture"
        ]
      }
    },
    {
      "type": "Feature",
      "geometry": {
        "type": "Point",
        "coordinates": [
          2.284858,
          48.857126
        ]
      },
      "properties": {
        "id_bat": 197,
        "libelle": "1 rue Charles-Dickens",
        "ensemble": "",
        "arrondissement": 16,
        "image_ref": 2348,
        "terme_jantzen_bat": [
          "oriel"
        ]
      }
    },
    {
      "type": "Feature",
      "geometry": {
        "type": "Point",
        "coordinates": [
          2.342774,
          48.852835
        ]
      },
      "properties": {
        "id_bat": 202,
        "libelle": "1 rue Danton",
        "ensemble": "",
        "arrondissement": 6,
        "image_ref": 3446,
        "terme_jantzen_bat": [
          "colonne",
          "céramique",
          "décor",
          "façade",
          "fenetre",
          "oriel",
          "porte-fer",
          "sculpture"
        ]
      }
    },
    {
      "type": "Feature",
      "geometry": {
        "type": "Point",
        "coordinates": [
          2.327937,
          48.870269
        ]
      },
      "properties": {
        "id_bat": 205,
        "libelle": "1 rue de Caumartin",
        "ensemble": "",
        "arrondissement": 9,
        "image_ref": 2081,
        "terme_jantzen_bat": [
          "balcon",
          "façade-d'angle",
          "fenetre-d'angle",
          "lucarne",
          "lucarne-d'angle"
        ]
      }
    },
    {
      "type": "Feature",
      "geometry": {
        "type": "Point",
        "coordinates": [
          2.29391,
          48.876318
        ]
      },
      "properties": {
        "id_bat": 213,
        "libelle": "1 rue de l'Arc-de-Triomphe",
        "ensemble": "",
        "arrondissement": 17,
        "image_ref": 559,
        "terme_jantzen_bat": [
          "fenetre",
          "porte-fer"
        ]
      }
    },
    {
      "type": "Feature",
      "geometry": {
        "type": "Point",
        "coordinates": [
          2.332468,
          48.857651
        ]
      },
      "properties": {
        "id_bat": 215,
        "libelle": "1 rue de Lille",
        "ensemble": "",
        "arrondissement": 7,
        "image_ref": 8348,
        "terme_jantzen_bat": [
          "porte-bois"
        ]
      }
    },
    {
      "type": "Feature",
      "geometry": {
        "type": "Point",
        "coordinates": [
          2.338787,
          48.851608
        ]
      },
      "properties": {
        "id_bat": 216,
        "libelle": "1 rue de l'Odéon",
        "ensemble": "",
        "arrondissement": 6,
        "image_ref": 10565,
        "terme_jantzen_bat": [
          "façade",
          "fenetre"
        ]
      }
    },
    {
      "type": "Feature",
      "geometry": {
        "type": "Point",
        "coordinates": [
          2.354416,
          48.870637
        ]
      },
      "properties": {
        "id_bat": 217,
        "libelle": "1 rue de Metz",
        "ensemble": "",
        "arrondissement": 10,
        "image_ref": 9571,
        "terme_jantzen_bat": [
          "décor",
          "façade",
          "façade-d'angle",
          "fenetre",
          "fenetre-d'angle",
          "lucarne",
          "lucarne-d'angle",
          "mosaique",
          "oeil-de-boeuf",
          "oriel",
          "toiture"
        ]
      }
    },
    {
      "type": "Feature",
      "geometry": {
        "type": "Point",
        "coordinates": [
          2.357231,
          48.862412
        ]
      },
      "properties": {
        "id_bat": 218,
        "libelle": "1 rue de Montmorency",
        "ensemble": "",
        "arrondissement": 16,
        "image_ref": 9967,
        "terme_jantzen_bat": [
          "balcon",
          "brique",
          "colonne",
          "dome",
          "décor",
          "façade-d'angle",
          "fenetre",
          "fenetre-d'angle",
          "garde-corps",
          "porte-fer",
          "tour"
        ]
      }
    },
    {
      "type": "Feature",
      "geometry": {
        "type": "Point",
        "coordinates": [
          2.297196,
          48.873611
        ]
      },
      "properties": {
        "id_bat": 220,
        "libelle": "1 rue de Tilsitt",
        "ensemble": "",
        "arrondissement": 8,
        "image_ref": 15207,
        "terme_jantzen_bat": [
          "décor",
          "façade",
          "fenetre",
          "fronton",
          "lucarne",
          "pilastre",
          "sculpture"
        ]
      }
    },
    {
      "type": "Feature",
      "geometry": {
        "type": "Point",
        "coordinates": [
          2.341904,
          48.891405
        ]
      },
      "properties": {
        "id_bat": 221,
        "libelle": "1 rue de Trétaigne",
        "ensemble": "",
        "arrondissement": 18,
        "image_ref": 15477,
        "terme_jantzen_bat": [
          "fenetre",
          "oriel"
        ]
      }
    },
    {
      "type": "Feature",
      "geometry": {
        "type": "Point",
        "coordinates": [
          2.34133,
          48.848787
        ]
      },
      "properties": {
        "id_bat": 223,
        "libelle": "1 rue de Vaugirard",
        "ensemble": "",
        "arrondissement": 6,
        "image_ref": 15856,
        "terme_jantzen_bat": [
          "fenetre-d'angle",
          "lucarne",
          "toiture"
        ]
      }
    },
    {
      "type": "Feature",
      "geometry": {
        "type": "Point",
        "coordinates": [
          2.329234,
          48.841792
        ]
      },
      "properties": {
        "id_bat": 225,
        "libelle": "1 rue Delambre",
        "ensemble": "",
        "arrondissement": 14,
        "image_ref": 3664,
        "terme_jantzen_bat": [
          "fenetre",
          "lucarne"
        ]
      }
    },
    {
      "type": "Feature",
      "geometry": {
        "type": "Point",
        "coordinates": [
          2.393456,
          48.846958
        ]
      },
      "properties": {
        "id_bat": 228,
        "libelle": "1 rue Dorian",
        "ensemble": "",
        "arrondissement": 12,
        "image_ref": 3802,
        "terme_jantzen_bat": [
          "console",
          "façade-d'angle",
          "fenetre",
          "fenetre-d'angle",
          "garde-corps",
          "sculpture"
        ]
      }
    },
    {
      "type": "Feature",
      "geometry": {
        "type": "Point",
        "coordinates": [
          2.290879,
          48.876737
        ]
      },
      "properties": {
        "id_bat": 232,
        "libelle": "1 rue du Colonel-Moll",
        "ensemble": "",
        "arrondissement": 17,
        "image_ref": 2808,
        "terme_jantzen_bat": [
          "balcon",
          "façade",
          "fenetre",
          "fenetre-d'angle",
          "garde-corps"
        ]
      }
    },
    {
      "type": "Feature",
      "geometry": {
        "type": "Point",
        "coordinates": [
          2.359179,
          48.853424
        ]
      },
      "properties": {
        "id_bat": 233,
        "libelle": "1 rue du Figuier",
        "ensemble": "",
        "arrondissement": 4,
        "image_ref": 4561,
        "terme_jantzen_bat": [
          "façade",
          "fenetre",
          "lucarne",
          "porte",
          "porte-fer",
          "toiture",
          "tour",
          "tourelle"
        ]
      }
    },
    {
      "type": "Feature",
      "geometry": {
        "type": "Point",
        "coordinates": [
          2.373216,
          48.864292
        ]
      },
      "properties": {
        "id_bat": 236,
        "libelle": "1 rue du Marché-Popincourt",
        "ensemble": "",
        "arrondissement": 11,
        "image_ref": 9239,
        "terme_jantzen_bat": [
          "brique",
          "fenetre",
          "oriel",
          "porte"
        ]
      }
    },
    {
      "type": "Feature",
      "geometry": {
        "type": "Point",
        "coordinates": [
          2.326739,
          48.849355
        ]
      },
      "properties": {
        "id_bat": 239,
        "libelle": "1 rue du Regard",
        "ensemble": "",
        "arrondissement": 6,
        "image_ref": 12800,
        "terme_jantzen_bat": [
          "clé",
          "porte-bois"
        ]
      }
    },
    {
      "type": "Feature",
      "geometry": {
        "type": "Point",
        "coordinates": [
          2.345496,
          48.89101
        ]
      },
      "properties": {
        "id_bat": 244,
        "libelle": "1 rue Ferdinand-Flocon",
        "ensemble": "",
        "arrondissement": 18,
        "image_ref": 4515,
        "terme_jantzen_bat": [
          "balcon",
          "brique",
          "céramique",
          "fenetre",
          "fenetre-d'angle"
        ]
      }
    },
    {
      "type": "Feature",
      "geometry": {
        "type": "Point",
        "coordinates": [
          2.273708,
          48.860556
        ]
      },
      "properties": {
        "id_bat": 259,
        "libelle": "1 rue Octave-Feuillet",
        "ensemble": "",
        "arrondissement": 16,
        "image_ref": 10522,
        "terme_jantzen_bat": [
          "dome",
          "décor",
          "façade-d'angle",
          "fenetre-d'angle",
          "fronton",
          "lucarne",
          "sculpture"
        ]
      }
    },
    {
      "type": "Feature",
      "geometry": {
        "type": "Point",
        "coordinates": [
          2.307939,
          48.876872
        ]
      },
      "properties": {
        "id_bat": 260,
        "libelle": "1 rue Rembrandt",
        "ensemble": "",
        "arrondissement": 8,
        "image_ref": 12819,
        "terme_jantzen_bat": [
          "lucarne",
          "poignée-porte",
          "porte-bois"
        ]
      }
    },
    {
      "type": "Feature",
      "geometry": {
        "type": "Point",
        "coordinates": [
          2.359325,
          48.838717
        ]
      },
      "properties": {
        "id_bat": 261,
        "libelle": "1 rue René-Panhard",
        "ensemble": "",
        "arrondissement": 13,
        "image_ref": 12872,
        "terme_jantzen_bat": [
          "décor",
          "façade",
          "fenetre",
          "lucarne",
          "porte",
          "porte-fer",
          "porte-fer-hall",
          "sculpture"
        ]
      }
    },
    {
      "type": "Feature",
      "geometry": {
        "type": "Point",
        "coordinates": [
          2.317856,
          48.850051
        ]
      },
      "properties": {
        "id_bat": 262,
        "libelle": "1 rue Rousselet",
        "ensemble": "",
        "arrondissement": 7,
        "image_ref": 13281,
        "terme_jantzen_bat": [
          "brique",
          "céramique",
          "façade-d'angle",
          "oriel",
          "porte-fer"
        ]
      }
    },
    {
      "type": "Feature",
      "geometry": {
        "type": "Point",
        "coordinates": [
          2.331162,
          48.836475
        ]
      },
      "properties": {
        "id_bat": 268,
        "libelle": "1 rue Victor-Schœlcher",
        "ensemble": "",
        "arrondissement": 14,
        "image_ref": 13417,
        "terme_jantzen_bat": [
          "brique",
          "fenetre"
        ]
      }
    },
    {
      "type": "Feature",
      "geometry": {
        "type": "Point",
        "coordinates": [
          2.28927,
          48.876292
        ]
      },
      "properties": {
        "id_bat": 269,
        "libelle": "1 rue Villaret-de-Joyeuse",
        "ensemble": "",
        "arrondissement": 17,
        "image_ref": 16510,
        "terme_jantzen_bat": [
          "clé",
          "colonne",
          "dome",
          "décor",
          "façade-d'angle",
          "fenetre",
          "fenetre-d'angle",
          "lucarne-d'angle",
          "porte-fer",
          "porte-fer-hall",
          "sculpture"
        ]
      }
    },
    {
      "type": "Feature",
      "geometry": {
        "type": "Point",
        "coordinates": [
          2.308641,
          48.85783
        ]
      },
      "properties": {
        "id_bat": 271,
        "libelle": "1 square de La Tour-Maubourg",
        "ensemble": "",
        "arrondissement": 7,
        "image_ref": 15366,
        "terme_jantzen_bat": [
          "console",
          "fenetre",
          "sculpture"
        ]
      }
    },
    {
      "type": "Feature",
      "geometry": {
        "type": "Point",
        "coordinates": [
          2.307454,
          48.847918
        ]
      },
      "properties": {
        "id_bat": 276,
        "libelle": "10 à 12 rue José-Maria-de-Heredia",
        "ensemble": "",
        "arrondissement": 7,
        "image_ref": 7334,
        "terme_jantzen_bat": [
          "façade",
          "fenetre",
          "lucarne"
        ]
      }
    },
    {
      "type": "Feature",
      "geometry": {
        "type": "Point",
        "coordinates": [
          2.387451,
          48.876414
        ]
      },
      "properties": {
        "id_bat": 279,
        "libelle": "10 à 8 rue Fessart",
        "ensemble": "",
        "arrondissement": 19,
        "image_ref": 4545,
        "terme_jantzen_bat": [
          "façade-d'angle",
          "voie"
        ]
      }
    },
    {
      "type": "Feature",
      "geometry": {
        "type": "Point",
        "coordinates": [
          2.350825,
          48.837832
        ]
      },
      "properties": {
        "id_bat": 285,
        "libelle": "10 avenue des Gobelins",
        "ensemble": "",
        "arrondissement": 5,
        "image_ref": 5348,
        "terme_jantzen_bat": [
          "porte-fer-hall"
        ]
      }
    },
    {
      "type": "Feature",
      "geometry": {
        "type": "Point",
        "coordinates": [
          2.365249,
          48.867386
        ]
      },
      "properties": {
        "id_bat": 294,
        "libelle": "10 place de la République",
        "ensemble": "",
        "arrondissement": 11,
        "image_ref": 12918,
        "terme_jantzen_bat": [
          "cariatide",
          "décor",
          "fenetre",
          "garde-corps",
          "lucarne",
          "pignon",
          "sculpture"
        ]
      }
    },
    {
      "type": "Feature",
      "geometry": {
        "type": "Point",
        "coordinates": [
          2.345871,
          48.846967
        ]
      },
      "properties": {
        "id_bat": 297,
        "libelle": "10 place du Panthéon",
        "ensemble": "",
        "arrondissement": 5,
        "image_ref": 11109,
        "terme_jantzen_bat": [
          "décor",
          "façade",
          "fenetre",
          "pilastre",
          "sculpture"
        ]
      }
    },
    {
      "type": "Feature",
      "geometry": {
        "type": "Point",
        "coordinates": [
          2.307841,
          48.84821
        ]
      },
      "properties": {
        "id_bat": 301,
        "libelle": "10 rue Albert-de-Lapparent",
        "ensemble": "",
        "arrondissement": 7,
        "image_ref": 175,
        "terme_jantzen_bat": [
          "lucarne",
          "oriel",
          "porte-fer-hall"
        ]
      }
    },
    {
      "type": "Feature",
      "geometry": {
        "type": "Point",
        "coordinates": [
          2.287649,
          48.858779
        ]
      },
      "properties": {
        "id_bat": 304,
        "libelle": "10 rue Chardin",
        "ensemble": "",
        "arrondissement": 16,
        "image_ref": 2316,
        "terme_jantzen_bat": [
          "balcon",
          "fenetre",
          "fronton",
          "lucarne",
          "oeil-de-boeuf",
          "porte-bois"
        ]
      }
    },
    {
      "type": "Feature",
      "geometry": {
        "type": "Point",
        "coordinates": [
          2.346329,
          48.827808
        ]
      },
      "properties": {
        "id_bat": 307,
        "libelle": "10 rue Daviel",
        "ensemble": "",
        "arrondissement": 13,
        "image_ref": 3625,
        "terme_jantzen_bat": [
          "brique",
          "façade",
          "pignon",
          "porte-bois"
        ]
      }
    },
    {
      "type": "Feature",
      "geometry": {
        "type": "Point",
        "coordinates": [
          2.325395,
          48.851787
        ]
      },
      "properties": {
        "id_bat": 308,
        "libelle": "10 rue de Babylone",
        "ensemble": "",
        "arrondissement": 7,
        "image_ref": 704,
        "terme_jantzen_bat": [
          "fenetre",
          "garde-corps"
        ]
      }
    },
    {
      "type": "Feature",
      "geometry": {
        "type": "Point",
        "coordinates": [
          2.363588,
          48.862475
        ]
      },
      "properties": {
        "id_bat": 309,
        "libelle": "10 rue de Bretagne",
        "ensemble": "",
        "arrondissement": 3,
        "image_ref": 1591,
        "terme_jantzen_bat": [
          "balcon",
          "façade",
          "façade-d'angle",
          "fenetre",
          "fenetre-d'angle",
          "garde-corps",
          "lucarne",
          "oriel",
          "pignon"
        ]
      }
    },
    {
      "type": "Feature",
      "geometry": {
        "type": "Point",
        "coordinates": [
          2.289043,
          48.834101
        ]
      },
      "properties": {
        "id_bat": 310,
        "libelle": "10 rue de Cadix",
        "ensemble": "",
        "arrondissement": 15,
        "image_ref": 1820,
        "terme_jantzen_bat": [
          "colonne",
          "console",
          "porte-bois",
          "sculpture"
        ]
      }
    },
    {
      "type": "Feature",
      "geometry": {
        "type": "Point",
        "coordinates": [
          2.321642,
          48.875827
        ]
      },
      "properties": {
        "id_bat": 313,
        "libelle": "10 rue de Laborde",
        "ensemble": "",
        "arrondissement": 8,
        "image_ref": 7592,
        "terme_jantzen_bat": [
          "décor",
          "façade",
          "fenetre",
          "oeil-de-boeuf",
          "sculpture"
        ]
      }
    },
    {
      "type": "Feature",
      "geometry": {
        "type": "Point",
        "coordinates": [
          2.337059,
          48.850235
        ]
      },
      "properties": {
        "id_bat": 320,
        "libelle": "10 rue de Tournon",
        "ensemble": "",
        "arrondissement": 6,
        "image_ref": 15398,
        "terme_jantzen_bat": [
          "colonne",
          "porte-bois"
        ]
      }
    },
    {
      "type": "Feature",
      "geometry": {
        "type": "Point",
        "coordinates": [
          2.346915,
          48.859738
        ]
      },
      "properties": {
        "id_bat": 323,
        "libelle": "10 rue des Halles",
        "ensemble": "",
        "arrondissement": 1,
        "image_ref": 5879,
        "terme_jantzen_bat": [
          "fenetre",
          "lucarne"
        ]
      }
    },
    {
      "type": "Feature",
      "geometry": {
        "type": "Point",
        "coordinates": [
          2.314574,
          48.870318
        ]
      },
      "properties": {
        "id_bat": 324,
        "libelle": "10 rue du Cirque",
        "ensemble": "",
        "arrondissement": 8,
        "image_ref": 2547,
        "terme_jantzen_bat": [
          "cariatide",
          "fenetre",
          "porte-bois",
          "sculpture"
        ]
      }
    },
    {
      "type": "Feature",
      "geometry": {
        "type": "Point",
        "coordinates": [
          2.318452,
          48.895844
        ]
      },
      "properties": {
        "id_bat": 325,
        "libelle": "10 rue du Docteur-Paul-Brousse",
        "ensemble": "",
        "arrondissement": 17,
        "image_ref": 3847,
        "terme_jantzen_bat": [
          "fenetre",
          "lucarne"
        ]
      }
    },
    {
      "type": "Feature",
      "geometry": {
        "type": "Point",
        "coordinates": [
          2.277873,
          48.862879
        ]
      },
      "properties": {
        "id_bat": 333,
        "libelle": "10 rue Eugène-Delacroix",
        "ensemble": "",
        "arrondissement": 16,
        "image_ref": 4213,
        "terme_jantzen_bat": [
          "console",
          "sculpture"
        ]
      }
    },
    {
      "type": "Feature",
      "geometry": {
        "type": "Point",
        "coordinates": [
          2.270888,
          48.862558
        ]
      },
      "properties": {
        "id_bat": 334,
        "libelle": "10 rue Eugène-Labiche",
        "ensemble": "",
        "arrondissement": 16,
        "image_ref": 4222,
        "terme_jantzen_bat": [
          "lucarne",
          "oeil-de-boeuf",
          "porte-fer",
          "porte-fer-hall",
          "sculpture"
        ]
      }
    },
    {
      "type": "Feature",
      "geometry": {
        "type": "Point",
        "coordinates": [
          2.293171,
          48.881948
        ]
      },
      "properties": {
        "id_bat": 335,
        "libelle": "10 rue Faraday",
        "ensemble": "",
        "arrondissement": 17,
        "image_ref": 4352,
        "terme_jantzen_bat": [
          "porte-fer-hall"
        ]
      }
    },
    {
      "type": "Feature",
      "geometry": {
        "type": "Point",
        "coordinates": [
          2.387451,
          48.876414
        ]
      },
      "properties": {
        "id_bat": 336,
        "libelle": "10 rue Fessart",
        "ensemble": "",
        "arrondissement": 19,
        "image_ref": 4543,
        "terme_jantzen_bat": [
          "balcon",
          "fenetre-d'angle",
          "loggia",
          "lucarne"
        ]
      }
    },
    {
      "type": "Feature",
      "geometry": {
        "type": "Point",
        "coordinates": [
          2.355195,
          48.85581
        ]
      },
      "properties": {
        "id_bat": 337,
        "libelle": "10 rue François-Miron",
        "ensemble": "",
        "arrondissement": 4,
        "image_ref": 4848,
        "terme_jantzen_bat": [
          "façade",
          "fenetre",
          "lucarne"
        ]
      }
    },
    {
      "type": "Feature",
      "geometry": {
        "type": "Point",
        "coordinates": [
          2.341208,
          48.845666
        ]
      },
      "properties": {
        "id_bat": 338,
        "libelle": "10 rue Gay-Lussac",
        "ensemble": "",
        "arrondissement": 5,
        "image_ref": 5160,
        "terme_jantzen_bat": [
          "décor",
          "façade",
          "fenetre",
          "fronton",
          "pilastre",
          "porte-bois",
          "sculpture"
        ]
      }
    },
    {
      "type": "Feature",
      "geometry": {
        "type": "Point",
        "coordinates": [
          2.310787,
          48.881363
        ]
      },
      "properties": {
        "id_bat": 339,
        "libelle": "10 rue Georges-Berger",
        "ensemble": "",
        "arrondissement": 17,
        "image_ref": 5277,
        "terme_jantzen_bat": [
          "balcon",
          "façade",
          "fenetre",
          "garde-corps",
          "lucarne",
          "pignon",
          "porte-fer",
          "porte-fer-hall",
          "sculpture",
          "verrière"
        ]
      }
    },
    {
      "type": "Feature",
      "geometry": {
        "type": "Point",
        "coordinates": [
          2.307454,
          48.847918
        ]
      },
      "properties": {
        "id_bat": 341,
        "libelle": "10 rue José-Maria-de-Heredia",
        "ensemble": "",
        "arrondissement": 7,
        "image_ref": 7333,
        "terme_jantzen_bat": [
          "porte-fer"
        ]
      }
    },
    {
      "type": "Feature",
      "geometry": {
        "type": "Point",
        "coordinates": [
          2.347695,
          48.851448
        ]
      },
      "properties": {
        "id_bat": 342,
        "libelle": "10 rue Lagrange",
        "ensemble": "",
        "arrondissement": 5,
        "image_ref": 7792,
        "terme_jantzen_bat": [
          "brique",
          "façade",
          "façade-d'angle",
          "métal",
          "oriel",
          "pignon",
          "voie"
        ]
      }
    },
    {
      "type": "Feature",
      "geometry": {
        "type": "Point",
        "coordinates": [
          2.321574,
          48.858146
        ]
      },
      "properties": {
        "id_bat": 343,
        "libelle": "10 rue Las Cases",
        "ensemble": "",
        "arrondissement": 7,
        "image_ref": 7959,
        "terme_jantzen_bat": [
          "balcon",
          "façade",
          "fenetre",
          "pilastre",
          "porte-bois"
        ]
      }
    },
    {
      "type": "Feature",
      "geometry": {
        "type": "Point",
        "coordinates": [
          2.309698,
          48.846393
        ]
      },
      "properties": {
        "id_bat": 351,
        "libelle": "10 rue Rosa-Bonheur",
        "ensemble": "",
        "arrondissement": 15,
        "image_ref": 13238,
        "terme_jantzen_bat": [
          "brique",
          "console",
          "décor",
          "façade",
          "fenetre",
          "garde-corps",
          "intérieur",
          "lucarne",
          "oriel",
          "porte-bois",
          "sculpture"
        ]
      }
    },
    {
      "type": "Feature",
      "geometry": {
        "type": "Point",
        "coordinates": [
          2.337141,
          48.868931
        ]
      },
      "properties": {
        "id_bat": 352,
        "libelle": "10 rue Saint-Augustin",
        "ensemble": "",
        "arrondissement": 2,
        "image_ref": 13970,
        "terme_jantzen_bat": [
          "console",
          "fenetre",
          "garde-corps",
          "sculpture"
        ]
      }
    },
    {
      "type": "Feature",
      "geometry": {
        "type": "Point",
        "coordinates": [
          2.290067,
          48.878786
        ]
      },
      "properties": {
        "id_bat": 353,
        "libelle": "10 rue Saint-Ferdinand",
        "ensemble": "",
        "arrondissement": 17,
        "image_ref": 14148,
        "terme_jantzen_bat": [
          "balcon",
          "clé",
          "décor",
          "façade",
          "fenetre",
          "garde-corps",
          "lucarne",
          "sculpture"
        ]
      }
    },
    {
      "type": "Feature",
      "geometry": {
        "type": "Point",
        "coordinates": [
          2.309494,
          48.846856
        ]
      },
      "properties": {
        "id_bat": 354,
        "libelle": "10 rue Valentin-Haüy",
        "ensemble": "",
        "arrondissement": 15,
        "image_ref": 15758,
        "terme_jantzen_bat": [
          "clé",
          "porte-fer",
          "porte-fer-hall",
          "sculpture"
        ]
      }
    },
    {
      "type": "Feature",
      "geometry": {
        "type": "Point",
        "coordinates": [
          2.286755,
          48.858253
        ]
      },
      "properties": {
        "id_bat": 358,
        "libelle": "10 square Alboni",
        "ensemble": "",
        "arrondissement": 16,
        "image_ref": 180,
        "terme_jantzen_bat": [
          "console",
          "sculpture"
        ]
      }
    },
    {
      "type": "Feature",
      "geometry": {
        "type": "Point",
        "coordinates": [
          2.323098,
          48.829253
        ]
      },
      "properties": {
        "id_bat": 362,
        "libelle": "100 rue d'Alésia",
        "ensemble": "",
        "arrondissement": 14,
        "image_ref": 194,
        "terme_jantzen_bat": [
          "colonne",
          "fenetre",
          "métal",
          "oriel"
        ]
      }
    },
    {
      "type": "Feature",
      "geometry": {
        "type": "Point",
        "coordinates": [
          2.277658,
          48.862214
        ]
      },
      "properties": {
        "id_bat": 363,
        "libelle": "100 rue de la Tour",
        "ensemble": "",
        "arrondissement": 16,
        "image_ref": 15334,
        "terme_jantzen_bat": [
          "décor",
          "fenetre-d'angle",
          "pilastre",
          "sculpture"
        ]
      }
    },
    {
      "type": "Feature",
      "geometry": {
        "type": "Point",
        "coordinates": [
          2.384525,
          48.863526
        ]
      },
      "properties": {
        "id_bat": 370,
        "libelle": "101 avenue de la République",
        "ensemble": "",
        "arrondissement": 11,
        "image_ref": 12926,
        "terme_jantzen_bat": [
          "décor",
          "façade",
          "fenetre",
          "lucarne",
          "pignon",
          "sculpture"
        ]
      }
    },
    {
      "type": "Feature",
      "geometry": {
        "type": "Point",
        "coordinates": [
          2.320906,
          48.846493
        ]
      },
      "properties": {
        "id_bat": 375,
        "libelle": "101 rue du Cherche-Midi",
        "ensemble": "",
        "arrondissement": 6,
        "image_ref": 2493,
        "terme_jantzen_bat": [
          "porte-fer-hall"
        ]
      }
    },
    {
      "type": "Feature",
      "geometry": {
        "type": "Point",
        "coordinates": [
          2.344943,
          48.867775
        ]
      },
      "properties": {
        "id_bat": 376,
        "libelle": "101 rue Réaumur",
        "ensemble": "",
        "arrondissement": 2,
        "image_ref": 12654,
        "terme_jantzen_bat": [
          "balcon",
          "cariatide",
          "dome",
          "façade-d'angle",
          "fenetre",
          "fenetre-d'angle",
          "fronton",
          "lucarne-d'angle",
          "sculpture"
        ]
      }
    },
    {
      "type": "Feature",
      "geometry": {
        "type": "Point",
        "coordinates": [
          2.386462,
          48.874393
        ]
      },
      "properties": {
        "id_bat": 380,
        "libelle": "102 rue de Belleville",
        "ensemble": "",
        "arrondissement": 20,
        "image_ref": 1096,
        "terme_jantzen_bat": [
          "brique",
          "colonne",
          "console",
          "décor",
          "métal",
          "oriel"
        ]
      }
    },
    {
      "type": "Feature",
      "geometry": {
        "type": "Point",
        "coordinates": [
          2.277376,
          48.862348
        ]
      },
      "properties": {
        "id_bat": 381,
        "libelle": "102 rue de la Tour",
        "ensemble": "",
        "arrondissement": 16,
        "image_ref": 15336,
        "terme_jantzen_bat": [
          "colonne",
          "porte-bois"
        ]
      }
    },
    {
      "type": "Feature",
      "geometry": {
        "type": "Point",
        "coordinates": [
          2.300064,
          48.871817
        ]
      },
      "properties": {
        "id_bat": 384,
        "libelle": "103 avenue des Champs-Élysées",
        "ensemble": "",
        "arrondissement": 8,
        "image_ref": 2205,
        "terme_jantzen_bat": [
          "balcon",
          "chimère",
          "colonne",
          "console",
          "façade",
          "fenetre",
          "fenetre-d'angle",
          "fronton",
          "garde-corps",
          "lucarne",
          "oeil-de-boeuf",
          "oriel",
          "panoramique",
          "sculpture"
        ]
      }
    },
    {
      "type": "Feature",
      "geometry": {
        "type": "Point",
        "coordinates": [
          2.367153,
          48.860281
        ]
      },
      "properties": {
        "id_bat": 385,
        "libelle": "103 boulevard Beaumarchais",
        "ensemble": "",
        "arrondissement": 3,
        "image_ref": 992,
        "terme_jantzen_bat": [
          "balcon",
          "dome",
          "façade-d'angle",
          "fronton",
          "lucarne",
          "lucarne-d'angle",
          "oeil-de-boeuf"
        ]
      }
    },
    {
      "type": "Feature",
      "geometry": {
        "type": "Point",
        "coordinates": [
          2.301411,
          48.881829
        ]
      },
      "properties": {
        "id_bat": 386,
        "libelle": "103 rue Jouffroy-d'Abbans",
        "ensemble": "",
        "arrondissement": 17,
        "image_ref": 7377,
        "terme_jantzen_bat": [
          "décor",
          "façade",
          "fenetre",
          "garde-corps",
          "lucarne",
          "mosaique",
          "porte-fer-hall",
          "sculpture",
          "toiture",
          "verrière"
        ]
      }
    },
    {
      "type": "Feature",
      "geometry": {
        "type": "Point",
        "coordinates": [
          2.307174,
          48.87129
        ]
      },
      "properties": {
        "id_bat": 387,
        "libelle": "103 rue La Boétie",
        "ensemble": "",
        "arrondissement": 8,
        "image_ref": 7562,
        "terme_jantzen_bat": [
          "porte-fer"
        ]
      }
    },
    {
      "type": "Feature",
      "geometry": {
        "type": "Point",
        "coordinates": [
          2.302044,
          48.871919
        ]
      },
      "properties": {
        "id_bat": 390,
        "libelle": "104 avenue des Champs-Élysées",
        "ensemble": "",
        "arrondissement": 8,
        "image_ref": 2226,
        "terme_jantzen_bat": [
          "fenetre",
          "lucarne",
          "toiture"
        ]
      }
    },
    {
      "type": "Feature",
      "geometry": {
        "type": "Point",
        "coordinates": [
          2.28603,
          48.880714
        ]
      },
      "properties": {
        "id_bat": 391,
        "libelle": "104 avenue des Ternes",
        "ensemble": "",
        "arrondissement": 17,
        "image_ref": 15060,
        "terme_jantzen_bat": [
          "clé",
          "console",
          "fenetre",
          "porte-fer",
          "sculpture"
        ]
      }
    },
    {
      "type": "Feature",
      "geometry": {
        "type": "Point",
        "coordinates": [
          2.302404,
          48.879173
        ]
      },
      "properties": {
        "id_bat": 393,
        "libelle": "104 boulevard de Courcelles",
        "ensemble": "",
        "arrondissement": 17,
        "image_ref": 3206,
        "terme_jantzen_bat": [
          "balcon",
          "clé",
          "colonne",
          "console",
          "façade-d'angle",
          "fenetre",
          "fenetre-d'angle",
          "garde-corps",
          "lucarne",
          "lucarne-d'angle",
          "oeil-de-boeuf",
          "porte-fer",
          "sculpture",
          "toiture"
        ]
      }
    },
    {
      "type": "Feature",
      "geometry": {
        "type": "Point",
        "coordinates": [
          2.341251,
          48.882515
        ]
      },
      "properties": {
        "id_bat": 394,
        "libelle": "104 boulevard Marguerite-de-Rochechouart",
        "ensemble": "",
        "arrondissement": 18,
        "image_ref": 13187,
        "terme_jantzen_bat": [
          "clé",
          "céramique",
          "décor",
          "façade",
          "fenetre",
          "garde-corps",
          "lucarne",
          "oriel",
          "sculpture"
        ]
      }
    },
    {
      "type": "Feature",
      "geometry": {
        "type": "Point",
        "coordinates": [
          2.277138,
          48.862467
        ]
      },
      "properties": {
        "id_bat": 396,
        "libelle": "104 rue de la Tour",
        "ensemble": "",
        "arrondissement": 16,
        "image_ref": 15337,
        "terme_jantzen_bat": [
          "console",
          "fenetre",
          "porte-bois",
          "sculpture"
        ]
      }
    },
    {
      "type": "Feature",
      "geometry": {
        "type": "Point",
        "coordinates": [
          2.258254,
          48.845511
        ]
      },
      "properties": {
        "id_bat": 399,
        "libelle": "105 boulevard Exelmans",
        "ensemble": "",
        "arrondissement": 16,
        "image_ref": 4278,
        "terme_jantzen_bat": [
          "fenetre",
          "lucarne",
          "toiture"
        ]
      }
    },
    {
      "type": "Feature",
      "geometry": {
        "type": "Point",
        "coordinates": [
          2.328693,
          48.848725
        ]
      },
      "properties": {
        "id_bat": 401,
        "libelle": "105 rue de Rennes",
        "ensemble": "",
        "arrondissement": 6,
        "image_ref": 12883,
        "terme_jantzen_bat": [
          "cariatide",
          "console",
          "fenetre",
          "sculpture"
        ]
      }
    },
    {
      "type": "Feature",
      "geometry": {
        "type": "Point",
        "coordinates": [
          2.301228,
          48.881728
        ]
      },
      "properties": {
        "id_bat": 403,
        "libelle": "105 rue Jouffroy-d'Abbans",
        "ensemble": "",
        "arrondissement": 17,
        "image_ref": 7400,
        "terme_jantzen_bat": [
          "console",
          "dome",
          "décor",
          "fenetre",
          "garde-corps",
          "lucarne",
          "sculpture",
          "toiture"
        ]
      }
    },
    {
      "type": "Feature",
      "geometry": {
        "type": "Point",
        "coordinates": [
          2.269099,
          48.853859
        ]
      },
      "properties": {
        "id_bat": 404,
        "libelle": "106 avenue Mozart",
        "ensemble": "",
        "arrondissement": 16,
        "image_ref": 10060,
        "terme_jantzen_bat": [
          "porte-fer-hall"
        ]
      }
    },
    {
      "type": "Feature",
      "geometry": {
        "type": "Point",
        "coordinates": [
          2.3116,
          48.881863
        ]
      },
      "properties": {
        "id_bat": 405,
        "libelle": "106 boulevard Malesherbes",
        "ensemble": "",
        "arrondissement": 17,
        "image_ref": 9041,
        "terme_jantzen_bat": [
          "brique",
          "fronton",
          "lucarne"
        ]
      }
    },
    {
      "type": "Feature",
      "geometry": {
        "type": "Point",
        "coordinates": [
          2.393059,
          48.869398
        ]
      },
      "properties": {
        "id_bat": 407,
        "libelle": "106 rue de Ménilmontant",
        "ensemble": "",
        "arrondissement": 20,
        "image_ref": 9466,
        "terme_jantzen_bat": [
          "fenetre",
          "lucarne"
        ]
      }
    },
    {
      "type": "Feature",
      "geometry": {
        "type": "Point",
        "coordinates": [
          2.339858,
          48.871372
        ]
      },
      "properties": {
        "id_bat": 408,
        "libelle": "106 rue de Richelieu",
        "ensemble": "",
        "arrondissement": 2,
        "image_ref": 13010,
        "terme_jantzen_bat": [
          "balcon",
          "fenetre",
          "garde-corps",
          "porte-bois"
        ]
      }
    },
    {
      "type": "Feature",
      "geometry": {
        "type": "Point",
        "coordinates": [
          2.362445,
          48.86078
        ]
      },
      "properties": {
        "id_bat": 411,
        "libelle": "106 rue Vieille-du-Temple",
        "ensemble": "",
        "arrondissement": 3,
        "image_ref": 16445,
        "terme_jantzen_bat": [
          "brique",
          "façade",
          "fenetre",
          "lucarne"
        ]
      }
    },
    {
      "type": "Feature",
      "geometry": {
        "type": "Point",
        "coordinates": [
          2.328688,
          48.845851
        ]
      },
      "properties": {
        "id_bat": 413,
        "libelle": "107 boulevard Raspail",
        "ensemble": "",
        "arrondissement": 6,
        "image_ref": 12342,
        "terme_jantzen_bat": [
          "dome",
          "décor",
          "façade-d'angle",
          "fenetre-d'angle",
          "lucarne-d'angle",
          "oeil-de-boeuf",
          "sculpture"
        ]
      }
    },
    {
      "type": "Feature",
      "geometry": {
        "type": "Point",
        "coordinates": [
          2.392038,
          48.869306
        ]
      },
      "properties": {
        "id_bat": 415,
        "libelle": "107 rue de Ménilmontant",
        "ensemble": "",
        "arrondissement": 20,
        "image_ref": 9468,
        "terme_jantzen_bat": [
          "brique",
          "console",
          "façade-d'angle",
          "fenetre",
          "lucarne",
          "sculpture",
          "toiture"
        ]
      }
    },
    {
      "type": "Feature",
      "geometry": {
        "type": "Point",
        "coordinates": [
          2.328619,
          48.848644
        ]
      },
      "properties": {
        "id_bat": 416,
        "libelle": "107 rue de Rennes",
        "ensemble": "",
        "arrondissement": 6,
        "image_ref": 12886,
        "terme_jantzen_bat": [
          "cariatide",
          "décor",
          "façade",
          "fenetre",
          "pilastre",
          "porte-bois",
          "sculpture"
        ]
      }
    },
    {
      "type": "Feature",
      "geometry": {
        "type": "Point",
        "coordinates": [
          2.320584,
          48.848338
        ]
      },
      "properties": {
        "id_bat": 417,
        "libelle": "107 rue de Sèvres",
        "ensemble": "",
        "arrondissement": 6,
        "image_ref": 13602,
        "terme_jantzen_bat": [
          "porte-fer-hall"
        ]
      }
    },
    {
      "type": "Feature",
      "geometry": {
        "type": "Point",
        "coordinates": [
          2.328325,
          48.84874
        ]
      },
      "properties": {
        "id_bat": 420,
        "libelle": "108 rue de Rennes",
        "ensemble": "",
        "arrondissement": 6,
        "image_ref": 12891,
        "terme_jantzen_bat": [
          "fenetre",
          "porte-bois"
        ]
      }
    },
    {
      "type": "Feature",
      "geometry": {
        "type": "Point",
        "coordinates": [
          2.299848,
          48.882233
        ]
      },
      "properties": {
        "id_bat": 421,
        "libelle": "109 rue de Courcelles",
        "ensemble": "",
        "arrondissement": 17,
        "image_ref": 3046,
        "terme_jantzen_bat": [
          "balcon",
          "console",
          "décor",
          "fenetre",
          "garde-corps",
          "sculpture"
        ]
      }
    },
    {
      "type": "Feature",
      "geometry": {
        "type": "Point",
        "coordinates": [
          2.277421,
          48.850505
        ]
      },
      "properties": {
        "id_bat": 433,
        "libelle": "11 avenue de Versailles",
        "ensemble": "",
        "arrondissement": 16,
        "image_ref": 16091,
        "terme_jantzen_bat": [
          "porte-bois",
          "sculpture"
        ]
      }
    },
    {
      "type": "Feature",
      "geometry": {
        "type": "Point",
        "coordinates": [
          2.301592,
          48.856072
        ]
      },
      "properties": {
        "id_bat": 435,
        "libelle": "11 avenue Émile-Deschanel",
        "ensemble": "",
        "arrondissement": 7,
        "image_ref": 4056,
        "terme_jantzen_bat": [
          "balcon",
          "colonne",
          "décor",
          "fenetre",
          "garde-corps",
          "loggia",
          "porte-fer-hall",
          "sculpture"
        ]
      }
    },
    {
      "type": "Feature",
      "geometry": {
        "type": "Point",
        "coordinates": [
          2.361427,
          48.87001
        ]
      },
      "properties": {
        "id_bat": 439,
        "libelle": "11 boulevard de Magenta",
        "ensemble": "",
        "arrondissement": 10,
        "image_ref": 8968,
        "terme_jantzen_bat": [
          "cariatide",
          "fenetre",
          "sculpture",
          "verrière"
        ]
      }
    },
    {
      "type": "Feature",
      "geometry": {
        "type": "Point",
        "coordinates": [
          2.273522,
          48.868577
        ]
      },
      "properties": {
        "id_bat": 441,
        "libelle": "11 boulevard Lannes",
        "ensemble": "",
        "arrondissement": 16,
        "image_ref": 7883,
        "terme_jantzen_bat": [
          "brique",
          "console",
          "céramique",
          "décor",
          "façade",
          "fenetre",
          "loggia",
          "lucarne",
          "mosaique",
          "oeil-de-boeuf",
          "pignon",
          "porte-fer-hall",
          "sculpture",
          "tourelle"
        ]
      }
    },
    {
      "type": "Feature",
      "geometry": {
        "type": "Point",
        "coordinates": [
          2.273753,
          48.858042
        ]
      },
      "properties": {
        "id_bat": 442,
        "libelle": "11 chaussée de la Muette",
        "ensemble": "",
        "arrondissement": 16,
        "image_ref": 10116,
        "terme_jantzen_bat": [
          "fenetre",
          "porte-bois"
        ]
      }
    },
    {
      "type": "Feature",
      "geometry": {
        "type": "Point",
        "coordinates": [
          2.328509,
          48.867578
        ]
      },
      "properties": {
        "id_bat": 445,
        "libelle": "11 place Vendôme",
        "ensemble": "",
        "arrondissement": 1,
        "image_ref": 15977,
        "terme_jantzen_bat": [
          "fenetre",
          "lucarne",
          "oeil-de-boeuf"
        ]
      }
    },
    {
      "type": "Feature",
      "geometry": {
        "type": "Point",
        "coordinates": [
          2.351785,
          48.853778
        ]
      },
      "properties": {
        "id_bat": 446,
        "libelle": "11 quai aux Fleurs",
        "ensemble": "",
        "arrondissement": 4,
        "image_ref": 4672,
        "terme_jantzen_bat": [
          "clé",
          "porte-bois"
        ]
      }
    },
    {
      "type": "Feature",
      "geometry": {
        "type": "Point",
        "coordinates": [
          2.3392,
          48.856746
        ]
      },
      "properties": {
        "id_bat": 447,
        "libelle": "11 quai de Conti",
        "ensemble": "",
        "arrondissement": 6,
        "image_ref": 2936,
        "terme_jantzen_bat": [
          "colonne",
          "façade",
          "fenetre",
          "fronton",
          "lucarne",
          "oeil-de-boeuf",
          "poignée-porte",
          "porte",
          "porte-bois",
          "sculpture"
        ]
      }
    },
    {
      "type": "Feature",
      "geometry": {
        "type": "Point",
        "coordinates": [
          2.302398,
          48.885774
        ]
      },
      "properties": {
        "id_bat": 449,
        "libelle": "11 rue Alphonse-de-Neuville",
        "ensemble": "",
        "arrondissement": 17,
        "image_ref": 247,
        "terme_jantzen_bat": [
          "brique",
          "façade"
        ]
      }
    },
    {
      "type": "Feature",
      "geometry": {
        "type": "Point",
        "coordinates": [
          2.376913,
          48.850783
        ]
      },
      "properties": {
        "id_bat": 450,
        "libelle": "11 rue Antoine-Vollon",
        "ensemble": "",
        "arrondissement": 12,
        "image_ref": 471,
        "terme_jantzen_bat": [
          "clé",
          "façade",
          "fenetre",
          "lucarne"
        ]
      }
    },
    {
      "type": "Feature",
      "geometry": {
        "type": "Point",
        "coordinates": [
          2.289011,
          48.835314
        ]
      },
      "properties": {
        "id_bat": 451,
        "libelle": "11 rue Auguste-Chabrières",
        "ensemble": "",
        "arrondissement": 15,
        "image_ref": 679,
        "terme_jantzen_bat": [
          "console",
          "façade-d'angle",
          "fenetre",
          "lucarne-d'angle",
          "porte-fer",
          "sculpture"
        ]
      }
    },
    {
      "type": "Feature",
      "geometry": {
        "type": "Point",
        "coordinates": [
          2.303599,
          48.875368
        ]
      },
      "properties": {
        "id_bat": 452,
        "libelle": "11 rue Berryer",
        "ensemble": "",
        "arrondissement": 8,
        "image_ref": 1205,
        "terme_jantzen_bat": [
          "colonne",
          "porte-bois"
        ]
      }
    },
    {
      "type": "Feature",
      "geometry": {
        "type": "Point",
        "coordinates": [
          2.292354,
          48.865716
        ]
      },
      "properties": {
        "id_bat": 454,
        "libelle": "11 rue Boissière",
        "ensemble": "",
        "arrondissement": 16,
        "image_ref": 1396,
        "terme_jantzen_bat": [
          "console",
          "sculpture"
        ]
      }
    },
    {
      "type": "Feature",
      "geometry": {
        "type": "Point",
        "coordinates": [
          2.398657,
          48.83613
        ]
      },
      "properties": {
        "id_bat": 461,
        "libelle": "11 rue de Capri",
        "ensemble": "",
        "arrondissement": 12,
        "image_ref": 1925,
        "terme_jantzen_bat": [
          "porte-fer-hall"
        ]
      }
    },
    {
      "type": "Feature",
      "geometry": {
        "type": "Point",
        "coordinates": [
          2.287094,
          48.840136
        ]
      },
      "properties": {
        "id_bat": 468,
        "libelle": "11 rue de Plélo",
        "ensemble": "",
        "arrondissement": 15,
        "image_ref": 11801,
        "terme_jantzen_bat": [
          "brique",
          "colonne",
          "céramique",
          "décor",
          "façade",
          "fenetre",
          "porte-fer"
        ]
      }
    },
    {
      "type": "Feature",
      "geometry": {
        "type": "Point",
        "coordinates": [
          2.293789,
          48.881864
        ]
      },
      "properties": {
        "id_bat": 469,
        "libelle": "11 rue de Saint-Senoch",
        "ensemble": "",
        "arrondissement": 17,
        "image_ref": 14890,
        "terme_jantzen_bat": [
          "dome",
          "lucarne"
        ]
      }
    },
    {
      "type": "Feature",
      "geometry": {
        "type": "Point",
        "coordinates": [
          2.337875,
          48.890708
        ]
      },
      "properties": {
        "id_bat": 478,
        "libelle": "11 rue Duhesme",
        "ensemble": "",
        "arrondissement": 18,
        "image_ref": 3888,
        "terme_jantzen_bat": [
          "fenetre"
        ]
      }
    },
    {
      "type": "Feature",
      "geometry": {
        "type": "Point",
        "coordinates": [
          2.301604,
          48.859608
        ]
      },
      "properties": {
        "id_bat": 479,
        "libelle": "11 rue Edmond-Valentin",
        "ensemble": "",
        "arrondissement": 7,
        "image_ref": 3984,
        "terme_jantzen_bat": [
          "balcon",
          "décor",
          "façade-d'angle",
          "fenetre-d'angle",
          "lucarne",
          "lucarne-d'angle",
          "oeil-de-boeuf",
          "sculpture",
          "toiture"
        ]
      }
    },
    {
      "type": "Feature",
      "geometry": {
        "type": "Point",
        "coordinates": [
          2.373048,
          48.846635
        ]
      },
      "properties": {
        "id_bat": 480,
        "libelle": "11 rue Émile-Gilbert",
        "ensemble": "",
        "arrondissement": 12,
        "image_ref": 4073,
        "terme_jantzen_bat": [
          "lucarne-d'angle"
        ]
      }
    },
    {
      "type": "Feature",
      "geometry": {
        "type": "Point",
        "coordinates": [
          2.270959,
          48.86244
        ]
      },
      "properties": {
        "id_bat": 481,
        "libelle": "11 rue Eugène-Labiche",
        "ensemble": "",
        "arrondissement": 16,
        "image_ref": 4226,
        "terme_jantzen_bat": [
          "clé",
          "console",
          "dome",
          "façade-d'angle",
          "fenetre",
          "fenetre-d'angle",
          "garde-corps",
          "lucarne",
          "sculpture"
        ]
      }
    },
    {
      "type": "Feature",
      "geometry": {
        "type": "Point",
        "coordinates": [
          2.272482,
          48.850865
        ]
      },
      "properties": {
        "id_bat": 482,
        "libelle": "11 rue François-Millet",
        "ensemble": "",
        "arrondissement": 16,
        "image_ref": 4838,
        "terme_jantzen_bat": [
          "décor",
          "fenetre",
          "garde-corps",
          "porte-fer-hall",
          "sculpture"
        ]
      }
    },
    {
      "type": "Feature",
      "geometry": {
        "type": "Point",
        "coordinates": [
          2.298827,
          48.881302
        ]
      },
      "properties": {
        "id_bat": 485,
        "libelle": "11 rue Gustave-Flaubert",
        "ensemble": "",
        "arrondissement": 17,
        "image_ref": 5856,
        "terme_jantzen_bat": [
          "décor",
          "façade-d'angle",
          "fenetre-d'angle",
          "pignon",
          "sculpture"
        ]
      }
    },
    {
      "type": "Feature",
      "geometry": {
        "type": "Point",
        "coordinates": [
          2.272568,
          48.855499
        ]
      },
      "properties": {
        "id_bat": 487,
        "libelle": "11 rue Gustave-Zédé",
        "ensemble": "",
        "arrondissement": 16,
        "image_ref": 5865,
        "terme_jantzen_bat": [
          "brique",
          "façade"
        ]
      }
    },
    {
      "type": "Feature",
      "geometry": {
        "type": "Point",
        "coordinates": [
          2.394844,
          48.847315
        ]
      },
      "properties": {
        "id_bat": 489,
        "libelle": "11 rue Jaucourt",
        "ensemble": "",
        "arrondissement": 12,
        "image_ref": 7201,
        "terme_jantzen_bat": [
          "dome",
          "lucarne-d'angle"
        ]
      }
    },
    {
      "type": "Feature",
      "geometry": {
        "type": "Point",
        "coordinates": [
          2.353468,
          48.842384
        ]
      },
      "properties": {
        "id_bat": 491,
        "libelle": "11 rue Larrey",
        "ensemble": "",
        "arrondissement": 5,
        "image_ref": 7947,
        "terme_jantzen_bat": [
          "porte-fer-hall"
        ]
      }
    },
    {
      "type": "Feature",
      "geometry": {
        "type": "Point",
        "coordinates": [
          2.286911,
          48.871356
        ]
      },
      "properties": {
        "id_bat": 492,
        "libelle": "11 rue Leroux",
        "ensemble": "",
        "arrondissement": 16,
        "image_ref": 8320,
        "terme_jantzen_bat": [
          "brique",
          "oriel"
        ]
      }
    },
    {
      "type": "Feature",
      "geometry": {
        "type": "Point",
        "coordinates": [
          2.301202,
          48.879989
        ]
      },
      "properties": {
        "id_bat": 493,
        "libelle": "11 rue Margueritte",
        "ensemble": "",
        "arrondissement": 17,
        "image_ref": 9260,
        "terme_jantzen_bat": [
          "console",
          "décor",
          "fenetre",
          "garde-corps",
          "sculpture"
        ]
      }
    },
    {
      "type": "Feature",
      "geometry": {
        "type": "Point",
        "coordinates": [
          2.362298,
          48.858105
        ]
      },
      "properties": {
        "id_bat": 496,
        "libelle": "11 rue Payenne",
        "ensemble": "",
        "arrondissement": 3,
        "image_ref": 11307,
        "terme_jantzen_bat": [
          "clé",
          "sculpture"
        ]
      }
    },
    {
      "type": "Feature",
      "geometry": {
        "type": "Point",
        "coordinates": [
          2.334823,
          48.850062
        ]
      },
      "properties": {
        "id_bat": 503,
        "libelle": "11 rue Servandoni",
        "ensemble": "",
        "arrondissement": 6,
        "image_ref": 13552,
        "terme_jantzen_bat": [
          "fenetre",
          "porte-fer"
        ]
      }
    },
    {
      "type": "Feature",
      "geometry": {
        "type": "Point",
        "coordinates": [
          2.301072,
          48.887729
        ]
      },
      "properties": {
        "id_bat": 507,
        "libelle": "11 rue Verniquet",
        "ensemble": "",
        "arrondissement": 17,
        "image_ref": 16081,
        "terme_jantzen_bat": [
          "façade",
          "fenetre",
          "lucarne"
        ]
      }
    },
    {
      "type": "Feature",
      "geometry": {
        "type": "Point",
        "coordinates": [
          2.367275,
          48.863124
        ]
      },
      "properties": {
        "id_bat": 513,
        "libelle": "110 rue Amelot",
        "ensemble": "",
        "arrondissement": 11,
        "image_ref": 283,
        "terme_jantzen_bat": [
          "décor",
          "façade",
          "fenetre",
          "sculpture"
        ]
      }
    },
    {
      "type": "Feature",
      "geometry": {
        "type": "Point",
        "coordinates": [
          2.339923,
          48.871508
        ]
      },
      "properties": {
        "id_bat": 514,
        "libelle": "110 rue de Richelieu",
        "ensemble": "",
        "arrondissement": 2,
        "image_ref": 13014,
        "terme_jantzen_bat": [
          "décor",
          "façade",
          "fenetre",
          "sculpture"
        ]
      }
    },
    {
      "type": "Feature",
      "geometry": {
        "type": "Point",
        "coordinates": [
          2.346871,
          48.867564
        ]
      },
      "properties": {
        "id_bat": 516,
        "libelle": "110 rue Réaumur",
        "ensemble": "",
        "arrondissement": 2,
        "image_ref": 12665,
        "terme_jantzen_bat": [
          "colonne",
          "dome",
          "lucarne-d'angle"
        ]
      }
    },
    {
      "type": "Feature",
      "geometry": {
        "type": "Point",
        "coordinates": [
          2.363046,
          48.861094
        ]
      },
      "properties": {
        "id_bat": 517,
        "libelle": "110 rue Vieille-du-Temple",
        "ensemble": "",
        "arrondissement": 3,
        "image_ref": 16451,
        "terme_jantzen_bat": [
          "fenetre",
          "porte-bois",
          "sculpture"
        ]
      }
    },
    {
      "type": "Feature",
      "geometry": {
        "type": "Point",
        "coordinates": [
          2.282921,
          48.868509
        ]
      },
      "properties": {
        "id_bat": 519,
        "libelle": "111 avenue Victor-Hugo",
        "ensemble": "",
        "arrondissement": 16,
        "image_ref": 16345,
        "terme_jantzen_bat": [
          "brique",
          "console",
          "façade",
          "métal",
          "oriel"
        ]
      }
    },
    {
      "type": "Feature",
      "geometry": {
        "type": "Point",
        "coordinates": [
          2.338916,
          48.843422
        ]
      },
      "properties": {
        "id_bat": 520,
        "libelle": "111 boulevard Saint-Michel",
        "ensemble": "",
        "arrondissement": 5,
        "image_ref": 14759,
        "terme_jantzen_bat": [
          "clé",
          "sculpture"
        ]
      }
    },
    {
      "type": "Feature",
      "geometry": {
        "type": "Point",
        "coordinates": [
          2.302211,
          48.858477
        ]
      },
      "properties": {
        "id_bat": 522,
        "libelle": "112  rue Saint-Dominique",
        "ensemble": "",
        "arrondissement": 7,
        "image_ref": 14095,
        "terme_jantzen_bat": [
          "façade",
          "fenetre",
          "porte-bois"
        ]
      }
    },
    {
      "type": "Feature",
      "geometry": {
        "type": "Point",
        "coordinates": [
          2.363596,
          48.874405
        ]
      },
      "properties": {
        "id_bat": 525,
        "libelle": "112 quai de Jemmapes",
        "ensemble": "",
        "arrondissement": 10,
        "image_ref": 7274,
        "terme_jantzen_bat": [
          "brique",
          "façade",
          "oriel"
        ]
      }
    },
    {
      "type": "Feature",
      "geometry": {
        "type": "Point",
        "coordinates": [
          2.340597,
          48.889799
        ]
      },
      "properties": {
        "id_bat": 538,
        "libelle": "113 rue Caulaincourt",
        "ensemble": "",
        "arrondissement": 18,
        "image_ref": 2055,
        "terme_jantzen_bat": [
          "console",
          "façade",
          "fenetre",
          "lucarne",
          "porte-bois",
          "sculpture",
          "toiture"
        ]
      }
    },
    {
      "type": "Feature",
      "geometry": {
        "type": "Point",
        "coordinates": [
          2.328335,
          48.848334
        ]
      },
      "properties": {
        "id_bat": 539,
        "libelle": "113 rue de Rennes",
        "ensemble": "",
        "arrondissement": 6,
        "image_ref": 12892,
        "terme_jantzen_bat": [
          "façade"
        ]
      }
    },
    {
      "type": "Feature",
      "geometry": {
        "type": "Point",
        "coordinates": [
          2.301183,
          48.872187
        ]
      },
      "properties": {
        "id_bat": 542,
        "libelle": "114 avenue des Champs-Élysées",
        "ensemble": "",
        "arrondissement": 8,
        "image_ref": 2234,
        "terme_jantzen_bat": [
          "balcon",
          "colonne",
          "console",
          "dome",
          "fenetre",
          "loggia",
          "lucarne-d'angle",
          "sculpture"
        ]
      }
    },
    {
      "type": "Feature",
      "geometry": {
        "type": "Point",
        "coordinates": [
          2.340812,
          48.889808
        ]
      },
      "properties": {
        "id_bat": 551,
        "libelle": "115 rue Caulaincourt",
        "ensemble": "",
        "arrondissement": 18,
        "image_ref": 2062,
        "terme_jantzen_bat": [
          "colonne",
          "console",
          "loggia",
          "lucarne",
          "sculpture"
        ]
      }
    },
    {
      "type": "Feature",
      "geometry": {
        "type": "Point",
        "coordinates": [
          2.317755,
          48.85744
        ]
      },
      "properties": {
        "id_bat": 553,
        "libelle": "115 rue de Grenelle",
        "ensemble": "",
        "arrondissement": 7,
        "image_ref": 5688,
        "terme_jantzen_bat": [
          "façade",
          "fenetre",
          "porte",
          "porte-bois"
        ]
      }
    },
    {
      "type": "Feature",
      "geometry": {
        "type": "Point",
        "coordinates": [
          2.328233,
          48.848222
        ]
      },
      "properties": {
        "id_bat": 554,
        "libelle": "115 rue de Rennes",
        "ensemble": "",
        "arrondissement": 6,
        "image_ref": 12893,
        "terme_jantzen_bat": [
          "décor",
          "fenetre",
          "sculpture"
        ]
      }
    },
    {
      "type": "Feature",
      "geometry": {
        "type": "Point",
        "coordinates": [
          2.297881,
          48.885678
        ]
      },
      "properties": {
        "id_bat": 558,
        "libelle": "116 boulevard Pereire",
        "ensemble": "",
        "arrondissement": 17,
        "image_ref": 11340,
        "terme_jantzen_bat": [
          "chimère",
          "console",
          "fenetre",
          "lucarne",
          "oeil-de-boeuf",
          "porte-fer",
          "sculpture",
          "toiture"
        ]
      }
    },
    {
      "type": "Feature",
      "geometry": {
        "type": "Point",
        "coordinates": [
          2.302269,
          48.842596
        ]
      },
      "properties": {
        "id_bat": 563,
        "libelle": "116 rue Lecourbe",
        "ensemble": "",
        "arrondissement": 15,
        "image_ref": 8183,
        "terme_jantzen_bat": [
          "décor",
          "façade",
          "façade-d'angle",
          "fenetre",
          "fenetre-d'angle",
          "fronton",
          "lucarne-d'angle",
          "sculpture"
        ]
      }
    },
    {
      "type": "Feature",
      "geometry": {
        "type": "Point",
        "coordinates": [
          2.345188,
          48.867927
        ]
      },
      "properties": {
        "id_bat": 564,
        "libelle": "116 rue Réaumur",
        "ensemble": "",
        "arrondissement": 2,
        "image_ref": 12671,
        "terme_jantzen_bat": [
          "atlante",
          "console",
          "fenetre",
          "fronton",
          "porte-fer",
          "sculpture"
        ]
      }
    },
    {
      "type": "Feature",
      "geometry": {
        "type": "Point",
        "coordinates": [
          2.400734,
          48.867702
        ]
      },
      "properties": {
        "id_bat": 566,
        "libelle": "117 avenue Gambetta",
        "ensemble": "",
        "arrondissement": 20,
        "image_ref": 5080,
        "terme_jantzen_bat": [
          "balcon",
          "colonne",
          "console",
          "fenetre-d'angle",
          "sculpture",
          "tour"
        ]
      }
    },
    {
      "type": "Feature",
      "geometry": {
        "type": "Point",
        "coordinates": [
          2.337864,
          48.852536
        ]
      },
      "properties": {
        "id_bat": 569,
        "libelle": "117 boulevard Saint-Germain",
        "ensemble": "",
        "arrondissement": 6,
        "image_ref": 14273,
        "terme_jantzen_bat": [
          "balcon",
          "clé",
          "dome",
          "décor",
          "façade-d'angle",
          "fenetre",
          "lucarne",
          "porte-bois",
          "sculpture"
        ]
      }
    },
    {
      "type": "Feature",
      "geometry": {
        "type": "Point",
        "coordinates": [
          2.387627,
          48.874754
        ]
      },
      "properties": {
        "id_bat": 570,
        "libelle": "117 rue de Belleville",
        "ensemble": "",
        "arrondissement": 19,
        "image_ref": 1100,
        "terme_jantzen_bat": [
          "brique",
          "céramique",
          "façade",
          "fenetre-d'angle",
          "oriel",
          "sculpture"
        ]
      }
    },
    {
      "type": "Feature",
      "geometry": {
        "type": "Point",
        "coordinates": [
          2.286757,
          48.866371
        ]
      },
      "properties": {
        "id_bat": 573,
        "libelle": "117 rue Lauriston",
        "ensemble": "",
        "arrondissement": 16,
        "image_ref": 8128,
        "terme_jantzen_bat": [
          "balcon",
          "dome",
          "décor",
          "façade-d'angle",
          "fenetre-d'angle",
          "lucarne",
          "lucarne-d'angle",
          "oeil-de-boeuf",
          "sculpture"
        ]
      }
    },
    {
      "type": "Feature",
      "geometry": {
        "type": "Point",
        "coordinates": [
          2.302062,
          48.842533
        ]
      },
      "properties": {
        "id_bat": 580,
        "libelle": "118 rue Lecourbe",
        "ensemble": "",
        "arrondissement": 15,
        "image_ref": 8193,
        "terme_jantzen_bat": [
          "façade"
        ]
      }
    },
    {
      "type": "Feature",
      "geometry": {
        "type": "Point",
        "coordinates": [
          2.344961,
          48.867977
        ]
      },
      "properties": {
        "id_bat": 581,
        "libelle": "118 rue Réaumur",
        "ensemble": "",
        "arrondissement": 2,
        "image_ref": 12676,
        "terme_jantzen_bat": [
          "colonne",
          "décor",
          "fenetre",
          "métal",
          "verrière"
        ]
      }
    },
    {
      "type": "Feature",
      "geometry": {
        "type": "Point",
        "coordinates": [
          2.300862,
          48.882118
        ]
      },
      "properties": {
        "id_bat": 582,
        "libelle": "119 avenue de Wagram",
        "ensemble": "",
        "arrondissement": 17,
        "image_ref": 17008,
        "terme_jantzen_bat": [
          "colonne",
          "façade",
          "fenetre",
          "lucarne",
          "porte-fer"
        ]
      }
    },
    {
      "type": "Feature",
      "geometry": {
        "type": "Point",
        "coordinates": [
          2.328793,
          48.845551
        ]
      },
      "properties": {
        "id_bat": 584,
        "libelle": "119 boulevard Raspail",
        "ensemble": "",
        "arrondissement": 6,
        "image_ref": 12351,
        "terme_jantzen_bat": [
          "façade-d'angle",
          "fenetre-d'angle",
          "lucarne",
          "lucarne-d'angle",
          "oeil-de-boeuf"
        ]
      }
    },
    {
      "type": "Feature",
      "geometry": {
        "type": "Point",
        "coordinates": [
          2.29904,
          48.883037
        ]
      },
      "properties": {
        "id_bat": 585,
        "libelle": "119 rue de Courcelles",
        "ensemble": "",
        "arrondissement": 17,
        "image_ref": 3073,
        "terme_jantzen_bat": [
          "balcon",
          "façade",
          "fenetre",
          "porte-fer",
          "sculpture"
        ]
      }
    },
    {
      "type": "Feature",
      "geometry": {
        "type": "Point",
        "coordinates": [
          2.342334,
          48.868341
        ]
      },
      "properties": {
        "id_bat": 586,
        "libelle": "119 rue Réaumur",
        "ensemble": "",
        "arrondissement": 2,
        "image_ref": 12681,
        "terme_jantzen_bat": [
          "clé",
          "dome",
          "façade",
          "fenetre",
          "garde-corps",
          "lucarne",
          "sculpture"
        ]
      }
    },
    {
      "type": "Feature",
      "geometry": {
        "type": "Point",
        "coordinates": [
          2.301782,
          48.85595
        ]
      },
      "properties": {
        "id_bat": 587,
        "libelle": "11B avenue Émile-Deschanel",
        "ensemble": "",
        "arrondissement": 7,
        "image_ref": 4060,
        "terme_jantzen_bat": [
          "clé",
          "fenetre-d'angle",
          "fronton",
          "lucarne",
          "lucarne-d'angle",
          "sculpture"
        ]
      }
    },
    {
      "type": "Feature",
      "geometry": {
        "type": "Point",
        "coordinates": [
          2.30906,
          48.847077
        ]
      },
      "properties": {
        "id_bat": 591,
        "libelle": "11B rue César-Franck",
        "ensemble": "",
        "arrondissement": 15,
        "image_ref": 2167,
        "terme_jantzen_bat": [
          "brique",
          "façade"
        ]
      }
    },
    {
      "type": "Feature",
      "geometry": {
        "type": "Point",
        "coordinates": [
          2.398789,
          48.836236
        ]
      },
      "properties": {
        "id_bat": 592,
        "libelle": "11b rue de Capri",
        "ensemble": "",
        "arrondissement": 12,
        "image_ref": 1926,
        "terme_jantzen_bat": [
          "porte-fer-hall"
        ]
      }
    },
    {
      "type": "Feature",
      "geometry": {
        "type": "Point",
        "coordinates": [
          2.353431,
          48.842541
        ]
      },
      "properties": {
        "id_bat": 598,
        "libelle": "11b rue Larrey",
        "ensemble": "",
        "arrondissement": 5,
        "image_ref": 7948,
        "terme_jantzen_bat": [
          "clé",
          "fenetre",
          "mosaique",
          "porte-bois"
        ]
      }
    },
    {
      "type": "Feature",
      "geometry": {
        "type": "Point",
        "coordinates": [
          2.301006,
          48.880172
        ]
      },
      "properties": {
        "id_bat": 599,
        "libelle": "11b rue Margueritte",
        "ensemble": "",
        "arrondissement": 17,
        "image_ref": 9262,
        "terme_jantzen_bat": [
          "fenetre",
          "sculpture"
        ]
      }
    },
    {
      "type": "Feature",
      "geometry": {
        "type": "Point",
        "coordinates": [
          2.310765,
          48.881644
        ]
      },
      "properties": {
        "id_bat": 602,
        "libelle": "11t rue Georges-Berger",
        "ensemble": "",
        "arrondissement": 17,
        "image_ref": 5291,
        "terme_jantzen_bat": [
          "lucarne"
        ]
      }
    },
    {
      "type": "Feature",
      "geometry": {
        "type": "Point",
        "coordinates": [
          2.38095,
          48.883665
        ]
      },
      "properties": {
        "id_bat": 607,
        "libelle": "12 avenue de Laumière",
        "ensemble": "",
        "arrondissement": 19,
        "image_ref": 8112,
        "terme_jantzen_bat": [
          "clé",
          "porte-fer"
        ]
      }
    },
    {
      "type": "Feature",
      "geometry": {
        "type": "Point",
        "coordinates": [
          2.308613,
          48.852997
        ]
      },
      "properties": {
        "id_bat": 608,
        "libelle": "12 avenue de Lowendal",
        "ensemble": "",
        "arrondissement": 7,
        "image_ref": 8827,
        "terme_jantzen_bat": [
          "chimère",
          "console",
          "fenetre",
          "garde-corps",
          "porte-fer",
          "porte-fer-hall",
          "sculpture"
        ]
      }
    },
    {
      "type": "Feature",
      "geometry": {
        "type": "Point",
        "coordinates": [
          2.294955,
          48.879664
        ]
      },
      "properties": {
        "id_bat": 611,
        "libelle": "12 avenue Niel",
        "ensemble": "",
        "arrondissement": 17,
        "image_ref": 10256,
        "terme_jantzen_bat": [
          "clé",
          "décor",
          "façade-d'angle",
          "fenetre",
          "lucarne",
          "porte-fer",
          "porte-fer-hall",
          "sculpture"
        ]
      }
    },
    {
      "type": "Feature",
      "geometry": {
        "type": "Point",
        "coordinates": [
          2.331065,
          48.870612
        ]
      },
      "properties": {
        "id_bat": 613,
        "libelle": "12 boulevard des Capucines",
        "ensemble": "",
        "arrondissement": 9,
        "image_ref": 1939,
        "terme_jantzen_bat": [
          "atlante",
          "balcon",
          "façade",
          "garde-corps",
          "lucarne",
          "lucarne-d'angle",
          "pilastre",
          "sculpture",
          "toiture"
        ]
      }
    },
    {
      "type": "Feature",
      "geometry": {
        "type": "Point",
        "coordinates": [
          2.330655,
          48.834266
        ]
      },
      "properties": {
        "id_bat": 622,
        "libelle": "12 place Denfert-Rochereau",
        "ensemble": "",
        "arrondissement": 14,
        "image_ref": 3678,
        "terme_jantzen_bat": [
          "dome",
          "fenetre-d'angle"
        ]
      }
    },
    {
      "type": "Feature",
      "geometry": {
        "type": "Point",
        "coordinates": [
          2.341224,
          48.866108
        ]
      },
      "properties": {
        "id_bat": 623,
        "libelle": "12 place des Victoires",
        "ensemble": "",
        "arrondissement": 2,
        "image_ref": 16263,
        "terme_jantzen_bat": [
          "clé",
          "façade",
          "fenetre",
          "lucarne",
          "sculpture"
        ]
      }
    },
    {
      "type": "Feature",
      "geometry": {
        "type": "Point",
        "coordinates": [
          2.344888,
          48.846806
        ]
      },
      "properties": {
        "id_bat": 626,
        "libelle": "12 place du Panthéon",
        "ensemble": "",
        "arrondissement": 5,
        "image_ref": 11113,
        "terme_jantzen_bat": [
          "colonne",
          "façade",
          "fronton",
          "porte"
        ]
      }
    },
    {
      "type": "Feature",
      "geometry": {
        "type": "Point",
        "coordinates": [
          2.329971,
          48.86697
        ]
      },
      "properties": {
        "id_bat": 627,
        "libelle": "12 place Vendôme",
        "ensemble": "",
        "arrondissement": 1,
        "image_ref": 15980,
        "terme_jantzen_bat": [
          "façade",
          "fenetre",
          "lucarne"
        ]
      }
    },
    {
      "type": "Feature",
      "geometry": {
        "type": "Point",
        "coordinates": [
          2.375242,
          48.846966
        ]
      },
      "properties": {
        "id_bat": 629,
        "libelle": "12 rue Abel",
        "ensemble": "",
        "arrondissement": 12,
        "image_ref": 108,
        "terme_jantzen_bat": [
          "lucarne-d'angle"
        ]
      }
    },
    {
      "type": "Feature",
      "geometry": {
        "type": "Point",
        "coordinates": [
          2.310071,
          48.846571
        ]
      },
      "properties": {
        "id_bat": 631,
        "libelle": "12 rue Bouchut",
        "ensemble": "",
        "arrondissement": 15,
        "image_ref": 1452,
        "terme_jantzen_bat": [
          "brique",
          "décor",
          "façade",
          "fenetre",
          "garde-corps",
          "métal",
          "oriel"
        ]
      }
    },
    {
      "type": "Feature",
      "geometry": {
        "type": "Point",
        "coordinates": [
          2.332521,
          48.891326
        ]
      },
      "properties": {
        "id_bat": 633,
        "libelle": "12 rue Carpeaux",
        "ensemble": "",
        "arrondissement": 18,
        "image_ref": 2000,
        "terme_jantzen_bat": [
          "brique",
          "façade",
          "fenetre",
          "lucarne"
        ]
      }
    },
    {
      "type": "Feature",
      "geometry": {
        "type": "Point",
        "coordinates": [
          2.363271,
          48.862636
        ]
      },
      "properties": {
        "id_bat": 636,
        "libelle": "12 rue de Bretagne",
        "ensemble": "",
        "arrondissement": 3,
        "image_ref": 1601,
        "terme_jantzen_bat": [
          "console",
          "sculpture"
        ]
      }
    },
    {
      "type": "Feature",
      "geometry": {
        "type": "Point",
        "coordinates": [
          2.337295,
          48.853906
        ]
      },
      "properties": {
        "id_bat": 637,
        "libelle": "12 rue de Buci",
        "ensemble": "",
        "arrondissement": 6,
        "image_ref": 1793,
        "terme_jantzen_bat": [
          "clé",
          "façade",
          "fenetre",
          "garde-corps",
          "sculpture"
        ]
      }
    },
    {
      "type": "Feature",
      "geometry": {
        "type": "Point",
        "coordinates": [
          2.398799,
          48.836046
        ]
      },
      "properties": {
        "id_bat": 638,
        "libelle": "12 rue de Capri",
        "ensemble": "",
        "arrondissement": 12,
        "image_ref": 1927,
        "terme_jantzen_bat": [
          "porte-fer"
        ]
      }
    },
    {
      "type": "Feature",
      "geometry": {
        "type": "Point",
        "coordinates": [
          2.314571,
          48.839511
        ]
      },
      "properties": {
        "id_bat": 640,
        "libelle": "12 rue de l'Armorique",
        "ensemble": "",
        "arrondissement": 15,
        "image_ref": 575,
        "terme_jantzen_bat": [
          "balcon",
          "console",
          "façade",
          "fenetre",
          "lucarne",
          "oriel",
          "porte-bois",
          "sculpture",
          "verrière"
        ]
      }
    },
    {
      "type": "Feature",
      "geometry": {
        "type": "Point",
        "coordinates": [
          2.340759,
          48.851253
        ]
      },
      "properties": {
        "id_bat": 641,
        "libelle": "12 rue de l'École-de-Médecine",
        "ensemble": "",
        "arrondissement": 6,
        "image_ref": 3934,
        "terme_jantzen_bat": [
          "colonne",
          "façade",
          "porte-fer",
          "sculpture"
        ]
      }
    },
    {
      "type": "Feature",
      "geometry": {
        "type": "Point",
        "coordinates": [
          2.350244,
          48.841567
        ]
      },
      "properties": {
        "id_bat": 642,
        "libelle": "12 rue de l'Épée-de-Bois",
        "ensemble": "",
        "arrondissement": 15,
        "image_ref": 4118,
        "terme_jantzen_bat": [
          "console",
          "sculpture"
        ]
      }
    },
    {
      "type": "Feature",
      "geometry": {
        "type": "Point",
        "coordinates": [
          2.355672,
          48.878035
        ]
      },
      "properties": {
        "id_bat": 646,
        "libelle": "12 rue de Saint-Quentin",
        "ensemble": "",
        "arrondissement": 10,
        "image_ref": 14874,
        "terme_jantzen_bat": [
          "chimère",
          "clé",
          "console",
          "façade",
          "fenetre",
          "lucarne",
          "oriel",
          "sculpture"
        ]
      }
    },
    {
      "type": "Feature",
      "geometry": {
        "type": "Point",
        "coordinates": [
          2.3371,
          48.849844
        ]
      },
      "properties": {
        "id_bat": 647,
        "libelle": "12 rue de Tournon",
        "ensemble": "",
        "arrondissement": 6,
        "image_ref": 15399,
        "terme_jantzen_bat": [
          "balcon",
          "façade",
          "fenetre",
          "lucarne",
          "toiture"
        ]
      }
    },
    {
      "type": "Feature",
      "geometry": {
        "type": "Point",
        "coordinates": [
          2.281711,
          48.864934
        ]
      },
      "properties": {
        "id_bat": 648,
        "libelle": "12 rue Decamps",
        "ensemble": "",
        "arrondissement": 16,
        "image_ref": 3711,
        "terme_jantzen_bat": [
          "décor",
          "fenetre",
          "sculpture"
        ]
      }
    },
    {
      "type": "Feature",
      "geometry": {
        "type": "Point",
        "coordinates": [
          2.285046,
          48.882697
        ]
      },
      "properties": {
        "id_bat": 650,
        "libelle": "12 rue des Dardanelles",
        "ensemble": "",
        "arrondissement": 17,
        "image_ref": 3511,
        "terme_jantzen_bat": [
          "console",
          "fenetre",
          "garde-corps",
          "oriel"
        ]
      }
    },
    {
      "type": "Feature",
      "geometry": {
        "type": "Point",
        "coordinates": [
          2.34962,
          48.848425
        ]
      },
      "properties": {
        "id_bat": 651,
        "libelle": "12 rue des Écoles",
        "ensemble": "",
        "arrondissement": 5,
        "image_ref": 3970,
        "terme_jantzen_bat": [
          "fenetre",
          "porte-bois"
        ]
      }
    },
    {
      "type": "Feature",
      "geometry": {
        "type": "Point",
        "coordinates": [
          2.362058,
          48.852539
        ]
      },
      "properties": {
        "id_bat": 653,
        "libelle": "12 rue des Lions-Saint-Paul",
        "ensemble": "",
        "arrondissement": 4,
        "image_ref": 8399,
        "terme_jantzen_bat": [
          "façade",
          "fenetre",
          "fronton",
          "porte-bois"
        ]
      }
    },
    {
      "type": "Feature",
      "geometry": {
        "type": "Point",
        "coordinates": [
          2.329945,
          48.881129
        ]
      },
      "properties": {
        "id_bat": 657,
        "libelle": "12 rue du Cardinal-Mercier",
        "ensemble": "",
        "arrondissement": 9,
        "image_ref": 1971,
        "terme_jantzen_bat": [
          "balcon",
          "clé",
          "colonne",
          "façade",
          "fenetre",
          "garde-corps",
          "porte-bois",
          "sculpture",
          "verrière"
        ]
      }
    },
    {
      "type": "Feature",
      "geometry": {
        "type": "Point",
        "coordinates": [
          2.337475,
          48.869536
        ]
      },
      "properties": {
        "id_bat": 662,
        "libelle": "12 rue du Quatre-Septembre",
        "ensemble": "",
        "arrondissement": 2,
        "image_ref": 12189,
        "terme_jantzen_bat": [
          "cariatide",
          "fenetre",
          "porte-bois",
          "sculpture"
        ]
      }
    },
    {
      "type": "Feature",
      "geometry": {
        "type": "Point",
        "coordinates": [
          2.352333,
          48.858829
        ]
      },
      "properties": {
        "id_bat": 663,
        "libelle": "12 rue du Renard",
        "ensemble": "",
        "arrondissement": 4,
        "image_ref": 12844,
        "terme_jantzen_bat": [
          "console",
          "façade",
          "fenetre",
          "lucarne",
          "porte-bois",
          "sculpture"
        ]
      }
    },
    {
      "type": "Feature",
      "geometry": {
        "type": "Point",
        "coordinates": [
          2.326049,
          48.887997
        ]
      },
      "properties": {
        "id_bat": 664,
        "libelle": "12 rue Étienne-Jodelle",
        "ensemble": "",
        "arrondissement": 18,
        "image_ref": 4154,
        "terme_jantzen_bat": [
          "balcon",
          "console",
          "fenetre",
          "fenetre-d'angle",
          "garde-corps",
          "sculpture"
        ]
      }
    },
    {
      "type": "Feature",
      "geometry": {
        "type": "Point",
        "coordinates": [
          2.293331,
          48.882032
        ]
      },
      "properties": {
        "id_bat": 665,
        "libelle": "12 rue Faraday",
        "ensemble": "",
        "arrondissement": 17,
        "image_ref": 4353,
        "terme_jantzen_bat": [
          "porte-fer"
        ]
      }
    },
    {
      "type": "Feature",
      "geometry": {
        "type": "Point",
        "coordinates": [
          2.355343,
          48.85582
        ]
      },
      "properties": {
        "id_bat": 666,
        "libelle": "12 rue François-Miron",
        "ensemble": "",
        "arrondissement": 4,
        "image_ref": 4853,
        "terme_jantzen_bat": [
          "garde-corps"
        ]
      }
    },
    {
      "type": "Feature",
      "geometry": {
        "type": "Point",
        "coordinates": [
          2.334195,
          48.868325
        ]
      },
      "properties": {
        "id_bat": 667,
        "libelle": "12 rue Gaillon",
        "ensemble": "",
        "arrondissement": 2,
        "image_ref": 5038,
        "terme_jantzen_bat": [
          "console",
          "décor",
          "façade",
          "fenetre",
          "garde-corps",
          "métal",
          "porte-fer",
          "verrière"
        ]
      }
    },
    {
      "type": "Feature",
      "geometry": {
        "type": "Point",
        "coordinates": [
          2.308524,
          48.866464
        ]
      },
      "properties": {
        "id_bat": 672,
        "libelle": "12 rue Jean-Goujon",
        "ensemble": "",
        "arrondissement": 8,
        "image_ref": 7230,
        "terme_jantzen_bat": [
          "marquise",
          "porte-fer"
        ]
      }
    },
    {
      "type": "Feature",
      "geometry": {
        "type": "Point",
        "coordinates": [
          2.314852,
          48.829693
        ]
      },
      "properties": {
        "id_bat": 673,
        "libelle": "12 rue Jonquoy",
        "ensemble": "",
        "arrondissement": 14,
        "image_ref": 7324,
        "terme_jantzen_bat": [
          "brique",
          "céramique",
          "décor",
          "fenetre",
          "loggia"
        ]
      }
    },
    {
      "type": "Feature",
      "geometry": {
        "type": "Point",
        "coordinates": [
          2.335896,
          48.851783
        ]
      },
      "properties": {
        "id_bat": 676,
        "libelle": "12 rue Lobineau",
        "ensemble": "",
        "arrondissement": 6,
        "image_ref": 8420,
        "terme_jantzen_bat": [
          "balcon",
          "façade",
          "porte-bois"
        ]
      }
    },
    {
      "type": "Feature",
      "geometry": {
        "type": "Point",
        "coordinates": [
          2.301297,
          48.880165
        ]
      },
      "properties": {
        "id_bat": 679,
        "libelle": "12 rue Margueritte",
        "ensemble": "",
        "arrondissement": 17,
        "image_ref": 9263,
        "terme_jantzen_bat": [
          "porte-fer-hall"
        ]
      }
    },
    {
      "type": "Feature",
      "geometry": {
        "type": "Point",
        "coordinates": [
          2.3859,
          48.875162
        ]
      },
      "properties": {
        "id_bat": 680,
        "libelle": "12 rue Mélingue",
        "ensemble": "",
        "arrondissement": 19,
        "image_ref": 9458,
        "terme_jantzen_bat": [
          "console",
          "sculpture"
        ]
      }
    },
    {
      "type": "Feature",
      "geometry": {
        "type": "Point",
        "coordinates": [
          2.324588,
          48.867788
        ]
      },
      "properties": {
        "id_bat": 690,
        "libelle": "12 rue Saint-Florentin",
        "ensemble": "",
        "arrondissement": 1,
        "image_ref": 14214,
        "terme_jantzen_bat": [
          "console",
          "lucarne-d'angle",
          "sculpture"
        ]
      }
    },
    {
      "type": "Feature",
      "geometry": {
        "type": "Point",
        "coordinates": [
          2.301651,
          48.858715
        ]
      },
      "properties": {
        "id_bat": 694,
        "libelle": "12 rue Sédillot",
        "ensemble": "",
        "arrondissement": 7,
        "image_ref": 13460,
        "terme_jantzen_bat": [
          "chimère",
          "colonne",
          "console",
          "décor",
          "façade",
          "fenetre",
          "garde-corps",
          "lucarne",
          "métal",
          "porte-fer",
          "sculpture"
        ]
      }
    },
    {
      "type": "Feature",
      "geometry": {
        "type": "Point",
        "coordinates": [
          2.300778,
          48.879721
        ]
      },
      "properties": {
        "id_bat": 696,
        "libelle": "12 rue Théodule-Ribot",
        "ensemble": "",
        "arrondissement": 17,
        "image_ref": 15174,
        "terme_jantzen_bat": [
          "porte-fer-hall"
        ]
      }
    },
    {
      "type": "Feature",
      "geometry": {
        "type": "Point",
        "coordinates": [
          2.330155,
          48.884595
        ]
      },
      "properties": {
        "id_bat": 703,
        "libelle": "120 boulevard de Clichy",
        "ensemble": "",
        "arrondissement": 18,
        "image_ref": 2630,
        "terme_jantzen_bat": [
          "balcon",
          "façade",
          "fenetre",
          "garde-corps",
          "lucarne",
          "sculpture"
        ]
      }
    },
    {
      "type": "Feature",
      "geometry": {
        "type": "Point",
        "coordinates": [
          2.370711,
          48.865
        ]
      },
      "properties": {
        "id_bat": 704,
        "libelle": "120 boulevard Richard-Lenoir",
        "ensemble": "",
        "arrondissement": 11,
        "image_ref": 12965,
        "terme_jantzen_bat": [
          "dome",
          "façade-d'angle",
          "fenetre-d'angle",
          "lucarne-d'angle"
        ]
      }
    },
    {
      "type": "Feature",
      "geometry": {
        "type": "Point",
        "coordinates": [
          2.32353,
          48.852375
        ]
      },
      "properties": {
        "id_bat": 706,
        "libelle": "120 rue du Bac",
        "ensemble": "",
        "arrondissement": 7,
        "image_ref": 722,
        "terme_jantzen_bat": [
          "clé",
          "fenetre",
          "porte-bois",
          "sculpture"
        ]
      }
    },
    {
      "type": "Feature",
      "geometry": {
        "type": "Point",
        "coordinates": [
          2.301876,
          48.842477
        ]
      },
      "properties": {
        "id_bat": 708,
        "libelle": "120 rue Lecourbe",
        "ensemble": "",
        "arrondissement": 15,
        "image_ref": 8195,
        "terme_jantzen_bat": [
          "colonne",
          "fenetre",
          "porte-bois",
          "sculpture"
        ]
      }
    },
    {
      "type": "Feature",
      "geometry": {
        "type": "Point",
        "coordinates": [
          2.330881,
          48.841369
        ]
      },
      "properties": {
        "id_bat": 709,
        "libelle": "120b boulevard du Montparnasse",
        "ensemble": "",
        "arrondissement": 14,
        "image_ref": 9991,
        "terme_jantzen_bat": [
          "mosaique",
          "porte-fer",
          "porte-fer-hall"
        ]
      }
    },
    {
      "type": "Feature",
      "geometry": {
        "type": "Point",
        "coordinates": [
          2.258481,
          48.846496
        ]
      },
      "properties": {
        "id_bat": 711,
        "libelle": "121 boulevard Exelmans",
        "ensemble": "",
        "arrondissement": 16,
        "image_ref": 4293,
        "terme_jantzen_bat": [
          "clé",
          "fenetre",
          "sculpture"
        ]
      }
    },
    {
      "type": "Feature",
      "geometry": {
        "type": "Point",
        "coordinates": [
          2.364571,
          48.863651
        ]
      },
      "properties": {
        "id_bat": 713,
        "libelle": "121 rue de Turenne",
        "ensemble": "",
        "arrondissement": 3,
        "image_ref": 15595,
        "terme_jantzen_bat": [
          "clé",
          "fenetre",
          "lucarne",
          "oriel",
          "porte-fer",
          "sculpture"
        ]
      }
    },
    {
      "type": "Feature",
      "geometry": {
        "type": "Point",
        "coordinates": [
          2.342091,
          48.868394
        ]
      },
      "properties": {
        "id_bat": 715,
        "libelle": "121 rue Réaumur",
        "ensemble": "",
        "arrondissement": 2,
        "image_ref": 12687,
        "terme_jantzen_bat": [
          "colonne",
          "dome",
          "façade",
          "façade-d'angle",
          "fenetre",
          "garde-corps",
          "métal",
          "oriel"
        ]
      }
    },
    {
      "type": "Feature",
      "geometry": {
        "type": "Point",
        "coordinates": [
          2.385315,
          48.863072
        ]
      },
      "properties": {
        "id_bat": 716,
        "libelle": "122 avenue de la République",
        "ensemble": "",
        "arrondissement": 11,
        "image_ref": 12937,
        "terme_jantzen_bat": [
          "console",
          "sculpture"
        ]
      }
    },
    {
      "type": "Feature",
      "geometry": {
        "type": "Point",
        "coordinates": [
          2.266507,
          48.849735
        ]
      },
      "properties": {
        "id_bat": 717,
        "libelle": "122 avenue Mozart",
        "ensemble": "",
        "arrondissement": 16,
        "image_ref": 10061,
        "terme_jantzen_bat": [
          "balcon",
          "brique",
          "colonne",
          "céramique",
          "façade-d'angle",
          "fenetre",
          "fenetre-d'angle",
          "garde-corps",
          "lucarne",
          "porte-fer"
        ]
      }
    },
    {
      "type": "Feature",
      "geometry": {
        "type": "Point",
        "coordinates": [
          2.370643,
          48.865087
        ]
      },
      "properties": {
        "id_bat": 720,
        "libelle": "122 boulevard Richard-Lenoir",
        "ensemble": "",
        "arrondissement": 11,
        "image_ref": 12968,
        "terme_jantzen_bat": [
          "lucarne",
          "pignon",
          "toiture"
        ]
      }
    },
    {
      "type": "Feature",
      "geometry": {
        "type": "Point",
        "coordinates": [
          2.31452,
          48.89447
        ]
      },
      "properties": {
        "id_bat": 725,
        "libelle": "123 boulevard Bessières",
        "ensemble": "",
        "arrondissement": 17,
        "image_ref": 1242,
        "terme_jantzen_bat": [
          "colonne",
          "porte-fer"
        ]
      }
    },
    {
      "type": "Feature",
      "geometry": {
        "type": "Point",
        "coordinates": [
          2.386237,
          48.841862
        ]
      },
      "properties": {
        "id_bat": 727,
        "libelle": "124 avenue Daumesnil",
        "ensemble": "",
        "arrondissement": 12,
        "image_ref": 3520,
        "terme_jantzen_bat": [
          "balcon",
          "brique",
          "clé",
          "façade-d'angle",
          "fenetre",
          "lucarne",
          "sculpture"
        ]
      }
    },
    {
      "type": "Feature",
      "geometry": {
        "type": "Point",
        "coordinates": [
          2.291484,
          48.846726
        ]
      },
      "properties": {
        "id_bat": 729,
        "libelle": "124 avenue Émile-Zola",
        "ensemble": "",
        "arrondissement": 15,
        "image_ref": 4078,
        "terme_jantzen_bat": [
          "colonne",
          "console",
          "décor",
          "fenetre",
          "loggia",
          "sculpture"
        ]
      }
    },
    {
      "type": "Feature",
      "geometry": {
        "type": "Point",
        "coordinates": [
          2.280469,
          48.867743
        ]
      },
      "properties": {
        "id_bat": 730,
        "libelle": "124 avenue Victor-Hugo",
        "ensemble": "",
        "arrondissement": 16,
        "image_ref": 16358,
        "terme_jantzen_bat": [
          "lucarne",
          "sculpture"
        ]
      }
    },
    {
      "type": "Feature",
      "geometry": {
        "type": "Point",
        "coordinates": [
          2.344222,
          48.868138
        ]
      },
      "properties": {
        "id_bat": 732,
        "libelle": "124 rue Réaumur",
        "ensemble": "",
        "arrondissement": 2,
        "image_ref": 12699,
        "terme_jantzen_bat": [
          "console",
          "fenetre",
          "métal",
          "oriel",
          "porte-fer",
          "verrière"
        ]
      }
    },
    {
      "type": "Feature",
      "geometry": {
        "type": "Point",
        "coordinates": [
          2.266877,
          48.849829
        ]
      },
      "properties": {
        "id_bat": 734,
        "libelle": "125 avenue Mozart",
        "ensemble": "",
        "arrondissement": 16,
        "image_ref": 10071,
        "terme_jantzen_bat": [
          "fenetre",
          "lucarne"
        ]
      }
    },
    {
      "type": "Feature",
      "geometry": {
        "type": "Point",
        "coordinates": [
          2.304215,
          48.840661
        ]
      },
      "properties": {
        "id_bat": 736,
        "libelle": "125 rue Cambronne",
        "ensemble": "",
        "arrondissement": 15,
        "image_ref": 1869,
        "terme_jantzen_bat": [
          "façade-d'angle",
          "fenetre-d'angle",
          "lucarne-d'angle",
          "toiture"
        ]
      }
    },
    {
      "type": "Feature",
      "geometry": {
        "type": "Point",
        "coordinates": [
          2.326124,
          48.874233
        ]
      },
      "properties": {
        "id_bat": 739,
        "libelle": "126 rue de Provence",
        "ensemble": "",
        "arrondissement": 8,
        "image_ref": 12111,
        "terme_jantzen_bat": [
          "façade",
          "fenetre",
          "garde-corps",
          "mosaique"
        ]
      }
    },
    {
      "type": "Feature",
      "geometry": {
        "type": "Point",
        "coordinates": [
          2.343941,
          48.868199
        ]
      },
      "properties": {
        "id_bat": 741,
        "libelle": "126 rue Réaumur",
        "ensemble": "",
        "arrondissement": 2,
        "image_ref": 12706,
        "terme_jantzen_bat": [
          "clé",
          "colonne",
          "dome",
          "lucarne",
          "métal",
          "verrière"
        ]
      }
    },
    {
      "type": "Feature",
      "geometry": {
        "type": "Point",
        "coordinates": [
          2.315879,
          48.857778
        ]
      },
      "properties": {
        "id_bat": 742,
        "libelle": "127 rue de Grenelle",
        "ensemble": "",
        "arrondissement": 7,
        "image_ref": 5690,
        "terme_jantzen_bat": [
          "colonne",
          "porte-bois"
        ]
      }
    },
    {
      "type": "Feature",
      "geometry": {
        "type": "Point",
        "coordinates": [
          2.277411,
          48.867425
        ]
      },
      "properties": {
        "id_bat": 743,
        "libelle": "127 rue de Longchamp",
        "ensemble": "",
        "arrondissement": 16,
        "image_ref": 8436,
        "terme_jantzen_bat": [
          "porte-fer-hall"
        ]
      }
    },
    {
      "type": "Feature",
      "geometry": {
        "type": "Point",
        "coordinates": [
          2.259229,
          48.846759
        ]
      },
      "properties": {
        "id_bat": 748,
        "libelle": "128 boulevard Exelmans",
        "ensemble": "",
        "arrondissement": 16,
        "image_ref": 4295,
        "terme_jantzen_bat": [
          "porte-bois"
        ]
      }
    },
    {
      "type": "Feature",
      "geometry": {
        "type": "Point",
        "coordinates": [
          2.301325,
          48.84231
        ]
      },
      "properties": {
        "id_bat": 752,
        "libelle": "128 rue Lecourbe",
        "ensemble": "",
        "arrondissement": 15,
        "image_ref": 8197,
        "terme_jantzen_bat": [
          "balcon",
          "colonne",
          "décor",
          "façade",
          "fenetre",
          "fenetre-d'angle",
          "loggia",
          "sculpture"
        ]
      }
    },
    {
      "type": "Feature",
      "geometry": {
        "type": "Point",
        "coordinates": [
          2.301637,
          48.883183
        ]
      },
      "properties": {
        "id_bat": 754,
        "libelle": "129 avenue de Wagram",
        "ensemble": "",
        "arrondissement": 17,
        "image_ref": 17016,
        "terme_jantzen_bat": [
          "brique",
          "façade-d'angle",
          "fenetre",
          "porte-bois"
        ]
      }
    },
    {
      "type": "Feature",
      "geometry": {
        "type": "Point",
        "coordinates": [
          2.33169,
          48.841516
        ]
      },
      "properties": {
        "id_bat": 756,
        "libelle": "129 boulevard du Montparnasse",
        "ensemble": "",
        "arrondissement": 6,
        "image_ref": 9994,
        "terme_jantzen_bat": [
          "façade",
          "fenetre",
          "sculpture"
        ]
      }
    },
    {
      "type": "Feature",
      "geometry": {
        "type": "Point",
        "coordinates": [
          2.320748,
          48.834953
        ]
      },
      "properties": {
        "id_bat": 758,
        "libelle": "129 rue du Château",
        "ensemble": "",
        "arrondissement": 14,
        "image_ref": 2404,
        "terme_jantzen_bat": [
          "brique",
          "oriel"
        ]
      }
    },
    {
      "type": "Feature",
      "geometry": {
        "type": "Point",
        "coordinates": [
          2.384343,
          48.862197
        ]
      },
      "properties": {
        "id_bat": 759,
        "libelle": "129 rue du Chemin-Vert",
        "ensemble": "",
        "arrondissement": 11,
        "image_ref": 2492,
        "terme_jantzen_bat": [
          "fronton",
          "lucarne"
        ]
      }
    },
    {
      "type": "Feature",
      "geometry": {
        "type": "Point",
        "coordinates": [
          2.329849,
          48.891022
        ]
      },
      "properties": {
        "id_bat": 761,
        "libelle": "129 rue Lamarck",
        "ensemble": "",
        "arrondissement": 18,
        "image_ref": 7802,
        "terme_jantzen_bat": [
          "clé",
          "porte-bois"
        ]
      }
    },
    {
      "type": "Feature",
      "geometry": {
        "type": "Point",
        "coordinates": [
          2.390076,
          48.881708
        ]
      },
      "properties": {
        "id_bat": 765,
        "libelle": "13 à 15 place du Pont Neuf - Christo et Jeanne-Claude",
        "ensemble": "",
        "arrondissement": 1,
        "image_ref": 11881,
        "terme_jantzen_bat": [
          "brique",
          "façade",
          "lucarne",
          "toiture"
        ]
      }
    },
    {
      "type": "Feature",
      "geometry": {
        "type": "Point",
        "coordinates": [
          2.345515,
          48.84561
        ]
      },
      "properties": {
        "id_bat": 774,
        "libelle": "13 place du Panthéon",
        "ensemble": "",
        "arrondissement": 5,
        "image_ref": 11115,
        "terme_jantzen_bat": [
          "lucarne",
          "porte-fer",
          "verrière"
        ]
      }
    },
    {
      "type": "Feature",
      "geometry": {
        "type": "Point",
        "coordinates": [
          2.390076,
          48.881708
        ]
      },
      "properties": {
        "id_bat": 775,
        "libelle": "13 place du Pont Neuf - Christo et Jeanne-Claude",
        "ensemble": "",
        "arrondissement": 1,
        "image_ref": 11873,
        "terme_jantzen_bat": [
          "brique",
          "décor",
          "façade",
          "fenetre",
          "fronton",
          "lucarne",
          "sculpture"
        ]
      }
    },
    {
      "type": "Feature",
      "geometry": {
        "type": "Point",
        "coordinates": [
          2.334685,
          48.857792
        ]
      },
      "properties": {
        "id_bat": 776,
        "libelle": "13 quai Malaquais",
        "ensemble": "",
        "arrondissement": 6,
        "image_ref": 9003,
        "terme_jantzen_bat": [
          "décor",
          "façade",
          "fenetre",
          "intérieur",
          "lucarne",
          "oeil-de-boeuf",
          "panoramique",
          "sculpture",
          "verrière"
        ]
      }
    },
    {
      "type": "Feature",
      "geometry": {
        "type": "Point",
        "coordinates": [
          2.376988,
          48.850891
        ]
      },
      "properties": {
        "id_bat": 778,
        "libelle": "13 rue Antoine-Vollon",
        "ensemble": "",
        "arrondissement": 12,
        "image_ref": 474,
        "terme_jantzen_bat": [
          "balcon",
          "lucarne-d'angle"
        ]
      }
    },
    {
      "type": "Feature",
      "geometry": {
        "type": "Point",
        "coordinates": [
          2.325669,
          48.866956
        ]
      },
      "properties": {
        "id_bat": 779,
        "libelle": "13 rue Cambon",
        "ensemble": "",
        "arrondissement": 1,
        "image_ref": 1861,
        "terme_jantzen_bat": [
          "colonne",
          "console",
          "façade",
          "fenetre",
          "fronton",
          "lucarne",
          "oeil-de-boeuf",
          "sculpture"
        ]
      }
    },
    {
      "type": "Feature",
      "geometry": {
        "type": "Point",
        "coordinates": [
          2.360356,
          48.854156
        ]
      },
      "properties": {
        "id_bat": 781,
        "libelle": "13 rue Charlemagne",
        "ensemble": "",
        "arrondissement": 4,
        "image_ref": 2329,
        "terme_jantzen_bat": [
          "façade"
        ]
      }
    },
    {
      "type": "Feature",
      "geometry": {
        "type": "Point",
        "coordinates": [
          2.286933,
          48.840071
        ]
      },
      "properties": {
        "id_bat": 785,
        "libelle": "13 rue de Plélo",
        "ensemble": "",
        "arrondissement": 15,
        "image_ref": 11805,
        "terme_jantzen_bat": [
          "porte-fer-hall"
        ]
      }
    },
    {
      "type": "Feature",
      "geometry": {
        "type": "Point",
        "coordinates": [
          2.342238,
          48.892175
        ]
      },
      "properties": {
        "id_bat": 786,
        "libelle": "13 rue de Trétaigne",
        "ensemble": "",
        "arrondissement": 18,
        "image_ref": 15479,
        "terme_jantzen_bat": [
          "console",
          "façade-d'angle",
          "fenetre-d'angle",
          "sculpture"
        ]
      }
    },
    {
      "type": "Feature",
      "geometry": {
        "type": "Point",
        "coordinates": [
          2.287835,
          48.877641
        ]
      },
      "properties": {
        "id_bat": 787,
        "libelle": "13 rue Denis-Poisson",
        "ensemble": "",
        "arrondissement": 17,
        "image_ref": 3688,
        "terme_jantzen_bat": [
          "fenetre"
        ]
      }
    },
    {
      "type": "Feature",
      "geometry": {
        "type": "Point",
        "coordinates": [
          2.326902,
          48.84822
        ]
      },
      "properties": {
        "id_bat": 792,
        "libelle": "13 rue du Regard",
        "ensemble": "",
        "arrondissement": 6,
        "image_ref": 12804,
        "terme_jantzen_bat": [
          "clé",
          "fenetre",
          "porte-bois"
        ]
      }
    },
    {
      "type": "Feature",
      "geometry": {
        "type": "Point",
        "coordinates": [
          2.381669,
          48.884285
        ]
      },
      "properties": {
        "id_bat": 793,
        "libelle": "13 rue du Rhin",
        "ensemble": "",
        "arrondissement": 19,
        "image_ref": 12961,
        "terme_jantzen_bat": [
          "console",
          "sculpture"
        ]
      }
    },
    {
      "type": "Feature",
      "geometry": {
        "type": "Point",
        "coordinates": [
          2.356875,
          48.855807
        ]
      },
      "properties": {
        "id_bat": 795,
        "libelle": "13 rue François-Miron",
        "ensemble": "",
        "arrondissement": 4,
        "image_ref": 4854,
        "terme_jantzen_bat": [
          "façade",
          "fenetre",
          "pignon"
        ]
      }
    },
    {
      "type": "Feature",
      "geometry": {
        "type": "Point",
        "coordinates": [
          2.311913,
          48.883263
        ]
      },
      "properties": {
        "id_bat": 797,
        "libelle": "13 rue Jacques-Bingen",
        "ensemble": "",
        "arrondissement": 17,
        "image_ref": 7151,
        "terme_jantzen_bat": [
          "brique",
          "fenetre",
          "lucarne"
        ]
      }
    },
    {
      "type": "Feature",
      "geometry": {
        "type": "Point",
        "coordinates": [
          2.353398,
          48.8386
        ]
      },
      "properties": {
        "id_bat": 810,
        "libelle": "13 rue Scipion",
        "ensemble": "",
        "arrondissement": 5,
        "image_ref": 13439,
        "terme_jantzen_bat": [
          "fenetre",
          "oeil-de-boeuf",
          "porte-bois"
        ]
      }
    },
    {
      "type": "Feature",
      "geometry": {
        "type": "Point",
        "coordinates": [
          2.348912,
          48.864539
        ]
      },
      "properties": {
        "id_bat": 811,
        "libelle": "13 rue Tiquetonne",
        "ensemble": "",
        "arrondissement": 2,
        "image_ref": 15243,
        "terme_jantzen_bat": [
          "clé",
          "console",
          "fenetre",
          "garde-corps"
        ]
      }
    },
    {
      "type": "Feature",
      "geometry": {
        "type": "Point",
        "coordinates": [
          2.388337,
          48.841104
        ]
      },
      "properties": {
        "id_bat": 813,
        "libelle": "130 avenue Daumesnil",
        "ensemble": "",
        "arrondissement": 12,
        "image_ref": 3526,
        "terme_jantzen_bat": [
          "toiture",
          "tourelle"
        ]
      }
    },
    {
      "type": "Feature",
      "geometry": {
        "type": "Point",
        "coordinates": [
          2.280242,
          48.867647
        ]
      },
      "properties": {
        "id_bat": 815,
        "libelle": "130 avenue Victor-Hugo",
        "ensemble": "",
        "arrondissement": 16,
        "image_ref": 16361,
        "terme_jantzen_bat": [
          "colonne",
          "fenetre",
          "pilastre",
          "porte-fer"
        ]
      }
    },
    {
      "type": "Feature",
      "geometry": {
        "type": "Point",
        "coordinates": [
          2.380364,
          48.857461
        ]
      },
      "properties": {
        "id_bat": 816,
        "libelle": "130 boulevard Voltaire",
        "ensemble": "",
        "arrondissement": 11,
        "image_ref": 16664,
        "terme_jantzen_bat": [
          "chimère",
          "clé",
          "décor",
          "fenetre",
          "porte-bois"
        ]
      }
    },
    {
      "type": "Feature",
      "geometry": {
        "type": "Point",
        "coordinates": [
          2.30603,
          48.888742
        ]
      },
      "properties": {
        "id_bat": 818,
        "libelle": "130 rue de Tocqueville",
        "ensemble": "",
        "arrondissement": 17,
        "image_ref": 15250,
        "terme_jantzen_bat": [
          "façade",
          "fenetre",
          "garde-corps",
          "poignée-porte",
          "porte-fer",
          "sculpture"
        ]
      }
    },
    {
      "type": "Feature",
      "geometry": {
        "type": "Point",
        "coordinates": [
          2.34296,
          48.868414
        ]
      },
      "properties": {
        "id_bat": 819,
        "libelle": "130 rue Réaumur",
        "ensemble": "",
        "arrondissement": 2,
        "image_ref": 12713,
        "terme_jantzen_bat": [
          "dome",
          "façade-d'angle",
          "fenetre",
          "fenetre-d'angle",
          "lucarne",
          "lucarne-d'angle",
          "pilastre",
          "verrière",
          "voie"
        ]
      }
    },
    {
      "type": "Feature",
      "geometry": {
        "type": "Point",
        "coordinates": [
          2.364842,
          48.87606
        ]
      },
      "properties": {
        "id_bat": 827,
        "libelle": "132 quai de Jemmapes",
        "ensemble": "",
        "arrondissement": 10,
        "image_ref": 7277,
        "terme_jantzen_bat": [
          "brique",
          "fenetre",
          "lucarne",
          "métal"
        ]
      }
    },
    {
      "type": "Feature",
      "geometry": {
        "type": "Point",
        "coordinates": [
          2.30106,
          48.881385
        ]
      },
      "properties": {
        "id_bat": 828,
        "libelle": "132 rue de Courcelles",
        "ensemble": "",
        "arrondissement": 17,
        "image_ref": 3078,
        "terme_jantzen_bat": [
          "céramique",
          "dome",
          "façade-d'angle",
          "fenetre",
          "fenetre-d'angle",
          "garde-corps",
          "intérieur",
          "lucarne",
          "lucarne-d'angle",
          "porte-fer",
          "sculpture",
          "toiture"
        ]
      }
    },
    {
      "type": "Feature",
      "geometry": {
        "type": "Point",
        "coordinates": [
          2.332086,
          48.841386
        ]
      },
      "properties": {
        "id_bat": 829,
        "libelle": "133 boulevard du Montparnasse",
        "ensemble": "",
        "arrondissement": 6,
        "image_ref": 9997,
        "terme_jantzen_bat": [
          "façade-d'angle",
          "fenetre-d'angle",
          "garde-corps",
          "sculpture"
        ]
      }
    },
    {
      "type": "Feature",
      "geometry": {
        "type": "Point",
        "coordinates": [
          2.259028,
          48.847487
        ]
      },
      "properties": {
        "id_bat": 830,
        "libelle": "133 boulevard Exelmans",
        "ensemble": "",
        "arrondissement": 16,
        "image_ref": 4296,
        "terme_jantzen_bat": [
          "console",
          "façade",
          "fenetre",
          "garde-corps",
          "lucarne",
          "sculpture",
          "toiture"
        ]
      }
    },
    {
      "type": "Feature",
      "geometry": {
        "type": "Point",
        "coordinates": [
          2.359908,
          48.85523
        ]
      },
      "properties": {
        "id_bat": 831,
        "libelle": "133 rue Saint-Antoine",
        "ensemble": "",
        "arrondissement": 4,
        "image_ref": 13852,
        "terme_jantzen_bat": [
          "chimère",
          "console",
          "fronton",
          "lucarne",
          "sculpture"
        ]
      }
    },
    {
      "type": "Feature",
      "geometry": {
        "type": "Point",
        "coordinates": [
          2.34979,
          48.863429
        ]
      },
      "properties": {
        "id_bat": 832,
        "libelle": "133 rue Saint-Denis",
        "ensemble": "",
        "arrondissement": 1,
        "image_ref": 14008,
        "terme_jantzen_bat": [
          "fenetre"
        ]
      }
    },
    {
      "type": "Feature",
      "geometry": {
        "type": "Point",
        "coordinates": [
          2.294382,
          48.885452
        ]
      },
      "properties": {
        "id_bat": 835,
        "libelle": "134 avenue de Villiers",
        "ensemble": "",
        "arrondissement": 17,
        "image_ref": 16582,
        "terme_jantzen_bat": [
          "brique",
          "fenetre",
          "pignon"
        ]
      }
    },
    {
      "type": "Feature",
      "geometry": {
        "type": "Point",
        "coordinates": [
          2.372085,
          48.868833
        ]
      },
      "properties": {
        "id_bat": 836,
        "libelle": "134 avenue Parmentier",
        "ensemble": "",
        "arrondissement": 11,
        "image_ref": 11139,
        "terme_jantzen_bat": [
          "fenetre",
          "porte-bois"
        ]
      }
    },
    {
      "type": "Feature",
      "geometry": {
        "type": "Point",
        "coordinates": [
          2.314238,
          48.875392
        ]
      },
      "properties": {
        "id_bat": 838,
        "libelle": "134 boulevard Haussmann",
        "ensemble": "",
        "arrondissement": 8,
        "image_ref": 5965,
        "terme_jantzen_bat": [
          "balcon",
          "clé",
          "console",
          "dome",
          "fenetre",
          "fenetre-d'angle",
          "lucarne",
          "lucarne-d'angle",
          "oeil-de-boeuf",
          "pilastre",
          "sculpture"
        ]
      }
    },
    {
      "type": "Feature",
      "geometry": {
        "type": "Point",
        "coordinates": [
          2.300958,
          48.881488
        ]
      },
      "properties": {
        "id_bat": 839,
        "libelle": "134 rue de Courcelles",
        "ensemble": "",
        "arrondissement": 17,
        "image_ref": 3106,
        "terme_jantzen_bat": [
          "fenetre",
          "garde-corps",
          "mosaique",
          "porte",
          "porte-fer",
          "sculpture"
        ]
      }
    },
    {
      "type": "Feature",
      "geometry": {
        "type": "Point",
        "coordinates": [
          2.317759,
          48.857555
        ]
      },
      "properties": {
        "id_bat": 840,
        "libelle": "134 rue de Grenelle",
        "ensemble": "",
        "arrondissement": 7,
        "image_ref": 5692,
        "terme_jantzen_bat": [
          "console",
          "décor",
          "fenetre",
          "intérieur",
          "porte-fer",
          "sculpture"
        ]
      }
    },
    {
      "type": "Feature",
      "geometry": {
        "type": "Point",
        "coordinates": [
          2.342079,
          48.868609
        ]
      },
      "properties": {
        "id_bat": 841,
        "libelle": "134 rue Réaumur",
        "ensemble": "",
        "arrondissement": 2,
        "image_ref": 12722,
        "terme_jantzen_bat": [
          "balcon",
          "colonne",
          "console",
          "dome",
          "façade",
          "façade-d'angle",
          "fenetre",
          "fenetre-d'angle",
          "lucarne",
          "lucarne-d'angle",
          "oeil-de-boeuf",
          "pignon",
          "sculpture",
          "tourelle"
        ]
      }
    },
    {
      "type": "Feature",
      "geometry": {
        "type": "Point",
        "coordinates": [
          2.29313,
          48.846809
        ]
      },
      "properties": {
        "id_bat": 845,
        "libelle": "136 avenue Émile-Zola",
        "ensemble": "",
        "arrondissement": 15,
        "image_ref": 4086,
        "terme_jantzen_bat": [
          "brique",
          "clé",
          "céramique",
          "décor",
          "façade",
          "fenetre",
          "porte-fer",
          "sculpture"
        ]
      }
    },
    {
      "type": "Feature",
      "geometry": {
        "type": "Point",
        "coordinates": [
          2.33803,
          48.895801
        ]
      },
      "properties": {
        "id_bat": 848,
        "libelle": "136 rue Damrémont",
        "ensemble": "",
        "arrondissement": 18,
        "image_ref": 3385,
        "terme_jantzen_bat": [
          "fenetre",
          "sculpture"
        ]
      }
    },
    {
      "type": "Feature",
      "geometry": {
        "type": "Point",
        "coordinates": [
          2.343581,
          48.868513
        ]
      },
      "properties": {
        "id_bat": 851,
        "libelle": "136 rue Montmartre",
        "ensemble": "",
        "arrondissement": 2,
        "image_ref": 9906,
        "terme_jantzen_bat": [
          "décor",
          "façade",
          "fenetre",
          "sculpture"
        ]
      }
    },
    {
      "type": "Feature",
      "geometry": {
        "type": "Point",
        "coordinates": [
          2.312697,
          48.875014
        ]
      },
      "properties": {
        "id_bat": 853,
        "libelle": "137 boulevard Haussmann",
        "ensemble": "",
        "arrondissement": 8,
        "image_ref": 5973,
        "terme_jantzen_bat": [
          "colonne",
          "fenetre",
          "lucarne",
          "toiture"
        ]
      }
    },
    {
      "type": "Feature",
      "geometry": {
        "type": "Point",
        "coordinates": [
          2.364125,
          48.86183
        ]
      },
      "properties": {
        "id_bat": 855,
        "libelle": "137 rue Vieille-du-Temple",
        "ensemble": "",
        "arrondissement": 3,
        "image_ref": 16458,
        "terme_jantzen_bat": [
          "console",
          "décor",
          "façade",
          "fenetre",
          "fronton",
          "garde-corps",
          "oeil-de-boeuf",
          "poignée-porte",
          "porte-bois",
          "sculpture"
        ]
      }
    },
    {
      "type": "Feature",
      "geometry": {
        "type": "Point",
        "coordinates": [
          2.300504,
          48.881938
        ]
      },
      "properties": {
        "id_bat": 857,
        "libelle": "138 rue de Courcelles",
        "ensemble": "",
        "arrondissement": 17,
        "image_ref": 3114,
        "terme_jantzen_bat": [
          "balcon",
          "colonne",
          "console",
          "dome",
          "décor",
          "façade",
          "façade-d'angle",
          "fenetre",
          "fenetre-d'angle",
          "intérieur",
          "porte-fer",
          "sculpture"
        ]
      }
    },
    {
      "type": "Feature",
      "geometry": {
        "type": "Point",
        "coordinates": [
          2.355508,
          48.855831
        ]
      },
      "properties": {
        "id_bat": 862,
        "libelle": "14 à 10 rue François-Miron",
        "ensemble": "",
        "arrondissement": 4,
        "image_ref": 4865,
        "terme_jantzen_bat": [
          "façade"
        ]
      }
    },
    {
      "type": "Feature",
      "geometry": {
        "type": "Point",
        "coordinates": [
          2.355508,
          48.855831
        ]
      },
      "properties": {
        "id_bat": 866,
        "libelle": "14 à 8 rue François-Miron",
        "ensemble": "",
        "arrondissement": 4,
        "image_ref": 4866,
        "terme_jantzen_bat": [
          "façade"
        ]
      }
    },
    {
      "type": "Feature",
      "geometry": {
        "type": "Point",
        "coordinates": [
          2.298198,
          48.85791
        ]
      },
      "properties": {
        "id_bat": 868,
        "libelle": "14 avenue Élisée-Reclus",
        "ensemble": "",
        "arrondissement": 7,
        "image_ref": 4009,
        "terme_jantzen_bat": [
          "marquise",
          "porte-fer"
        ]
      }
    },
    {
      "type": "Feature",
      "geometry": {
        "type": "Point",
        "coordinates": [
          2.368761,
          48.846293
        ]
      },
      "properties": {
        "id_bat": 869,
        "libelle": "14 avenue Ledru-Rollin",
        "ensemble": "",
        "arrondissement": 12,
        "image_ref": 8229,
        "terme_jantzen_bat": [
          "porte-bois"
        ]
      }
    },
    {
      "type": "Feature",
      "geometry": {
        "type": "Point",
        "coordinates": [
          2.294792,
          48.876752
        ]
      },
      "properties": {
        "id_bat": 870,
        "libelle": "14 avenue Mac-Mahon",
        "ensemble": "",
        "arrondissement": 17,
        "image_ref": 8858,
        "terme_jantzen_bat": [
          "fenetre",
          "porte-bois"
        ]
      }
    },
    {
      "type": "Feature",
      "geometry": {
        "type": "Point",
        "coordinates": [
          2.349593,
          48.83628
        ]
      },
      "properties": {
        "id_bat": 872,
        "libelle": "14 boulevard Arago",
        "ensemble": "",
        "arrondissement": 13,
        "image_ref": 487,
        "terme_jantzen_bat": [
          "colonne",
          "façade",
          "fenetre",
          "lucarne",
          "mosaique",
          "métal",
          "porte",
          "porte-fer"
        ]
      }
    },
    {
      "type": "Feature",
      "geometry": {
        "type": "Point",
        "coordinates": [
          2.313797,
          48.881172
        ]
      },
      "properties": {
        "id_bat": 874,
        "libelle": "14 boulevard de Courcelles",
        "ensemble": "",
        "arrondissement": 17,
        "image_ref": 3224,
        "terme_jantzen_bat": [
          "clé",
          "fenetre",
          "porte-fer",
          "porte-fer-hall",
          "sculpture"
        ]
      }
    },
    {
      "type": "Feature",
      "geometry": {
        "type": "Point",
        "coordinates": [
          2.273988,
          48.859668
        ]
      },
      "properties": {
        "id_bat": 876,
        "libelle": "14 boulevard Émile-Augier",
        "ensemble": "",
        "arrondissement": 16,
        "image_ref": 4034,
        "terme_jantzen_bat": [
          "façade-d'angle",
          "fenetre-d'angle",
          "loggia",
          "lucarne"
        ]
      }
    },
    {
      "type": "Feature",
      "geometry": {
        "type": "Point",
        "coordinates": [
          2.300476,
          48.839831
        ]
      },
      "properties": {
        "id_bat": 878,
        "libelle": "14 place Adolphe-Chérioux",
        "ensemble": "",
        "arrondissement": 15,
        "image_ref": 123,
        "terme_jantzen_bat": [
          "console",
          "façade",
          "fenetre",
          "garde-corps",
          "oriel",
          "porte-fer-hall"
        ]
      }
    },
    {
      "type": "Feature",
      "geometry": {
        "type": "Point",
        "coordinates": [
          2.330548,
          48.834142
        ]
      },
      "properties": {
        "id_bat": 879,
        "libelle": "14 place Denfert-Rochereau",
        "ensemble": "",
        "arrondissement": 14,
        "image_ref": 3679,
        "terme_jantzen_bat": [
          "lucarne",
          "toiture"
        ]
      }
    },
    {
      "type": "Feature",
      "geometry": {
        "type": "Point",
        "coordinates": [
          2.330135,
          48.867159
        ]
      },
      "properties": {
        "id_bat": 883,
        "libelle": "14 place Vendôme",
        "ensemble": "",
        "arrondissement": 1,
        "image_ref": 15984,
        "terme_jantzen_bat": [
          "colonne",
          "façade",
          "fenetre",
          "fronton",
          "lucarne",
          "oeil-de-boeuf"
        ]
      }
    },
    {
      "type": "Feature",
      "geometry": {
        "type": "Point",
        "coordinates": [
          2.344247,
          48.858134
        ]
      },
      "properties": {
        "id_bat": 885,
        "libelle": "14 quai de la Mégisserie",
        "ensemble": "",
        "arrondissement": 1,
        "image_ref": 9454,
        "terme_jantzen_bat": [
          "cariatide",
          "fenetre",
          "porte-bois",
          "sculpture"
        ]
      }
    },
    {
      "type": "Feature",
      "geometry": {
        "type": "Point",
        "coordinates": [
          2.375712,
          48.847648
        ]
      },
      "properties": {
        "id_bat": 886,
        "libelle": "14 rue Abel",
        "ensemble": "",
        "arrondissement": 12,
        "image_ref": 109,
        "terme_jantzen_bat": [
          "brique",
          "colonne",
          "décor",
          "façade",
          "fenetre",
          "loggia",
          "mosaique",
          "pignon",
          "voie"
        ]
      }
    },
    {
      "type": "Feature",
      "geometry": {
        "type": "Point",
        "coordinates": [
          2.346151,
          48.87232
        ]
      },
      "properties": {
        "id_bat": 888,
        "libelle": "14 rue Bergère",
        "ensemble": "",
        "arrondissement": 9,
        "image_ref": 1179,
        "terme_jantzen_bat": [
          "colonne",
          "façade",
          "porte-fer",
          "tourelle",
          "voie"
        ]
      }
    },
    {
      "type": "Feature",
      "geometry": {
        "type": "Point",
        "coordinates": [
          2.348394,
          48.83947
        ]
      },
      "properties": {
        "id_bat": 892,
        "libelle": "14 rue Claude-Bernard",
        "ensemble": "",
        "arrondissement": 5,
        "image_ref": 2562,
        "terme_jantzen_bat": [
          "brique",
          "clé",
          "fenetre",
          "sculpture"
        ]
      }
    },
    {
      "type": "Feature",
      "geometry": {
        "type": "Point",
        "coordinates": [
          2.349703,
          48.879138
        ]
      },
      "properties": {
        "id_bat": 894,
        "libelle": "14 rue d'Abbeville",
        "ensemble": "",
        "arrondissement": 10,
        "image_ref": 58,
        "terme_jantzen_bat": [
          "brique",
          "colonne",
          "console",
          "céramique",
          "décor",
          "façade",
          "fenetre",
          "garde-corps",
          "loggia",
          "porte-fer",
          "sculpture"
        ]
      }
    },
    {
      "type": "Feature",
      "geometry": {
        "type": "Point",
        "coordinates": [
          2.332878,
          48.887988
        ]
      },
      "properties": {
        "id_bat": 895,
        "libelle": "14 rue Damrémont",
        "ensemble": "",
        "arrondissement": 18,
        "image_ref": 3387,
        "terme_jantzen_bat": [
          "dome",
          "lucarne",
          "lucarne-d'angle"
        ]
      }
    },
    {
      "type": "Feature",
      "geometry": {
        "type": "Point",
        "coordinates": [
          2.317934,
          48.859324
        ]
      },
      "properties": {
        "id_bat": 897,
        "libelle": "14 rue de Bourgogne",
        "ensemble": "",
        "arrondissement": 7,
        "image_ref": 1501,
        "terme_jantzen_bat": [
          "fenetre",
          "porte-bois"
        ]
      }
    },
    {
      "type": "Feature",
      "geometry": {
        "type": "Point",
        "coordinates": [
          2.302869,
          48.866877
        ]
      },
      "properties": {
        "id_bat": 900,
        "libelle": "14 rue de La Trémoille",
        "ensemble": "",
        "arrondissement": 8,
        "image_ref": 8096,
        "terme_jantzen_bat": [
          "balcon",
          "céramique",
          "garde-corps",
          "métal",
          "oriel"
        ]
      }
    },
    {
      "type": "Feature",
      "geometry": {
        "type": "Point",
        "coordinates": [
          2.340439,
          48.84372
        ]
      },
      "properties": {
        "id_bat": 901,
        "libelle": "14 rue de l'Abbé-de-l'Épée",
        "ensemble": "",
        "arrondissement": 5,
        "image_ref": 16,
        "terme_jantzen_bat": [
          "console",
          "décor",
          "façade",
          "fenetre",
          "garde-corps",
          "porte-fer",
          "sculpture"
        ]
      }
    },
    {
      "type": "Feature",
      "geometry": {
        "type": "Point",
        "coordinates": [
          2.311011,
          48.886287
        ]
      },
      "properties": {
        "id_bat": 904,
        "libelle": "14 rue Déodat-de-Séverac",
        "ensemble": "",
        "arrondissement": 17,
        "image_ref": 3693,
        "terme_jantzen_bat": [
          "fenetre",
          "loggia",
          "lucarne",
          "porte-fer-hall"
        ]
      }
    },
    {
      "type": "Feature",
      "geometry": {
        "type": "Point",
        "coordinates": [
          2.318279,
          48.87149
        ]
      },
      "properties": {
        "id_bat": 905,
        "libelle": "14 rue des Saussaies",
        "ensemble": "",
        "arrondissement": 8,
        "image_ref": 13353,
        "terme_jantzen_bat": [
          "clé",
          "console",
          "façade",
          "fenetre",
          "garde-corps",
          "loggia",
          "porte-bois"
        ]
      }
    },
    {
      "type": "Feature",
      "geometry": {
        "type": "Point",
        "coordinates": [
          2.307473,
          48.866516
        ]
      },
      "properties": {
        "id_bat": 916,
        "libelle": "14 rue François-Ier",
        "ensemble": "",
        "arrondissement": 8,
        "image_ref": 4808,
        "terme_jantzen_bat": [
          "lucarne",
          "oeil-de-boeuf"
        ]
      }
    },
    {
      "type": "Feature",
      "geometry": {
        "type": "Point",
        "coordinates": [
          2.355508,
          48.855831
        ]
      },
      "properties": {
        "id_bat": 917,
        "libelle": "14 rue François-Miron",
        "ensemble": "",
        "arrondissement": 4,
        "image_ref": 4858,
        "terme_jantzen_bat": [
          "balcon",
          "console",
          "fenetre",
          "garde-corps",
          "porte-bois"
        ]
      }
    },
    {
      "type": "Feature",
      "geometry": {
        "type": "Point",
        "coordinates": [
          2.274606,
          48.852328
        ]
      },
      "properties": {
        "id_bat": 920,
        "libelle": "14 rue Jean-de-La-Fontaine",
        "ensemble": "",
        "arrondissement": 16,
        "image_ref": 7731,
        "terme_jantzen_bat": [
          "balcon",
          "brique",
          "colonne",
          "console",
          "céramique",
          "décor",
          "façade",
          "façade-d'angle",
          "fenetre",
          "fenetre-d'angle",
          "garde-corps",
          "lucarne",
          "métal",
          "pignon",
          "porte-fer",
          "sculpture",
          "tourelle"
        ]
      }
    },
    {
      "type": "Feature",
      "geometry": {
        "type": "Point",
        "coordinates": [
          2.277735,
          48.861307
        ]
      },
      "properties": {
        "id_bat": 923,
        "libelle": "14 rue Marceline-Desbordes-Valmore",
        "ensemble": "",
        "arrondissement": 16,
        "image_ref": 3710,
        "terme_jantzen_bat": [
          "chimère",
          "clé",
          "sculpture"
        ]
      }
    },
    {
      "type": "Feature",
      "geometry": {
        "type": "Point",
        "coordinates": [
          2.339648,
          48.850448
        ]
      },
      "properties": {
        "id_bat": 927,
        "libelle": "14 rue Monsieur-le-Prince",
        "ensemble": "",
        "arrondissement": 6,
        "image_ref": 9767,
        "terme_jantzen_bat": [
          "brique",
          "fenetre",
          "porte-bois",
          "sculpture"
        ]
      }
    },
    {
      "type": "Feature",
      "geometry": {
        "type": "Point",
        "coordinates": [
          2.361186,
          48.864824
        ]
      },
      "properties": {
        "id_bat": 930,
        "libelle": "14 rue Perrée",
        "ensemble": "",
        "arrondissement": 3,
        "image_ref": 11423,
        "terme_jantzen_bat": [
          "décor",
          "façade",
          "fenetre",
          "fenetre-d'angle",
          "porte-fer"
        ]
      }
    },
    {
      "type": "Feature",
      "geometry": {
        "type": "Point",
        "coordinates": [
          2.350312,
          48.84479
        ]
      },
      "properties": {
        "id_bat": 934,
        "libelle": "14 rue Rollin",
        "ensemble": "",
        "arrondissement": 5,
        "image_ref": 13216,
        "terme_jantzen_bat": [
          "garde-corps",
          "porte-bois"
        ]
      }
    },
    {
      "type": "Feature",
      "geometry": {
        "type": "Point",
        "coordinates": [
          2.28964,
          48.878624
        ]
      },
      "properties": {
        "id_bat": 935,
        "libelle": "14 rue Saint-Ferdinand",
        "ensemble": "",
        "arrondissement": 17,
        "image_ref": 14163,
        "terme_jantzen_bat": [
          "fenetre"
        ]
      }
    },
    {
      "type": "Feature",
      "geometry": {
        "type": "Point",
        "coordinates": [
          2.346841,
          48.852267
        ]
      },
      "properties": {
        "id_bat": 937,
        "libelle": "14 rue Saint-Julien-le-Pauvre",
        "ensemble": "",
        "arrondissement": 5,
        "image_ref": 14542,
        "terme_jantzen_bat": [
          "fronton",
          "lucarne",
          "porte-bois",
          "sculpture"
        ]
      }
    },
    {
      "type": "Feature",
      "geometry": {
        "type": "Point",
        "coordinates": [
          2.351165,
          48.848251
        ]
      },
      "properties": {
        "id_bat": 938,
        "libelle": "14 rue Saint-Victor",
        "ensemble": "",
        "arrondissement": 5,
        "image_ref": 14919,
        "terme_jantzen_bat": [
          "console",
          "façade",
          "fenetre",
          "porte",
          "porte-bois",
          "sculpture"
        ]
      }
    },
    {
      "type": "Feature",
      "geometry": {
        "type": "Point",
        "coordinates": [
          2.3195,
          48.854031
        ]
      },
      "properties": {
        "id_bat": 940,
        "libelle": "14 rue Vaneau",
        "ensemble": "",
        "arrondissement": 7,
        "image_ref": 15798,
        "terme_jantzen_bat": [
          "décor",
          "fenetre",
          "lucarne",
          "oeil-de-boeuf",
          "porte-bois",
          "sculpture",
          "toiture"
        ]
      }
    },
    {
      "type": "Feature",
      "geometry": {
        "type": "Point",
        "coordinates": [
          2.277467,
          48.867544
        ]
      },
      "properties": {
        "id_bat": 946,
        "libelle": "140 rue de Longchamp",
        "ensemble": "",
        "arrondissement": 16,
        "image_ref": 8437,
        "terme_jantzen_bat": [
          "fenetre",
          "lucarne"
        ]
      }
    },
    {
      "type": "Feature",
      "geometry": {
        "type": "Point",
        "coordinates": [
          2.325238,
          48.845472
        ]
      },
      "properties": {
        "id_bat": 948,
        "libelle": "140B rue de Rennes",
        "ensemble": "",
        "arrondissement": 6,
        "image_ref": 12897,
        "terme_jantzen_bat": [
          "balcon",
          "colonne",
          "console",
          "dome",
          "décor",
          "façade-d'angle",
          "fenetre",
          "fenetre-d'angle",
          "garde-corps",
          "sculpture"
        ]
      }
    },
    {
      "type": "Feature",
      "geometry": {
        "type": "Point",
        "coordinates": [
          2.329553,
          48.842849
        ]
      },
      "properties": {
        "id_bat": 949,
        "libelle": "141 boulevard Raspail",
        "ensemble": "",
        "arrondissement": 6,
        "image_ref": 12366,
        "terme_jantzen_bat": [
          "console",
          "décor",
          "fenetre",
          "garde-corps",
          "lucarne",
          "oeil-de-boeuf",
          "porte-fer",
          "sculpture"
        ]
      }
    },
    {
      "type": "Feature",
      "geometry": {
        "type": "Point",
        "coordinates": [
          2.337754,
          48.84131
        ]
      },
      "properties": {
        "id_bat": 950,
        "libelle": "141 boulevard Saint-Michel",
        "ensemble": "",
        "arrondissement": 5,
        "image_ref": 14760,
        "terme_jantzen_bat": [
          "fronton",
          "lucarne",
          "toiture"
        ]
      }
    },
    {
      "type": "Feature",
      "geometry": {
        "type": "Point",
        "coordinates": [
          2.266528,
          48.841686
        ]
      },
      "properties": {
        "id_bat": 951,
        "libelle": "142 avenue de Versailles",
        "ensemble": "",
        "arrondissement": 16,
        "image_ref": 16122,
        "terme_jantzen_bat": [
          "balcon",
          "brique",
          "façade",
          "façade-d'angle",
          "fenetre",
          "fenetre-d'angle",
          "garde-corps",
          "lucarne",
          "lucarne-d'angle",
          "oriel",
          "porte-fer-hall",
          "sculpture"
        ]
      }
    },
    {
      "type": "Feature",
      "geometry": {
        "type": "Point",
        "coordinates": [
          2.300119,
          48.88232
        ]
      },
      "properties": {
        "id_bat": 953,
        "libelle": "142 rue de Courcelles",
        "ensemble": "",
        "arrondissement": 17,
        "image_ref": 3126,
        "terme_jantzen_bat": [
          "console",
          "décor",
          "façade",
          "fenetre",
          "lucarne",
          "sculpture"
        ]
      }
    },
    {
      "type": "Feature",
      "geometry": {
        "type": "Point",
        "coordinates": [
          2.343412,
          48.868884
        ]
      },
      "properties": {
        "id_bat": 956,
        "libelle": "142 rue Montmartre",
        "ensemble": "",
        "arrondissement": 2,
        "image_ref": 9914,
        "terme_jantzen_bat": [
          "atlante",
          "balcon",
          "cariatide",
          "colonne",
          "console",
          "décor",
          "façade",
          "façade-d'angle",
          "fenetre",
          "fenetre-d'angle",
          "pignon",
          "pilastre",
          "sculpture"
        ]
      }
    },
    {
      "type": "Feature",
      "geometry": {
        "type": "Point",
        "coordinates": [
          2.350513,
          48.865262
        ]
      },
      "properties": {
        "id_bat": 958,
        "libelle": "142 rue Saint-Denis",
        "ensemble": "",
        "arrondissement": 2,
        "image_ref": 14010,
        "terme_jantzen_bat": [
          "clé",
          "façade-d'angle",
          "fenetre",
          "fenetre-d'angle",
          "garde-corps",
          "lucarne-d'angle"
        ]
      }
    },
    {
      "type": "Feature",
      "geometry": {
        "type": "Point",
        "coordinates": [
          2.32959,
          48.842721
        ]
      },
      "properties": {
        "id_bat": 960,
        "libelle": "143 boulevard Raspail",
        "ensemble": "",
        "arrondissement": 6,
        "image_ref": 12371,
        "terme_jantzen_bat": [
          "balcon",
          "clé",
          "console",
          "dome",
          "façade-d'angle",
          "fenetre",
          "fenetre-d'angle",
          "lucarne-d'angle",
          "sculpture"
        ]
      }
    },
    {
      "type": "Feature",
      "geometry": {
        "type": "Point",
        "coordinates": [
          2.389866,
          48.875427
        ]
      },
      "properties": {
        "id_bat": 961,
        "libelle": "143 rue de Belleville",
        "ensemble": "",
        "arrondissement": 19,
        "image_ref": 1107,
        "terme_jantzen_bat": [
          "console",
          "sculpture"
        ]
      }
    },
    {
      "type": "Feature",
      "geometry": {
        "type": "Point",
        "coordinates": [
          2.273532,
          48.854706
        ]
      },
      "properties": {
        "id_bat": 962,
        "libelle": "143 rue du Ranelagh",
        "ensemble": "",
        "arrondissement": 16,
        "image_ref": 12248,
        "terme_jantzen_bat": [
          "balcon",
          "chimère",
          "clé",
          "colonne",
          "console",
          "façade-d'angle",
          "fenetre",
          "fenetre-d'angle",
          "oriel",
          "porte-fer",
          "porte-fer-hall",
          "sculpture"
        ]
      }
    },
    {
      "type": "Feature",
      "geometry": {
        "type": "Point",
        "coordinates": [
          2.38098,
          48.893616
        ]
      },
      "properties": {
        "id_bat": 963,
        "libelle": "144 avenue de Flandre",
        "ensemble": "",
        "arrondissement": 19,
        "image_ref": 4615,
        "terme_jantzen_bat": [
          "façade",
          "fenetre",
          "métal",
          "oriel"
        ]
      }
    },
    {
      "type": "Feature",
      "geometry": {
        "type": "Point",
        "coordinates": [
          2.277301,
          48.867601
        ]
      },
      "properties": {
        "id_bat": 965,
        "libelle": "144 rue de Longchamp",
        "ensemble": "",
        "arrondissement": 16,
        "image_ref": 8439,
        "terme_jantzen_bat": [
          "lucarne"
        ]
      }
    },
    {
      "type": "Feature",
      "geometry": {
        "type": "Point",
        "coordinates": [
          2.340199,
          48.861848
        ]
      },
      "properties": {
        "id_bat": 970,
        "libelle": "145 rue Saint-Honoré",
        "ensemble": "",
        "arrondissement": 1,
        "image_ref": 14439,
        "terme_jantzen_bat": [
          "façade",
          "lucarne",
          "toiture",
          "tourelle"
        ]
      }
    },
    {
      "type": "Feature",
      "geometry": {
        "type": "Point",
        "coordinates": [
          2.329742,
          48.842197
        ]
      },
      "properties": {
        "id_bat": 975,
        "libelle": "147 boulevard Raspail",
        "ensemble": "",
        "arrondissement": 6,
        "image_ref": 12384,
        "terme_jantzen_bat": [
          "façade-d'angle",
          "lucarne",
          "toiture"
        ]
      }
    },
    {
      "type": "Feature",
      "geometry": {
        "type": "Point",
        "coordinates": [
          2.306716,
          48.88586
        ]
      },
      "properties": {
        "id_bat": 981,
        "libelle": "148 boulevard Malesherbes",
        "ensemble": "",
        "arrondissement": 17,
        "image_ref": 9045,
        "terme_jantzen_bat": [
          "atlante",
          "sculpture"
        ]
      }
    },
    {
      "type": "Feature",
      "geometry": {
        "type": "Point",
        "coordinates": [
          2.310692,
          48.858172
        ]
      },
      "properties": {
        "id_bat": 982,
        "libelle": "148 rue de Grenelle",
        "ensemble": "",
        "arrondissement": 7,
        "image_ref": 5703,
        "terme_jantzen_bat": [
          "atlante",
          "cariatide",
          "console",
          "fenetre",
          "sculpture"
        ]
      }
    },
    {
      "type": "Feature",
      "geometry": {
        "type": "Point",
        "coordinates": [
          2.34234,
          48.892411
        ]
      },
      "properties": {
        "id_bat": 984,
        "libelle": "15 à 17 rue de Trétaigne",
        "ensemble": "",
        "arrondissement": 18,
        "image_ref": 15485,
        "terme_jantzen_bat": [
          "façade-d'angle"
        ]
      }
    },
    {
      "type": "Feature",
      "geometry": {
        "type": "Point",
        "coordinates": [
          2.298847,
          48.857831
        ]
      },
      "properties": {
        "id_bat": 990,
        "libelle": "15 avenue Élisée-Reclus",
        "ensemble": "",
        "arrondissement": 7,
        "image_ref": 4010,
        "terme_jantzen_bat": [
          "balcon",
          "sculpture"
        ]
      }
    },
    {
      "type": "Feature",
      "geometry": {
        "type": "Point",
        "coordinates": [
          2.303279,
          48.865672
        ]
      },
      "properties": {
        "id_bat": 993,
        "libelle": "15 avenue Montaigne",
        "ensemble": "",
        "arrondissement": 8,
        "image_ref": 9815,
        "terme_jantzen_bat": [
          "façade",
          "fenetre",
          "sculpture"
        ]
      }
    },
    {
      "type": "Feature",
      "geometry": {
        "type": "Point",
        "coordinates": [
          2.272735,
          48.849702
        ]
      },
      "properties": {
        "id_bat": 995,
        "libelle": "15 avenue Perrichont",
        "ensemble": "",
        "arrondissement": 16,
        "image_ref": 11435,
        "terme_jantzen_bat": [
          "brique",
          "céramique",
          "décor",
          "fenetre",
          "porte-fer"
        ]
      }
    },
    {
      "type": "Feature",
      "geometry": {
        "type": "Point",
        "coordinates": [
          2.273328,
          48.86835
        ]
      },
      "properties": {
        "id_bat": 1000,
        "libelle": "15 boulevard Lannes",
        "ensemble": "",
        "arrondissement": 16,
        "image_ref": 7902,
        "terme_jantzen_bat": [
          "brique",
          "lucarne",
          "toiture"
        ]
      }
    },
    {
      "type": "Feature",
      "geometry": {
        "type": "Point",
        "coordinates": [
          2.345267,
          48.845664
        ]
      },
      "properties": {
        "id_bat": 1003,
        "libelle": "15 place du Panthéon",
        "ensemble": "",
        "arrondissement": 5,
        "image_ref": 11117,
        "terme_jantzen_bat": [
          "porte-fer"
        ]
      }
    },
    {
      "type": "Feature",
      "geometry": {
        "type": "Point",
        "coordinates": [
          2.390035,
          48.881767
        ]
      },
      "properties": {
        "id_bat": 1004,
        "libelle": "15 place du Pont Neuf - Christo et Jeanne-Claude",
        "ensemble": "",
        "arrondissement": 1,
        "image_ref": 11886,
        "terme_jantzen_bat": [
          "brique",
          "façade",
          "fronton",
          "lucarne",
          "toiture"
        ]
      }
    },
    {
      "type": "Feature",
      "geometry": {
        "type": "Point",
        "coordinates": [
          2.328887,
          48.867956
        ]
      },
      "properties": {
        "id_bat": 1005,
        "libelle": "15 place Vendôme",
        "ensemble": "",
        "arrondissement": 1,
        "image_ref": 15992,
        "terme_jantzen_bat": [
          "façade",
          "lucarne"
        ]
      }
    },
    {
      "type": "Feature",
      "geometry": {
        "type": "Point",
        "coordinates": [
          2.331518,
          48.858696
        ]
      },
      "properties": {
        "id_bat": 1007,
        "libelle": "15 quai Voltaire",
        "ensemble": "",
        "arrondissement": 7,
        "image_ref": 16716,
        "terme_jantzen_bat": [
          "atlante",
          "brique",
          "cariatide",
          "console",
          "façade",
          "fenetre",
          "fronton",
          "lucarne",
          "oriel",
          "porte-bois",
          "sculpture"
        ]
      }
    },
    {
      "type": "Feature",
      "geometry": {
        "type": "Point",
        "coordinates": [
          2.332819,
          48.888279
        ]
      },
      "properties": {
        "id_bat": 1011,
        "libelle": "15 rue Damrémont",
        "ensemble": "",
        "arrondissement": 18,
        "image_ref": 3389,
        "terme_jantzen_bat": [
          "balcon",
          "dome",
          "façade-d'angle",
          "fenetre",
          "fenetre-d'angle",
          "lucarne"
        ]
      }
    },
    {
      "type": "Feature",
      "geometry": {
        "type": "Point",
        "coordinates": [
          2.339529,
          48.875817
        ]
      },
      "properties": {
        "id_bat": 1014,
        "libelle": "15 rue de Châteaudun",
        "ensemble": "",
        "arrondissement": 9,
        "image_ref": 2406,
        "terme_jantzen_bat": [
          "décor",
          "façade",
          "fenetre",
          "garde-corps",
          "sculpture"
        ]
      }
    },
    {
      "type": "Feature",
      "geometry": {
        "type": "Point",
        "coordinates": [
          2.341185,
          48.850774
        ]
      },
      "properties": {
        "id_bat": 1016,
        "libelle": "15 rue de l'École-de-Médecine",
        "ensemble": "",
        "arrondissement": 6,
        "image_ref": 3937,
        "terme_jantzen_bat": [
          "lucarne",
          "toiture"
        ]
      }
    },
    {
      "type": "Feature",
      "geometry": {
        "type": "Point",
        "coordinates": [
          2.293393,
          48.866068
        ]
      },
      "properties": {
        "id_bat": 1017,
        "libelle": "15 rue de Lübeck",
        "ensemble": "",
        "arrondissement": 16,
        "image_ref": 8837,
        "terme_jantzen_bat": [
          "fenetre",
          "garde-corps",
          "sculpture"
        ]
      }
    },
    {
      "type": "Feature",
      "geometry": {
        "type": "Point",
        "coordinates": [
          2.337343,
          48.849169
        ]
      },
      "properties": {
        "id_bat": 1019,
        "libelle": "15 rue de Vaugirard",
        "ensemble": "",
        "arrondissement": 6,
        "image_ref": 15864,
        "terme_jantzen_bat": [
          "colonne",
          "porte-bois"
        ]
      }
    },
    {
      "type": "Feature",
      "geometry": {
        "type": "Point",
        "coordinates": [
          2.350831,
          48.854471
        ]
      },
      "properties": {
        "id_bat": 1024,
        "libelle": "15 rue des Ursins",
        "ensemble": "",
        "arrondissement": 4,
        "image_ref": 15695,
        "terme_jantzen_bat": [
          "oriel"
        ]
      }
    },
    {
      "type": "Feature",
      "geometry": {
        "type": "Point",
        "coordinates": [
          2.341581,
          48.842668
        ]
      },
      "properties": {
        "id_bat": 1025,
        "libelle": "15 rue des Ursulines",
        "ensemble": "",
        "arrondissement": 5,
        "image_ref": 15705,
        "terme_jantzen_bat": [
          "façade",
          "fenetre"
        ]
      }
    },
    {
      "type": "Feature",
      "geometry": {
        "type": "Point",
        "coordinates": [
          2.365428,
          48.858971
        ]
      },
      "properties": {
        "id_bat": 1027,
        "libelle": "15 rue du Grand-Veneur",
        "ensemble": "",
        "arrondissement": 3,
        "image_ref": 5664,
        "terme_jantzen_bat": [
          "console",
          "décor",
          "façade",
          "fenetre",
          "lucarne",
          "sculpture"
        ]
      }
    },
    {
      "type": "Feature",
      "geometry": {
        "type": "Point",
        "coordinates": [
          2.341996,
          48.863501
        ]
      },
      "properties": {
        "id_bat": 1028,
        "libelle": "15 rue du Louvre",
        "ensemble": "",
        "arrondissement": 1,
        "image_ref": 8800,
        "terme_jantzen_bat": [
          "colonne",
          "décor",
          "façade",
          "fenetre",
          "lucarne",
          "oeil-de-boeuf",
          "sculpture",
          "voie"
        ]
      }
    },
    {
      "type": "Feature",
      "geometry": {
        "type": "Point",
        "coordinates": [
          2.404109,
          48.834975
        ]
      },
      "properties": {
        "id_bat": 1034,
        "libelle": "15 rue Ernest-Lacoste",
        "ensemble": "",
        "arrondissement": 12,
        "image_ref": 4127,
        "terme_jantzen_bat": [
          "brique",
          "décor",
          "fenetre",
          "sculpture"
        ]
      }
    },
    {
      "type": "Feature",
      "geometry": {
        "type": "Point",
        "coordinates": [
          2.272323,
          48.855253
        ]
      },
      "properties": {
        "id_bat": 1037,
        "libelle": "15 rue Gustave-Zédé",
        "ensemble": "",
        "arrondissement": 16,
        "image_ref": 5866,
        "terme_jantzen_bat": [
          "porte-fer-hall"
        ]
      }
    },
    {
      "type": "Feature",
      "geometry": {
        "type": "Point",
        "coordinates": [
          2.30696,
          48.865897
        ]
      },
      "properties": {
        "id_bat": 1039,
        "libelle": "15 rue Jean-Goujon",
        "ensemble": "",
        "arrondissement": 8,
        "image_ref": 7231,
        "terme_jantzen_bat": [
          "chimère",
          "console",
          "façade",
          "sculpture",
          "tour"
        ]
      }
    },
    {
      "type": "Feature",
      "geometry": {
        "type": "Point",
        "coordinates": [
          2.332868,
          48.841692
        ]
      },
      "properties": {
        "id_bat": 1040,
        "libelle": "15 rue Joseph-Bara",
        "ensemble": "",
        "arrondissement": 6,
        "image_ref": 7350,
        "terme_jantzen_bat": [
          "porte-bois"
        ]
      }
    },
    {
      "type": "Feature",
      "geometry": {
        "type": "Point",
        "coordinates": [
          2.344149,
          48.878971
        ]
      },
      "properties": {
        "id_bat": 1042,
        "libelle": "15 rue Louise-Émilie-de-La-Tour-d'Auvergne",
        "ensemble": "",
        "arrondissement": 9,
        "image_ref": 15319,
        "terme_jantzen_bat": [
          "façade"
        ]
      }
    },
    {
      "type": "Feature",
      "geometry": {
        "type": "Point",
        "coordinates": [
          2.292539,
          48.88012
        ]
      },
      "properties": {
        "id_bat": 1043,
        "libelle": "15 rue Marcel-Renault",
        "ensemble": "",
        "arrondissement": 17,
        "image_ref": 9228,
        "terme_jantzen_bat": [
          "décor",
          "façade-d'angle",
          "fenetre-d'angle",
          "poignée-porte",
          "porte-fer-hall",
          "sculpture"
        ]
      }
    },
    {
      "type": "Feature",
      "geometry": {
        "type": "Point",
        "coordinates": [
          2.347571,
          48.877659
        ]
      },
      "properties": {
        "id_bat": 1044,
        "libelle": "15 rue Marie-Éléonore de Bellefond",
        "ensemble": "",
        "arrondissement": 9,
        "image_ref": 1092,
        "terme_jantzen_bat": [
          "oriel",
          "porte-fer-hall"
        ]
      }
    },
    {
      "type": "Feature",
      "geometry": {
        "type": "Point",
        "coordinates": [
          2.366179,
          48.871932
        ]
      },
      "properties": {
        "id_bat": 1045,
        "libelle": "15 rue Marie-et-Louise",
        "ensemble": "",
        "arrondissement": 10,
        "image_ref": 9271,
        "terme_jantzen_bat": [
          "console",
          "fenetre"
        ]
      }
    },
    {
      "type": "Feature",
      "geometry": {
        "type": "Point",
        "coordinates": [
          2.346372,
          48.863768
        ]
      },
      "properties": {
        "id_bat": 1047,
        "libelle": "15 rue Montorgueil",
        "ensemble": "",
        "arrondissement": 1,
        "image_ref": 9974,
        "terme_jantzen_bat": [
          "façade",
          "fenetre",
          "porte-bois"
        ]
      }
    },
    {
      "type": "Feature",
      "geometry": {
        "type": "Point",
        "coordinates": [
          2.294608,
          48.849266
        ]
      },
      "properties": {
        "id_bat": 1052,
        "libelle": "15 rue Violet",
        "ensemble": "",
        "arrondissement": 15,
        "image_ref": 16622,
        "terme_jantzen_bat": [
          "porte-fer"
        ]
      }
    },
    {
      "type": "Feature",
      "geometry": {
        "type": "Point",
        "coordinates": [
          2.298037,
          48.873188
        ]
      },
      "properties": {
        "id_bat": 1054,
        "libelle": "150 avenue des Champs-Élysées",
        "ensemble": "",
        "arrondissement": 8,
        "image_ref": 2245,
        "terme_jantzen_bat": [
          "fronton",
          "lucarne"
        ]
      }
    },
    {
      "type": "Feature",
      "geometry": {
        "type": "Point",
        "coordinates": [
          2.357558,
          48.833773
        ]
      },
      "properties": {
        "id_bat": 1061,
        "libelle": "151 boulevard de l'Hôpital",
        "ensemble": "",
        "arrondissement": 13,
        "image_ref": 6374,
        "terme_jantzen_bat": [
          "brique",
          "fronton",
          "sculpture",
          "tourelle"
        ]
      }
    },
    {
      "type": "Feature",
      "geometry": {
        "type": "Point",
        "coordinates": [
          2.307482,
          48.857856
        ]
      },
      "properties": {
        "id_bat": 1062,
        "libelle": "151 rue de Grenelle",
        "ensemble": "",
        "arrondissement": 7,
        "image_ref": 5708,
        "terme_jantzen_bat": [
          "fenetre",
          "porte-bois"
        ]
      }
    },
    {
      "type": "Feature",
      "geometry": {
        "type": "Point",
        "coordinates": [
          2.343339,
          48.846525
        ]
      },
      "properties": {
        "id_bat": 1063,
        "libelle": "151B rue Saint-Jacques",
        "ensemble": "",
        "arrondissement": 5,
        "image_ref": 14506,
        "terme_jantzen_bat": [
          "balcon",
          "clé",
          "console",
          "décor",
          "façade",
          "fenetre",
          "garde-corps",
          "sculpture"
        ]
      }
    },
    {
      "type": "Feature",
      "geometry": {
        "type": "Point",
        "coordinates": [
          2.311649,
          48.875296
        ]
      },
      "properties": {
        "id_bat": 1066,
        "libelle": "152 boulevard Haussmann",
        "ensemble": "",
        "arrondissement": 8,
        "image_ref": 5978,
        "terme_jantzen_bat": [
          "lucarne",
          "oeil-de-boeuf",
          "pilastre"
        ]
      }
    },
    {
      "type": "Feature",
      "geometry": {
        "type": "Point",
        "coordinates": [
          2.328721,
          48.897353
        ]
      },
      "properties": {
        "id_bat": 1067,
        "libelle": "153 avenue de Saint-Ouen",
        "ensemble": "",
        "arrondissement": 17,
        "image_ref": 14826,
        "terme_jantzen_bat": [
          "décor",
          "fenetre",
          "lucarne",
          "lucarne-d'angle"
        ]
      }
    },
    {
      "type": "Feature",
      "geometry": {
        "type": "Point",
        "coordinates": [
          2.327476,
          48.891226
        ]
      },
      "properties": {
        "id_bat": 1068,
        "libelle": "153 rue Lamarck",
        "ensemble": "",
        "arrondissement": 18,
        "image_ref": 7803,
        "terme_jantzen_bat": [
          "céramique",
          "porte-fer-hall"
        ]
      }
    },
    {
      "type": "Feature",
      "geometry": {
        "type": "Point",
        "coordinates": [
          2.289985,
          48.84035
        ]
      },
      "properties": {
        "id_bat": 1074,
        "libelle": "154 rue de la Convention",
        "ensemble": "",
        "arrondissement": 15,
        "image_ref": 2971,
        "terme_jantzen_bat": [
          "brique",
          "façade",
          "fenetre",
          "fronton",
          "lucarne",
          "pignon"
        ]
      }
    },
    {
      "type": "Feature",
      "geometry": {
        "type": "Point",
        "coordinates": [
          2.356868,
          48.878606
        ]
      },
      "properties": {
        "id_bat": 1075,
        "libelle": "154 rue du Faubourg-Saint-Denis",
        "ensemble": "",
        "arrondissement": 10,
        "image_ref": 4386,
        "terme_jantzen_bat": [
          "console",
          "décor",
          "façade",
          "fenetre",
          "lucarne",
          "sculpture"
        ]
      }
    },
    {
      "type": "Feature",
      "geometry": {
        "type": "Point",
        "coordinates": [
          2.29322,
          48.883061
        ]
      },
      "properties": {
        "id_bat": 1077,
        "libelle": "156 boulevard Pereire",
        "ensemble": "",
        "arrondissement": 17,
        "image_ref": 11364,
        "terme_jantzen_bat": [
          "porte-fer"
        ]
      }
    },
    {
      "type": "Feature",
      "geometry": {
        "type": "Point",
        "coordinates": [
          2.264309,
          48.840551
        ]
      },
      "properties": {
        "id_bat": 1079,
        "libelle": "158 avenue de Versailles",
        "ensemble": "",
        "arrondissement": 16,
        "image_ref": 16157,
        "terme_jantzen_bat": [
          "porte-fer"
        ]
      }
    },
    {
      "type": "Feature",
      "geometry": {
        "type": "Point",
        "coordinates": [
          2.310873,
          48.875265
        ]
      },
      "properties": {
        "id_bat": 1080,
        "libelle": "158 boulevard Haussmann",
        "ensemble": "",
        "arrondissement": 8,
        "image_ref": 5980,
        "terme_jantzen_bat": [
          "dome",
          "lucarne",
          "oeil-de-boeuf"
        ]
      }
    },
    {
      "type": "Feature",
      "geometry": {
        "type": "Point",
        "coordinates": [
          2.360505,
          48.865274
        ]
      },
      "properties": {
        "id_bat": 1083,
        "libelle": "158b rue du Temple",
        "ensemble": "",
        "arrondissement": 3,
        "image_ref": 15035,
        "terme_jantzen_bat": [
          "porte-bois"
        ]
      }
    },
    {
      "type": "Feature",
      "geometry": {
        "type": "Point",
        "coordinates": [
          2.309425,
          48.846061
        ]
      },
      "properties": {
        "id_bat": 1084,
        "libelle": "159 avenue de Suffren",
        "ensemble": "",
        "arrondissement": 15,
        "image_ref": 14973,
        "terme_jantzen_bat": [
          "balcon",
          "chimère",
          "colonne",
          "console",
          "dome",
          "façade",
          "façade-d'angle",
          "fenetre",
          "fenetre-d'angle",
          "fronton",
          "garde-corps",
          "lucarne",
          "lucarne-d'angle",
          "oriel",
          "porte-bois",
          "sculpture"
        ]
      }
    },
    {
      "type": "Feature",
      "geometry": {
        "type": "Point",
        "coordinates": [
          2.359593,
          48.819642
        ]
      },
      "properties": {
        "id_bat": 1086,
        "libelle": "159 avenue d'Italie",
        "ensemble": "",
        "arrondissement": 13,
        "image_ref": 7079,
        "terme_jantzen_bat": [
          "console",
          "fenetre",
          "garde-corps",
          "sculpture"
        ]
      }
    },
    {
      "type": "Feature",
      "geometry": {
        "type": "Point",
        "coordinates": [
          2.374599,
          48.829263
        ]
      },
      "properties": {
        "id_bat": 1088,
        "libelle": "15b rue de Tolbiac",
        "ensemble": "",
        "arrondissement": 13,
        "image_ref": 15279,
        "terme_jantzen_bat": [
          "brique",
          "céramique",
          "décor",
          "façade",
          "fenetre",
          "porte-fer-hall"
        ]
      }
    },
    {
      "type": "Feature",
      "geometry": {
        "type": "Point",
        "coordinates": [
          2.313597,
          48.870844
        ]
      },
      "properties": {
        "id_bat": 1099,
        "libelle": "16 avenue Matignon",
        "ensemble": "",
        "arrondissement": 8,
        "image_ref": 9378,
        "terme_jantzen_bat": [
          "décor",
          "façade",
          "fenetre",
          "porte",
          "sculpture"
        ]
      }
    },
    {
      "type": "Feature",
      "geometry": {
        "type": "Point",
        "coordinates": [
          2.295167,
          48.880081
        ]
      },
      "properties": {
        "id_bat": 1100,
        "libelle": "16 avenue Niel",
        "ensemble": "",
        "arrondissement": 17,
        "image_ref": 10265,
        "terme_jantzen_bat": [
          "console",
          "façade-d'angle",
          "fenetre-d'angle"
        ]
      }
    },
    {
      "type": "Feature",
      "geometry": {
        "type": "Point",
        "coordinates": [
          2.310303,
          48.846154
        ]
      },
      "properties": {
        "id_bat": 1111,
        "libelle": "16 rue Bouchut",
        "ensemble": "",
        "arrondissement": 15,
        "image_ref": 1459,
        "terme_jantzen_bat": [
          "cariatide",
          "console",
          "sculpture"
        ]
      }
    },
    {
      "type": "Feature",
      "geometry": {
        "type": "Point",
        "coordinates": [
          2.318037,
          48.873068
        ]
      },
      "properties": {
        "id_bat": 1113,
        "libelle": "16 rue Cambacérès",
        "ensemble": "",
        "arrondissement": 8,
        "image_ref": 1852,
        "terme_jantzen_bat": [
          "fenetre"
        ]
      }
    },
    {
      "type": "Feature",
      "geometry": {
        "type": "Point",
        "coordinates": [
          2.308042,
          48.886635
        ]
      },
      "properties": {
        "id_bat": 1116,
        "libelle": "16 rue Cernuschi",
        "ensemble": "",
        "arrondissement": 17,
        "image_ref": 2159,
        "terme_jantzen_bat": [
          "décor",
          "fenetre",
          "garde-corps",
          "sculpture",
          "verrière"
        ]
      }
    },
    {
      "type": "Feature",
      "geometry": {
        "type": "Point",
        "coordinates": [
          2.348191,
          48.839551
        ]
      },
      "properties": {
        "id_bat": 1117,
        "libelle": "16 rue Claude-Bernard",
        "ensemble": "",
        "arrondissement": 5,
        "image_ref": 2566,
        "terme_jantzen_bat": [
          "brique",
          "dome",
          "fenetre"
        ]
      }
    },
    {
      "type": "Feature",
      "geometry": {
        "type": "Point",
        "coordinates": [
          2.349557,
          48.879226
        ]
      },
      "properties": {
        "id_bat": 1118,
        "libelle": "16 rue d'Abbeville",
        "ensemble": "",
        "arrondissement": 10,
        "image_ref": 78,
        "terme_jantzen_bat": [
          "balcon",
          "cariatide",
          "console",
          "décor",
          "façade",
          "façade-d'angle",
          "fenetre",
          "fenetre-d'angle",
          "oriel",
          "pignon",
          "sculpture"
        ]
      }
    },
    {
      "type": "Feature",
      "geometry": {
        "type": "Point",
        "coordinates": [
          2.317889,
          48.859158
        ]
      },
      "properties": {
        "id_bat": 1119,
        "libelle": "16 rue de Bourgogne",
        "ensemble": "",
        "arrondissement": 7,
        "image_ref": 1503,
        "terme_jantzen_bat": [
          "fenetre",
          "porte-fer"
        ]
      }
    },
    {
      "type": "Feature",
      "geometry": {
        "type": "Point",
        "coordinates": [
          2.305844,
          48.839473
        ]
      },
      "properties": {
        "id_bat": 1122,
        "libelle": "16 rue de la Procession",
        "ensemble": "",
        "arrondissement": 15,
        "image_ref": 12057,
        "terme_jantzen_bat": [
          "balcon",
          "céramique",
          "façade-d'angle",
          "fenetre",
          "fenetre-d'angle",
          "lucarne",
          "lucarne-d'angle",
          "oriel",
          "porte-fer",
          "porte-fer-hall",
          "toiture"
        ]
      }
    },
    {
      "type": "Feature",
      "geometry": {
        "type": "Point",
        "coordinates": [
          2.303055,
          48.866982
        ]
      },
      "properties": {
        "id_bat": 1123,
        "libelle": "16 rue de La Trémoille",
        "ensemble": "",
        "arrondissement": 8,
        "image_ref": 8100,
        "terme_jantzen_bat": [
          "céramique",
          "métal",
          "oriel"
        ]
      }
    },
    {
      "type": "Feature",
      "geometry": {
        "type": "Point",
        "coordinates": [
          2.329123,
          48.877226
        ]
      },
      "properties": {
        "id_bat": 1124,
        "libelle": "16 rue de Londres",
        "ensemble": "",
        "arrondissement": 9,
        "image_ref": 8450,
        "terme_jantzen_bat": [
          "cariatide",
          "colonne",
          "console",
          "façade",
          "fenetre",
          "fronton",
          "loggia",
          "lucarne",
          "porte",
          "sculpture"
        ]
      }
    },
    {
      "type": "Feature",
      "geometry": {
        "type": "Point",
        "coordinates": [
          2.351909,
          48.870734
        ]
      },
      "properties": {
        "id_bat": 1125,
        "libelle": "16 rue de Mazagran",
        "ensemble": "",
        "arrondissement": 10,
        "image_ref": 9426,
        "terme_jantzen_bat": [
          "décor",
          "fenetre"
        ]
      }
    },
    {
      "type": "Feature",
      "geometry": {
        "type": "Point",
        "coordinates": [
          2.327375,
          48.851823
        ]
      },
      "properties": {
        "id_bat": 1126,
        "libelle": "16 rue de Sèvres",
        "ensemble": "",
        "arrondissement": 7,
        "image_ref": 13610,
        "terme_jantzen_bat": [
          "fenetre",
          "fronton",
          "lucarne",
          "oeil-de-boeuf"
        ]
      }
    },
    {
      "type": "Feature",
      "geometry": {
        "type": "Point",
        "coordinates": [
          2.362036,
          48.85721
        ]
      },
      "properties": {
        "id_bat": 1128,
        "libelle": "16 rue des Francs-Bourgeois",
        "ensemble": "",
        "arrondissement": 3,
        "image_ref": 4915,
        "terme_jantzen_bat": [
          "cariatide",
          "façade",
          "fenetre",
          "pilastre",
          "porte-fer",
          "sculpture"
        ]
      }
    },
    {
      "type": "Feature",
      "geometry": {
        "type": "Point",
        "coordinates": [
          2.297974,
          48.849824
        ]
      },
      "properties": {
        "id_bat": 1133,
        "libelle": "16 rue d'Ouessant",
        "ensemble": "",
        "arrondissement": 15,
        "image_ref": 10962,
        "terme_jantzen_bat": [
          "porte-bois"
        ]
      }
    },
    {
      "type": "Feature",
      "geometry": {
        "type": "Point",
        "coordinates": [
          2.341171,
          48.861297
        ]
      },
      "properties": {
        "id_bat": 1138,
        "libelle": "16 rue du Louvre",
        "ensemble": "",
        "arrondissement": 1,
        "image_ref": 8807,
        "terme_jantzen_bat": [
          "décor",
          "fenetre",
          "sculpture"
        ]
      }
    },
    {
      "type": "Feature",
      "geometry": {
        "type": "Point",
        "coordinates": [
          2.33647,
          48.869699
        ]
      },
      "properties": {
        "id_bat": 1139,
        "libelle": "16 rue du Quatre-Septembre",
        "ensemble": "",
        "arrondissement": 2,
        "image_ref": 12190,
        "terme_jantzen_bat": [
          "décor",
          "fenetre",
          "fenetre-d'angle",
          "lucarne",
          "lucarne-d'angle",
          "oeil-de-boeuf",
          "pilastre",
          "porte-fer",
          "sculpture"
        ]
      }
    },
    {
      "type": "Feature",
      "geometry": {
        "type": "Point",
        "coordinates": [
          2.261347,
          48.846754
        ]
      },
      "properties": {
        "id_bat": 1142,
        "libelle": "16 rue Erlanger",
        "ensemble": "",
        "arrondissement": 16,
        "image_ref": 4121,
        "terme_jantzen_bat": [
          "console",
          "fenetre",
          "sculpture"
        ]
      }
    },
    {
      "type": "Feature",
      "geometry": {
        "type": "Point",
        "coordinates": [
          2.348639,
          48.864063
        ]
      },
      "properties": {
        "id_bat": 1143,
        "libelle": "16 rue Étienne-Marcel",
        "ensemble": "",
        "arrondissement": 2,
        "image_ref": 4169,
        "terme_jantzen_bat": [
          "balcon",
          "façade",
          "garde-corps",
          "lucarne"
        ]
      }
    },
    {
      "type": "Feature",
      "geometry": {
        "type": "Point",
        "coordinates": [
          2.322425,
          48.887825
        ]
      },
      "properties": {
        "id_bat": 1145,
        "libelle": "16 rue Jacquemont",
        "ensemble": "",
        "arrondissement": 17,
        "image_ref": 7148,
        "terme_jantzen_bat": [
          "atlante",
          "fenetre",
          "sculpture"
        ]
      }
    },
    {
      "type": "Feature",
      "geometry": {
        "type": "Point",
        "coordinates": [
          2.272224,
          48.861562
        ]
      },
      "properties": {
        "id_bat": 1150,
        "libelle": "16 rue Octave-Feuillet",
        "ensemble": "",
        "arrondissement": 16,
        "image_ref": 10531,
        "terme_jantzen_bat": [
          "porte-fer-hall"
        ]
      }
    },
    {
      "type": "Feature",
      "geometry": {
        "type": "Point",
        "coordinates": [
          2.374778,
          48.846954
        ]
      },
      "properties": {
        "id_bat": 1151,
        "libelle": "16 rue Parrot",
        "ensemble": "",
        "arrondissement": 12,
        "image_ref": 11153,
        "terme_jantzen_bat": [
          "balcon",
          "cariatide",
          "colonne",
          "dome",
          "décor",
          "façade-d'angle",
          "fenetre",
          "fenetre-d'angle",
          "fronton",
          "garde-corps",
          "lucarne",
          "lucarne-d'angle",
          "mosaique",
          "oriel",
          "sculpture"
        ]
      }
    },
    {
      "type": "Feature",
      "geometry": {
        "type": "Point",
        "coordinates": [
          2.355001,
          48.860781
        ]
      },
      "properties": {
        "id_bat": 1152,
        "libelle": "16 rue Rambuteau",
        "ensemble": "",
        "arrondissement": 3,
        "image_ref": 12224,
        "terme_jantzen_bat": [
          "balcon",
          "décor",
          "fenetre",
          "garde-corps",
          "sculpture"
        ]
      }
    },
    {
      "type": "Feature",
      "geometry": {
        "type": "Point",
        "coordinates": [
          2.283213,
          48.857346
        ]
      },
      "properties": {
        "id_bat": 1153,
        "libelle": "16 rue Raynouard",
        "ensemble": "",
        "arrondissement": 16,
        "image_ref": 12615,
        "terme_jantzen_bat": [
          "décor",
          "oriel",
          "sculpture"
        ]
      }
    },
    {
      "type": "Feature",
      "geometry": {
        "type": "Point",
        "coordinates": [
          2.330728,
          48.844107
        ]
      },
      "properties": {
        "id_bat": 1158,
        "libelle": "16 rue Vavin",
        "ensemble": "",
        "arrondissement": 6,
        "image_ref": 15958,
        "terme_jantzen_bat": [
          "balcon",
          "console",
          "dome",
          "fenetre-d'angle",
          "lucarne-d'angle",
          "sculpture"
        ]
      }
    },
    {
      "type": "Feature",
      "geometry": {
        "type": "Point",
        "coordinates": [
          2.282812,
          48.857397
        ]
      },
      "properties": {
        "id_bat": 1161,
        "libelle": "16 square Raynouard",
        "ensemble": "",
        "arrondissement": 16,
        "image_ref": 12648,
        "terme_jantzen_bat": [
          "façade",
          "façade-d'angle",
          "fenetre",
          "lucarne"
        ]
      }
    },
    {
      "type": "Feature",
      "geometry": {
        "type": "Point",
        "coordinates": [
          2.313028,
          48.843152
        ]
      },
      "properties": {
        "id_bat": 1172,
        "libelle": "164 rue de Vaugirard",
        "ensemble": "",
        "arrondissement": 6,
        "image_ref": 15865,
        "terme_jantzen_bat": [
          "dome",
          "lucarne",
          "oriel",
          "pilastre"
        ]
      }
    },
    {
      "type": "Feature",
      "geometry": {
        "type": "Point",
        "coordinates": [
          2.309429,
          48.875209
        ]
      },
      "properties": {
        "id_bat": 1174,
        "libelle": "166 boulevard Haussmann",
        "ensemble": "",
        "arrondissement": 8,
        "image_ref": 5986,
        "terme_jantzen_bat": [
          "lucarne",
          "porte-fer",
          "porte-fer-hall"
        ]
      }
    },
    {
      "type": "Feature",
      "geometry": {
        "type": "Point",
        "coordinates": [
          2.309064,
          48.873644
        ]
      },
      "properties": {
        "id_bat": 1175,
        "libelle": "166 rue du Faubourg-Saint-Honoré",
        "ensemble": "",
        "arrondissement": 8,
        "image_ref": 4393,
        "terme_jantzen_bat": [
          "clé",
          "façade",
          "fenetre",
          "garde-corps"
        ]
      }
    },
    {
      "type": "Feature",
      "geometry": {
        "type": "Point",
        "coordinates": [
          2.335489,
          48.840262
        ]
      },
      "properties": {
        "id_bat": 1176,
        "libelle": "167 boulevard du Montparnasse",
        "ensemble": "",
        "arrondissement": 6,
        "image_ref": 10005,
        "terme_jantzen_bat": [
          "console",
          "sculpture"
        ]
      }
    },
    {
      "type": "Feature",
      "geometry": {
        "type": "Point",
        "coordinates": [
          2.34282,
          48.871137
        ]
      },
      "properties": {
        "id_bat": 1178,
        "libelle": "167 rue Montmartre",
        "ensemble": "",
        "arrondissement": 2,
        "image_ref": 9956,
        "terme_jantzen_bat": [
          "façade",
          "oriel"
        ]
      }
    },
    {
      "type": "Feature",
      "geometry": {
        "type": "Point",
        "coordinates": [
          2.293317,
          48.838521
        ]
      },
      "properties": {
        "id_bat": 1182,
        "libelle": "168 rue de la Convention",
        "ensemble": "",
        "arrondissement": 15,
        "image_ref": 2977,
        "terme_jantzen_bat": [
          "porte-bois"
        ]
      }
    },
    {
      "type": "Feature",
      "geometry": {
        "type": "Point",
        "coordinates": [
          2.298391,
          48.857787
        ]
      },
      "properties": {
        "id_bat": 1186,
        "libelle": "16B avenue Élisée-Reclus",
        "ensemble": "",
        "arrondissement": 7,
        "image_ref": 4013,
        "terme_jantzen_bat": [
          "fenetre",
          "lucarne",
          "toiture"
        ]
      }
    },
    {
      "type": "Feature",
      "geometry": {
        "type": "Point",
        "coordinates": [
          2.293239,
          48.880706
        ]
      },
      "properties": {
        "id_bat": 1189,
        "libelle": "17 à 19 rue Pierre-Demours",
        "ensemble": "",
        "arrondissement": 17,
        "image_ref": 11670,
        "terme_jantzen_bat": [
          "façade",
          "fenetre"
        ]
      }
    },
    {
      "type": "Feature",
      "geometry": {
        "type": "Point",
        "coordinates": [
          2.346083,
          48.860289
        ]
      },
      "properties": {
        "id_bat": 1190,
        "libelle": "17 à 21 rue des Halles",
        "ensemble": "",
        "arrondissement": 1,
        "image_ref": 5885,
        "terme_jantzen_bat": [
          "façade"
        ]
      }
    },
    {
      "type": "Feature",
      "geometry": {
        "type": "Point",
        "coordinates": [
          2.312625,
          48.851522
        ]
      },
      "properties": {
        "id_bat": 1191,
        "libelle": "17 avenue de Breteuil",
        "ensemble": "",
        "arrondissement": 7,
        "image_ref": 1638,
        "terme_jantzen_bat": [
          "façade",
          "lucarne",
          "oeil-de-boeuf"
        ]
      }
    },
    {
      "type": "Feature",
      "geometry": {
        "type": "Point",
        "coordinates": [
          2.302831,
          48.874399
        ]
      },
      "properties": {
        "id_bat": 1192,
        "libelle": "17 avenue de Friedland",
        "ensemble": "",
        "arrondissement": 8,
        "image_ref": 5006,
        "terme_jantzen_bat": [
          "fenetre",
          "porte-bois"
        ]
      }
    },
    {
      "type": "Feature",
      "geometry": {
        "type": "Point",
        "coordinates": [
          2.308638,
          48.853837
        ]
      },
      "properties": {
        "id_bat": 1193,
        "libelle": "17 avenue de Tourville",
        "ensemble": "",
        "arrondissement": 7,
        "image_ref": 15458,
        "terme_jantzen_bat": [
          "console",
          "sculpture"
        ]
      }
    },
    {
      "type": "Feature",
      "geometry": {
        "type": "Point",
        "coordinates": [
          2.349307,
          48.885515
        ]
      },
      "properties": {
        "id_bat": 1199,
        "libelle": "17 boulevard Barbès",
        "ensemble": "",
        "arrondissement": 18,
        "image_ref": 809,
        "terme_jantzen_bat": [
          "lucarne",
          "lucarne-d'angle",
          "toiture"
        ]
      }
    },
    {
      "type": "Feature",
      "geometry": {
        "type": "Point",
        "coordinates": [
          2.326327,
          48.854045
        ]
      },
      "properties": {
        "id_bat": 1201,
        "libelle": "17 boulevard Raspail",
        "ensemble": "",
        "arrondissement": 7,
        "image_ref": 12393,
        "terme_jantzen_bat": [
          "colonne",
          "façade-d'angle",
          "fenetre-d'angle",
          "lucarne",
          "pignon",
          "porte-fer-hall"
        ]
      }
    },
    {
      "type": "Feature",
      "geometry": {
        "type": "Point",
        "coordinates": [
          2.266378,
          48.859652
        ]
      },
      "properties": {
        "id_bat": 1203,
        "libelle": "17 boulevard Suchet",
        "ensemble": "",
        "arrondissement": 16,
        "image_ref": 14941,
        "terme_jantzen_bat": [
          "dome",
          "façade-d'angle",
          "lucarne-d'angle"
        ]
      }
    },
    {
      "type": "Feature",
      "geometry": {
        "type": "Point",
        "coordinates": [
          2.359062,
          48.851698
        ]
      },
      "properties": {
        "id_bat": 1205,
        "libelle": "17 quai d'Anjou",
        "ensemble": "",
        "arrondissement": 4,
        "image_ref": 427,
        "terme_jantzen_bat": [
          "balcon",
          "fenetre",
          "garde-corps",
          "poignée-porte",
          "porte-bois"
        ]
      }
    },
    {
      "type": "Feature",
      "geometry": {
        "type": "Point",
        "coordinates": [
          2.301928,
          48.886141
        ]
      },
      "properties": {
        "id_bat": 1207,
        "libelle": "17 rue Alphonse-de-Neuville",
        "ensemble": "",
        "arrondissement": 17,
        "image_ref": 249,
        "terme_jantzen_bat": [
          "fenetre",
          "porte-fer-hall"
        ]
      }
    },
    {
      "type": "Feature",
      "geometry": {
        "type": "Point",
        "coordinates": [
          2.40584,
          48.864715
        ]
      },
      "properties": {
        "id_bat": 1208,
        "libelle": "17 rue Belgrand",
        "ensemble": "",
        "arrondissement": 20,
        "image_ref": 1077,
        "terme_jantzen_bat": [
          "balcon",
          "brique",
          "dome",
          "décor",
          "façade-d'angle",
          "fenetre-d'angle",
          "garde-corps",
          "lucarne"
        ]
      }
    },
    {
      "type": "Feature",
      "geometry": {
        "type": "Point",
        "coordinates": [
          2.332902,
          48.888418
        ]
      },
      "properties": {
        "id_bat": 1211,
        "libelle": "17 rue Damrémont",
        "ensemble": "",
        "arrondissement": 18,
        "image_ref": 3395,
        "terme_jantzen_bat": [
          "console",
          "fenetre",
          "porte-fer-hall"
        ]
      }
    },
    {
      "type": "Feature",
      "geometry": {
        "type": "Point",
        "coordinates": [
          2.319454,
          48.873198
        ]
      },
      "properties": {
        "id_bat": 1212,
        "libelle": "17 rue d'Astorg",
        "ensemble": "",
        "arrondissement": 8,
        "image_ref": 629,
        "terme_jantzen_bat": [
          "balcon",
          "fenetre-d'angle",
          "lucarne"
        ]
      }
    },
    {
      "type": "Feature",
      "geometry": {
        "type": "Point",
        "coordinates": [
          2.339245,
          48.875835
        ]
      },
      "properties": {
        "id_bat": 1215,
        "libelle": "17 rue de Châteaudun",
        "ensemble": "",
        "arrondissement": 9,
        "image_ref": 2413,
        "terme_jantzen_bat": [
          "balcon",
          "cariatide",
          "console",
          "décor",
          "façade",
          "fenetre",
          "garde-corps",
          "porte-bois",
          "sculpture"
        ]
      }
    },
    {
      "type": "Feature",
      "geometry": {
        "type": "Point",
        "coordinates": [
          2.35074,
          48.850077
        ]
      },
      "properties": {
        "id_bat": 1223,
        "libelle": "17 rue des Bernardins",
        "ensemble": "",
        "arrondissement": 5,
        "image_ref": 1185,
        "terme_jantzen_bat": [
          "balcon",
          "fenetre",
          "garde-corps"
        ]
      }
    },
    {
      "type": "Feature",
      "geometry": {
        "type": "Point",
        "coordinates": [
          2.346083,
          48.860289
        ]
      },
      "properties": {
        "id_bat": 1224,
        "libelle": "17 rue des Halles",
        "ensemble": "",
        "arrondissement": 1,
        "image_ref": 5882,
        "terme_jantzen_bat": [
          "fenetre",
          "garde-corps"
        ]
      }
    },
    {
      "type": "Feature",
      "geometry": {
        "type": "Point",
        "coordinates": [
          2.348365,
          48.863364
        ]
      },
      "properties": {
        "id_bat": 1229,
        "libelle": "17 rue du Cygne",
        "ensemble": "",
        "arrondissement": 1,
        "image_ref": 3376,
        "terme_jantzen_bat": [
          "balcon",
          "garde-corps"
        ]
      }
    },
    {
      "type": "Feature",
      "geometry": {
        "type": "Point",
        "coordinates": [
          2.347796,
          48.872325
        ]
      },
      "properties": {
        "id_bat": 1230,
        "libelle": "17 rue du Faubourg-Poissonnière",
        "ensemble": "",
        "arrondissement": 9,
        "image_ref": 4354,
        "terme_jantzen_bat": [
          "brique",
          "décor",
          "fenetre",
          "marquise",
          "mosaique",
          "porte-fer"
        ]
      }
    },
    {
      "type": "Feature",
      "geometry": {
        "type": "Point",
        "coordinates": [
          2.288526,
          48.834653
        ]
      },
      "properties": {
        "id_bat": 1231,
        "libelle": "17 rue du Hameau",
        "ensemble": "",
        "arrondissement": 15,
        "image_ref": 5920,
        "terme_jantzen_bat": [
          "lucarne-d'angle",
          "pignon"
        ]
      }
    },
    {
      "type": "Feature",
      "geometry": {
        "type": "Point",
        "coordinates": [
          2.381773,
          48.884108
        ]
      },
      "properties": {
        "id_bat": 1232,
        "libelle": "17 rue du Rhin",
        "ensemble": "",
        "arrondissement": 19,
        "image_ref": 12962,
        "terme_jantzen_bat": [
          "brique",
          "console",
          "fenetre",
          "sculpture"
        ]
      }
    },
    {
      "type": "Feature",
      "geometry": {
        "type": "Point",
        "coordinates": [
          2.350632,
          48.893635
        ]
      },
      "properties": {
        "id_bat": 1233,
        "libelle": "17 rue du Simplon",
        "ensemble": "",
        "arrondissement": 18,
        "image_ref": 13665,
        "terme_jantzen_bat": [
          "balcon",
          "brique",
          "façade",
          "fenetre",
          "lucarne",
          "porte-fer"
        ]
      }
    },
    {
      "type": "Feature",
      "geometry": {
        "type": "Point",
        "coordinates": [
          2.306562,
          48.882269
        ]
      },
      "properties": {
        "id_bat": 1237,
        "libelle": "17 rue Fortuny",
        "ensemble": "",
        "arrondissement": 17,
        "image_ref": 4742,
        "terme_jantzen_bat": [
          "fenetre",
          "oeil-de-boeuf",
          "poignée-porte",
          "porte-bois",
          "sculpture"
        ]
      }
    },
    {
      "type": "Feature",
      "geometry": {
        "type": "Point",
        "coordinates": [
          2.273895,
          48.851663
        ]
      },
      "properties": {
        "id_bat": 1238,
        "libelle": "17 rue Jean-de-La-Fontaine",
        "ensemble": "",
        "arrondissement": 16,
        "image_ref": 7768,
        "terme_jantzen_bat": [
          "porte-fer"
        ]
      }
    },
    {
      "type": "Feature",
      "geometry": {
        "type": "Point",
        "coordinates": [
          2.30069,
          48.880466
        ]
      },
      "properties": {
        "id_bat": 1241,
        "libelle": "17 rue Margueritte",
        "ensemble": "",
        "arrondissement": 17,
        "image_ref": 9265,
        "terme_jantzen_bat": [
          "console",
          "décor",
          "façade",
          "fenetre",
          "sculpture"
        ]
      }
    },
    {
      "type": "Feature",
      "geometry": {
        "type": "Point",
        "coordinates": [
          2.346408,
          48.863882
        ]
      },
      "properties": {
        "id_bat": 1242,
        "libelle": "17 rue Montorgueil",
        "ensemble": "",
        "arrondissement": 1,
        "image_ref": 9978,
        "terme_jantzen_bat": [
          "fenetre"
        ]
      }
    },
    {
      "type": "Feature",
      "geometry": {
        "type": "Point",
        "coordinates": [
          2.366266,
          48.853438
        ]
      },
      "properties": {
        "id_bat": 1243,
        "libelle": "17 rue Saint-Antoine",
        "ensemble": "",
        "arrondissement": 4,
        "image_ref": 13856,
        "terme_jantzen_bat": [
          "dome",
          "façade",
          "toiture",
          "tourelle"
        ]
      }
    },
    {
      "type": "Feature",
      "geometry": {
        "type": "Point",
        "coordinates": [
          2.32567,
          48.871987
        ]
      },
      "properties": {
        "id_bat": 1248,
        "libelle": "17 rue Tronchet",
        "ensemble": "",
        "arrondissement": 8,
        "image_ref": 15512,
        "terme_jantzen_bat": [
          "poignée-porte",
          "porte-bois"
        ]
      }
    },
    {
      "type": "Feature",
      "geometry": {
        "type": "Point",
        "coordinates": [
          2.308612,
          48.875177
        ]
      },
      "properties": {
        "id_bat": 1249,
        "libelle": "170 boulevard Haussmann",
        "ensemble": "",
        "arrondissement": 8,
        "image_ref": 5991,
        "terme_jantzen_bat": [
          "balcon",
          "dome",
          "façade-d'angle",
          "fenetre-d'angle",
          "intérieur",
          "lucarne",
          "oeil-de-boeuf",
          "porte-fer"
        ]
      }
    },
    {
      "type": "Feature",
      "geometry": {
        "type": "Point",
        "coordinates": [
          2.293525,
          48.838427
        ]
      },
      "properties": {
        "id_bat": 1250,
        "libelle": "170 rue de la Convention",
        "ensemble": "",
        "arrondissement": 15,
        "image_ref": 2978,
        "terme_jantzen_bat": [
          "console",
          "porte-fer-hall",
          "sculpture"
        ]
      }
    },
    {
      "type": "Feature",
      "geometry": {
        "type": "Point",
        "coordinates": [
          2.335975,
          48.840102
        ]
      },
      "properties": {
        "id_bat": 1251,
        "libelle": "171 boulevard du Montparnasse",
        "ensemble": "",
        "arrondissement": 6,
        "image_ref": 10006,
        "terme_jantzen_bat": [
          "dome",
          "lucarne",
          "oeil-de-boeuf"
        ]
      }
    },
    {
      "type": "Feature",
      "geometry": {
        "type": "Point",
        "coordinates": [
          2.32467,
          48.832584
        ]
      },
      "properties": {
        "id_bat": 1253,
        "libelle": "172 avenue du Maine",
        "ensemble": "",
        "arrondissement": 14,
        "image_ref": 8984,
        "terme_jantzen_bat": [
          "balcon",
          "colonne",
          "console",
          "décor",
          "façade-d'angle",
          "fenetre",
          "fenetre-d'angle",
          "garde-corps",
          "loggia",
          "lucarne",
          "sculpture"
        ]
      }
    },
    {
      "type": "Feature",
      "geometry": {
        "type": "Point",
        "coordinates": [
          2.296534,
          48.88553
        ]
      },
      "properties": {
        "id_bat": 1255,
        "libelle": "173 rue de Courcelles",
        "ensemble": "",
        "arrondissement": 17,
        "image_ref": 3131,
        "terme_jantzen_bat": [
          "façade",
          "fenetre",
          "pilastre",
          "porte-bois"
        ]
      }
    },
    {
      "type": "Feature",
      "geometry": {
        "type": "Point",
        "coordinates": [
          2.276619,
          48.866111
        ]
      },
      "properties": {
        "id_bat": 1258,
        "libelle": "174 avenue Victor-Hugo",
        "ensemble": "",
        "arrondissement": 16,
        "image_ref": 16370,
        "terme_jantzen_bat": [
          "console",
          "sculpture"
        ]
      }
    },
    {
      "type": "Feature",
      "geometry": {
        "type": "Point",
        "coordinates": [
          2.304759,
          48.887938
        ]
      },
      "properties": {
        "id_bat": 1259,
        "libelle": "174 boulevard Malesherbes",
        "ensemble": "",
        "arrondissement": 17,
        "image_ref": 9047,
        "terme_jantzen_bat": [
          "marquise",
          "mosaique",
          "porte-fer"
        ]
      }
    },
    {
      "type": "Feature",
      "geometry": {
        "type": "Point",
        "coordinates": [
          2.396852,
          48.838893
        ]
      },
      "properties": {
        "id_bat": 1262,
        "libelle": "176 avenue Daumesnil",
        "ensemble": "",
        "arrondissement": 12,
        "image_ref": 3530,
        "terme_jantzen_bat": [
          "console",
          "lucarne-d'angle",
          "sculpture"
        ]
      }
    },
    {
      "type": "Feature",
      "geometry": {
        "type": "Point",
        "coordinates": [
          2.39288,
          48.875302
        ]
      },
      "properties": {
        "id_bat": 1264,
        "libelle": "178 rue de Belleville",
        "ensemble": "",
        "arrondissement": 20,
        "image_ref": 1108,
        "terme_jantzen_bat": [
          "balcon",
          "console",
          "décor",
          "fenetre",
          "sculpture"
        ]
      }
    },
    {
      "type": "Feature",
      "geometry": {
        "type": "Point",
        "coordinates": [
          2.322495,
          48.890436
        ]
      },
      "properties": {
        "id_bat": 1270,
        "libelle": "17B rue Lacroix",
        "ensemble": "",
        "arrondissement": 17,
        "image_ref": 7618,
        "terme_jantzen_bat": [
          "brique",
          "décor",
          "façade",
          "fenetre",
          "pilastre"
        ]
      }
    },
    {
      "type": "Feature",
      "geometry": {
        "type": "Point",
        "coordinates": [
          2.330554,
          48.832424
        ]
      },
      "properties": {
        "id_bat": 1273,
        "libelle": "18 avenue du Général-Leclerc",
        "ensemble": "",
        "arrondissement": 14,
        "image_ref": 5215,
        "terme_jantzen_bat": [
          "fronton",
          "lucarne"
        ]
      }
    },
    {
      "type": "Feature",
      "geometry": {
        "type": "Point",
        "coordinates": [
          2.356716,
          48.868965
        ]
      },
      "properties": {
        "id_bat": 1277,
        "libelle": "18 boulevard Saint-Martin",
        "ensemble": "",
        "arrondissement": 10,
        "image_ref": 14701,
        "terme_jantzen_bat": [
          "atlante",
          "décor",
          "façade",
          "fenetre",
          "oeil-de-boeuf",
          "sculpture"
        ]
      }
    },
    {
      "type": "Feature",
      "geometry": {
        "type": "Point",
        "coordinates": [
          2.33041,
          48.867409
        ]
      },
      "properties": {
        "id_bat": 1279,
        "libelle": "18 place Vendôme",
        "ensemble": "",
        "arrondissement": 1,
        "image_ref": 15996,
        "terme_jantzen_bat": [
          "clé",
          "décor",
          "façade",
          "fenetre",
          "garde-corps",
          "lucarne",
          "pilastre",
          "sculpture"
        ]
      }
    },
    {
      "type": "Feature",
      "geometry": {
        "type": "Point",
        "coordinates": [
          2.33686,
          48.853901
        ]
      },
      "properties": {
        "id_bat": 1285,
        "libelle": "18 rue de Buci",
        "ensemble": "",
        "arrondissement": 6,
        "image_ref": 1800,
        "terme_jantzen_bat": [
          "fenetre",
          "pignon",
          "toiture"
        ]
      }
    },
    {
      "type": "Feature",
      "geometry": {
        "type": "Point",
        "coordinates": [
          2.32893,
          48.85311
        ]
      },
      "properties": {
        "id_bat": 1289,
        "libelle": "18 rue de Grenelle",
        "ensemble": "",
        "arrondissement": 6,
        "image_ref": 5713,
        "terme_jantzen_bat": [
          "console",
          "façade",
          "fenetre",
          "garde-corps",
          "oriel",
          "porte-fer",
          "sculpture"
        ]
      }
    },
    {
      "type": "Feature",
      "geometry": {
        "type": "Point",
        "coordinates": [
          2.292423,
          48.866655
        ]
      },
      "properties": {
        "id_bat": 1292,
        "libelle": "18 rue de l'Amiral-Hamelin",
        "ensemble": "",
        "arrondissement": 16,
        "image_ref": 302,
        "terme_jantzen_bat": [
          "balcon",
          "console",
          "garde-corps",
          "porte-bois",
          "sculpture"
        ]
      }
    },
    {
      "type": "Feature",
      "geometry": {
        "type": "Point",
        "coordinates": [
          2.353719,
          48.874786
        ]
      },
      "properties": {
        "id_bat": 1296,
        "libelle": "18 rue de Paradis",
        "ensemble": "",
        "arrondissement": 10,
        "image_ref": 11123,
        "terme_jantzen_bat": [
          "colonne",
          "céramique",
          "façade",
          "fenetre",
          "intérieur",
          "porte",
          "porte-fer"
        ]
      }
    },
    {
      "type": "Feature",
      "geometry": {
        "type": "Point",
        "coordinates": [
          2.342619,
          48.892597
        ]
      },
      "properties": {
        "id_bat": 1298,
        "libelle": "18 rue de Trétaigne",
        "ensemble": "",
        "arrondissement": 18,
        "image_ref": 15487,
        "terme_jantzen_bat": [
          "porte-fer-hall"
        ]
      }
    },
    {
      "type": "Feature",
      "geometry": {
        "type": "Point",
        "coordinates": [
          2.350728,
          48.850345
        ]
      },
      "properties": {
        "id_bat": 1299,
        "libelle": "18 rue des Bernardins",
        "ensemble": "",
        "arrondissement": 5,
        "image_ref": 1187,
        "terme_jantzen_bat": [
          "façade",
          "fenetre",
          "fronton",
          "lucarne"
        ]
      }
    },
    {
      "type": "Feature",
      "geometry": {
        "type": "Point",
        "coordinates": [
          2.3283,
          48.858322
        ]
      },
      "properties": {
        "id_bat": 1306,
        "libelle": "18 rue du Bac",
        "ensemble": "",
        "arrondissement": 7,
        "image_ref": 728,
        "terme_jantzen_bat": [
          "balcon",
          "colonne",
          "façade-d'angle",
          "fenetre-d'angle",
          "garde-corps",
          "pignon"
        ]
      }
    },
    {
      "type": "Feature",
      "geometry": {
        "type": "Point",
        "coordinates": [
          2.328234,
          48.850807
        ]
      },
      "properties": {
        "id_bat": 1307,
        "libelle": "18 rue du Cherche-Midi",
        "ensemble": "",
        "arrondissement": 6,
        "image_ref": 2494,
        "terme_jantzen_bat": [
          "façade",
          "fenetre",
          "fronton",
          "oeil-de-boeuf",
          "poignée-porte",
          "porte-bois",
          "sculpture"
        ]
      }
    },
    {
      "type": "Feature",
      "geometry": {
        "type": "Point",
        "coordinates": [
          2.35073,
          48.893745
        ]
      },
      "properties": {
        "id_bat": 1311,
        "libelle": "18 rue du Simplon",
        "ensemble": "",
        "arrondissement": 18,
        "image_ref": 13675,
        "terme_jantzen_bat": [
          "décor",
          "façade",
          "fenetre",
          "sculpture"
        ]
      }
    },
    {
      "type": "Feature",
      "geometry": {
        "type": "Point",
        "coordinates": [
          2.273155,
          48.866414
        ]
      },
      "properties": {
        "id_bat": 1312,
        "libelle": "18 rue Dufrenoy",
        "ensemble": "",
        "arrondissement": 16,
        "image_ref": 3862,
        "terme_jantzen_bat": [
          "façade-d'angle",
          "fenetre-d'angle",
          "tourelle"
        ]
      }
    },
    {
      "type": "Feature",
      "geometry": {
        "type": "Point",
        "coordinates": [
          2.272189,
          48.855348
        ]
      },
      "properties": {
        "id_bat": 1313,
        "libelle": "18 rue Gustave-Zédé",
        "ensemble": "",
        "arrondissement": 16,
        "image_ref": 5867,
        "terme_jantzen_bat": [
          "façade",
          "fenetre",
          "porte-fer"
        ]
      }
    },
    {
      "type": "Feature",
      "geometry": {
        "type": "Point",
        "coordinates": [
          2.324437,
          48.886088
        ]
      },
      "properties": {
        "id_bat": 1318,
        "libelle": "18 rue Lemercier",
        "ensemble": "",
        "arrondissement": 17,
        "image_ref": 8289,
        "terme_jantzen_bat": [
          "façade",
          "oriel",
          "porte-bois"
        ]
      }
    },
    {
      "type": "Feature",
      "geometry": {
        "type": "Point",
        "coordinates": [
          2.360698,
          48.865064
        ]
      },
      "properties": {
        "id_bat": 1320,
        "libelle": "18 rue Perrée",
        "ensemble": "",
        "arrondissement": 3,
        "image_ref": 11426,
        "terme_jantzen_bat": [
          "chimère",
          "console",
          "façade",
          "fenetre",
          "lucarne",
          "sculpture"
        ]
      }
    },
    {
      "type": "Feature",
      "geometry": {
        "type": "Point",
        "coordinates": [
          2.289266,
          48.878481
        ]
      },
      "properties": {
        "id_bat": 1322,
        "libelle": "18 rue Saint-Ferdinand",
        "ensemble": "",
        "arrondissement": 17,
        "image_ref": 14165,
        "terme_jantzen_bat": [
          "façade"
        ]
      }
    },
    {
      "type": "Feature",
      "geometry": {
        "type": "Point",
        "coordinates": [
          2.370543,
          48.881405
        ]
      },
      "properties": {
        "id_bat": 1327,
        "libelle": "180 boulevard de la Villette",
        "ensemble": "",
        "arrondissement": 19,
        "image_ref": 16571,
        "terme_jantzen_bat": [
          "brique",
          "façade",
          "fenetre",
          "lucarne",
          "porte-fer"
        ]
      }
    },
    {
      "type": "Feature",
      "geometry": {
        "type": "Point",
        "coordinates": [
          2.331225,
          48.854441
        ]
      },
      "properties": {
        "id_bat": 1333,
        "libelle": "184 boulevard Saint-Germain",
        "ensemble": "",
        "arrondissement": 6,
        "image_ref": 14292,
        "terme_jantzen_bat": [
          "cariatide",
          "façade",
          "fenetre",
          "porte-bois",
          "sculpture"
        ]
      }
    },
    {
      "type": "Feature",
      "geometry": {
        "type": "Point",
        "coordinates": [
          2.329566,
          48.895583
        ]
      },
      "properties": {
        "id_bat": 1335,
        "libelle": "185 rue Belliard",
        "ensemble": "",
        "arrondissement": 18,
        "image_ref": 1129,
        "terme_jantzen_bat": [
          "céramique",
          "façade",
          "porte-bois"
        ]
      }
    },
    {
      "type": "Feature",
      "geometry": {
        "type": "Point",
        "coordinates": [
          2.283409,
          48.871198
        ]
      },
      "properties": {
        "id_bat": 1336,
        "libelle": "185 rue de la Pompe",
        "ensemble": "",
        "arrondissement": 16,
        "image_ref": 11843,
        "terme_jantzen_bat": [
          "colonne",
          "décor",
          "fenetre",
          "porte-bois",
          "sculpture"
        ]
      }
    },
    {
      "type": "Feature",
      "geometry": {
        "type": "Point",
        "coordinates": [
          2.34369,
          48.879074
        ]
      },
      "properties": {
        "id_bat": 1346,
        "libelle": "19 à 21 rue Louise-Émilie-de-La-Tour-d'Auvergne",
        "ensemble": "",
        "arrondissement": 9,
        "image_ref": 15323,
        "terme_jantzen_bat": [
          "fenetre"
        ]
      }
    },
    {
      "type": "Feature",
      "geometry": {
        "type": "Point",
        "coordinates": [
          2.308321,
          48.853853
        ]
      },
      "properties": {
        "id_bat": 1349,
        "libelle": "19 avenue de Tourville",
        "ensemble": "",
        "arrondissement": 7,
        "image_ref": 15459,
        "terme_jantzen_bat": [
          "console",
          "sculpture"
        ]
      }
    },
    {
      "type": "Feature",
      "geometry": {
        "type": "Point",
        "coordinates": [
          2.344091,
          48.881315
        ]
      },
      "properties": {
        "id_bat": 1351,
        "libelle": "19 avenue Trudaine",
        "ensemble": "",
        "arrondissement": 9,
        "image_ref": 15551,
        "terme_jantzen_bat": [
          "façade-d'angle",
          "fenetre-d'angle",
          "fronton",
          "pignon"
        ]
      }
    },
    {
      "type": "Feature",
      "geometry": {
        "type": "Point",
        "coordinates": [
          2.286059,
          48.858689
        ]
      },
      "properties": {
        "id_bat": 1352,
        "libelle": "19 boulevard Delessert",
        "ensemble": "",
        "arrondissement": 16,
        "image_ref": 3669,
        "terme_jantzen_bat": [
          "balcon",
          "fenetre",
          "garde-corps",
          "porte-fer"
        ]
      }
    },
    {
      "type": "Feature",
      "geometry": {
        "type": "Point",
        "coordinates": [
          2.336463,
          48.871192
        ]
      },
      "properties": {
        "id_bat": 1353,
        "libelle": "19 boulevard des Italiens",
        "ensemble": "",
        "arrondissement": 2,
        "image_ref": 7104,
        "terme_jantzen_bat": [
          "sculpture"
        ]
      }
    },
    {
      "type": "Feature",
      "geometry": {
        "type": "Point",
        "coordinates": [
          2.266305,
          48.859538
        ]
      },
      "properties": {
        "id_bat": 1354,
        "libelle": "19 boulevard Suchet",
        "ensemble": "",
        "arrondissement": 1,
        "image_ref": 14943,
        "terme_jantzen_bat": [
          "façade-d'angle",
          "lucarne"
        ]
      }
    },
    {
      "type": "Feature",
      "geometry": {
        "type": "Point",
        "coordinates": [
          2.32928,
          48.868216
        ]
      },
      "properties": {
        "id_bat": 1355,
        "libelle": "19 place Vendôme",
        "ensemble": "",
        "arrondissement": 1,
        "image_ref": 16010,
        "terme_jantzen_bat": [
          "façade",
          "fenetre",
          "lucarne",
          "oeil-de-boeuf"
        ]
      }
    },
    {
      "type": "Feature",
      "geometry": {
        "type": "Point",
        "coordinates": [
          2.304684,
          48.885126
        ]
      },
      "properties": {
        "id_bat": 1356,
        "libelle": "19 rue Ampère",
        "ensemble": "",
        "arrondissement": 17,
        "image_ref": 312,
        "terme_jantzen_bat": [
          "console",
          "façade",
          "fenetre",
          "garde-corps",
          "oriel",
          "porte-fer",
          "sculpture"
        ]
      }
    },
    {
      "type": "Feature",
      "geometry": {
        "type": "Point",
        "coordinates": [
          2.333046,
          48.888657
        ]
      },
      "properties": {
        "id_bat": 1359,
        "libelle": "19 rue Damrémont",
        "ensemble": "",
        "arrondissement": 18,
        "image_ref": 3398,
        "terme_jantzen_bat": [
          "balcon",
          "console",
          "décor",
          "fenetre",
          "fenetre-d'angle",
          "lucarne",
          "lucarne-d'angle",
          "pilastre",
          "porte-fer",
          "sculpture",
          "toiture"
        ]
      }
    },
    {
      "type": "Feature",
      "geometry": {
        "type": "Point",
        "coordinates": [
          2.306565,
          48.881203
        ]
      },
      "properties": {
        "id_bat": 1363,
        "libelle": "19 rue de Prony",
        "ensemble": "",
        "arrondissement": 17,
        "image_ref": 12072,
        "terme_jantzen_bat": [
          "décor",
          "façade-d'angle",
          "fronton",
          "lucarne",
          "porte",
          "sculpture"
        ]
      }
    },
    {
      "type": "Feature",
      "geometry": {
        "type": "Point",
        "coordinates": [
          2.385905,
          48.848647
        ]
      },
      "properties": {
        "id_bat": 1364,
        "libelle": "19 rue de Reuilly",
        "ensemble": "",
        "arrondissement": 12,
        "image_ref": 12949,
        "terme_jantzen_bat": [
          "fenetre",
          "porte-fer"
        ]
      }
    },
    {
      "type": "Feature",
      "geometry": {
        "type": "Point",
        "coordinates": [
          2.345974,
          48.860412
        ]
      },
      "properties": {
        "id_bat": 1367,
        "libelle": "19 rue des Halles",
        "ensemble": "",
        "arrondissement": 1,
        "image_ref": 5886,
        "terme_jantzen_bat": [
          "balcon",
          "cariatide",
          "décor",
          "façade",
          "fenetre",
          "garde-corps",
          "lucarne",
          "pilastre",
          "sculpture"
        ]
      }
    },
    {
      "type": "Feature",
      "geometry": {
        "type": "Point",
        "coordinates": [
          2.290202,
          48.877627
        ]
      },
      "properties": {
        "id_bat": 1369,
        "libelle": "19 rue du Colonel-Moll",
        "ensemble": "",
        "arrondissement": 17,
        "image_ref": 2813,
        "terme_jantzen_bat": [
          "console",
          "façade",
          "fenetre",
          "lucarne",
          "sculpture"
        ]
      }
    },
    {
      "type": "Feature",
      "geometry": {
        "type": "Point",
        "coordinates": [
          2.368033,
          48.854836
        ]
      },
      "properties": {
        "id_bat": 1373,
        "libelle": "19 rue Jean-Beausire",
        "ensemble": "",
        "arrondissement": 4,
        "image_ref": 7214,
        "terme_jantzen_bat": [
          "fenetre",
          "porte-bois"
        ]
      }
    },
    {
      "type": "Feature",
      "geometry": {
        "type": "Point",
        "coordinates": [
          2.273664,
          48.851639
        ]
      },
      "properties": {
        "id_bat": 1374,
        "libelle": "19 rue Jean-de-La-Fontaine",
        "ensemble": "",
        "arrondissement": 16,
        "image_ref": 7769,
        "terme_jantzen_bat": [
          "porte-fer"
        ]
      }
    },
    {
      "type": "Feature",
      "geometry": {
        "type": "Point",
        "coordinates": [
          2.298083,
          48.833857
        ]
      },
      "properties": {
        "id_bat": 1375,
        "libelle": "19 rue Jobbé-Duval",
        "ensemble": "",
        "arrondissement": 15,
        "image_ref": 7310,
        "terme_jantzen_bat": [
          "brique",
          "façade-d'angle"
        ]
      }
    },
    {
      "type": "Feature",
      "geometry": {
        "type": "Point",
        "coordinates": [
          2.34369,
          48.879074
        ]
      },
      "properties": {
        "id_bat": 1377,
        "libelle": "19 rue Louise-Émilie-de-La-Tour-d'Auvergne",
        "ensemble": "",
        "arrondissement": 9,
        "image_ref": 15320,
        "terme_jantzen_bat": [
          "balcon",
          "façade",
          "fenetre"
        ]
      }
    },
    {
      "type": "Feature",
      "geometry": {
        "type": "Point",
        "coordinates": [
          2.272049,
          48.861495
        ]
      },
      "properties": {
        "id_bat": 1380,
        "libelle": "19 rue Octave-Feuillet",
        "ensemble": "",
        "arrondissement": 16,
        "image_ref": 10532,
        "terme_jantzen_bat": [
          "balcon",
          "clé",
          "console",
          "céramique",
          "décor",
          "façade-d'angle",
          "fenetre",
          "fenetre-d'angle",
          "garde-corps",
          "porte-fer",
          "porte-fer-hall",
          "sculpture"
        ]
      }
    },
    {
      "type": "Feature",
      "geometry": {
        "type": "Point",
        "coordinates": [
          2.296467,
          48.833254
        ]
      },
      "properties": {
        "id_bat": 1384,
        "libelle": "19 rue Robert-Lindet",
        "ensemble": "",
        "arrondissement": 15,
        "image_ref": 13158,
        "terme_jantzen_bat": [
          "brique",
          "décor",
          "façade-d'angle",
          "fenetre",
          "fenetre-d'angle",
          "lucarne",
          "lucarne-d'angle",
          "pignon"
        ]
      }
    },
    {
      "type": "Feature",
      "geometry": {
        "type": "Point",
        "coordinates": [
          2.334862,
          48.849561
        ]
      },
      "properties": {
        "id_bat": 1386,
        "libelle": "19 rue Servandoni",
        "ensemble": "",
        "arrondissement": 6,
        "image_ref": 13556,
        "terme_jantzen_bat": [
          "console"
        ]
      }
    },
    {
      "type": "Feature",
      "geometry": {
        "type": "Point",
        "coordinates": [
          2.33613,
          48.891617
        ]
      },
      "properties": {
        "id_bat": 1388,
        "libelle": "190 rue Marcadet",
        "ensemble": "",
        "arrondissement": 18,
        "image_ref": 9128,
        "terme_jantzen_bat": [
          "brique",
          "décor",
          "façade",
          "fenetre",
          "garde-corps"
        ]
      }
    },
    {
      "type": "Feature",
      "geometry": {
        "type": "Point",
        "coordinates": [
          2.326331,
          48.829799
        ]
      },
      "properties": {
        "id_bat": 1395,
        "libelle": "197 avenue du Maine",
        "ensemble": "",
        "arrondissement": 14,
        "image_ref": 8996,
        "terme_jantzen_bat": [
          "colonne",
          "porte-bois"
        ]
      }
    },
    {
      "type": "Feature",
      "geometry": {
        "type": "Point",
        "coordinates": [
          2.348817,
          48.825828
        ]
      },
      "properties": {
        "id_bat": 1398,
        "libelle": "198 rue de Tolbiac",
        "ensemble": "",
        "arrondissement": 13,
        "image_ref": 15284,
        "terme_jantzen_bat": [
          "décor",
          "façade",
          "fenetre",
          "garde-corps",
          "sculpture"
        ]
      }
    },
    {
      "type": "Feature",
      "geometry": {
        "type": "Point",
        "coordinates": [
          2.340648,
          48.865666
        ]
      },
      "properties": {
        "id_bat": 1408,
        "libelle": "2 à 4 place des Victoires",
        "ensemble": "",
        "arrondissement": 2,
        "image_ref": 16272,
        "terme_jantzen_bat": [
          "façade"
        ]
      }
    },
    {
      "type": "Feature",
      "geometry": {
        "type": "Point",
        "coordinates": [
          2.39542,
          48.84956
        ]
      },
      "properties": {
        "id_bat": 1417,
        "libelle": "2 avenue Philippe-Auguste",
        "ensemble": "",
        "arrondissement": 11,
        "image_ref": 11613,
        "terme_jantzen_bat": [
          "console",
          "décor",
          "façade-d'angle",
          "fenetre",
          "fenetre-d'angle",
          "lucarne",
          "sculpture",
          "toiture"
        ]
      }
    },
    {
      "type": "Feature",
      "geometry": {
        "type": "Point",
        "coordinates": [
          2.315046,
          48.881322
        ]
      },
      "properties": {
        "id_bat": 1418,
        "libelle": "2 boulevard de Courcelles",
        "ensemble": "",
        "arrondissement": 17,
        "image_ref": 3227,
        "terme_jantzen_bat": [
          "fenetre",
          "porte-bois"
        ]
      }
    },
    {
      "type": "Feature",
      "geometry": {
        "type": "Point",
        "coordinates": [
          2.389848,
          48.838683
        ]
      },
      "properties": {
        "id_bat": 1419,
        "libelle": "2 boulevard de Reuilly",
        "ensemble": "",
        "arrondissement": 12,
        "image_ref": 12950,
        "terme_jantzen_bat": [
          "balcon",
          "dome",
          "fenetre-d'angle",
          "lucarne",
          "oeil-de-boeuf",
          "pilastre",
          "tourelle"
        ]
      }
    },
    {
      "type": "Feature",
      "geometry": {
        "type": "Point",
        "coordinates": [
          2.333801,
          48.871082
        ]
      },
      "properties": {
        "id_bat": 1420,
        "libelle": "2 boulevard des Capucines",
        "ensemble": "",
        "arrondissement": 9,
        "image_ref": 1958,
        "terme_jantzen_bat": [
          "dome",
          "lucarne",
          "oeil-de-boeuf",
          "tourelle"
        ]
      }
    },
    {
      "type": "Feature",
      "geometry": {
        "type": "Point",
        "coordinates": [
          2.355638,
          48.849535
        ]
      },
      "properties": {
        "id_bat": 1425,
        "libelle": "2 boulevard Saint-Germain",
        "ensemble": "",
        "arrondissement": 5,
        "image_ref": 14371,
        "terme_jantzen_bat": [
          "cariatide",
          "clé",
          "colonne",
          "façade",
          "façade-d'angle",
          "fenetre",
          "fronton",
          "intérieur",
          "lucarne",
          "lucarne-d'angle",
          "porte",
          "porte-bois",
          "sculpture",
          "toiture"
        ]
      }
    },
    {
      "type": "Feature",
      "geometry": {
        "type": "Point",
        "coordinates": [
          2.278796,
          48.837149
        ]
      },
      "properties": {
        "id_bat": 1429,
        "libelle": "2 place Balard",
        "ensemble": "",
        "arrondissement": 15,
        "image_ref": 791,
        "terme_jantzen_bat": [
          "balcon",
          "fenetre-d'angle",
          "lucarne"
        ]
      }
    },
    {
      "type": "Feature",
      "geometry": {
        "type": "Point",
        "coordinates": [
          2.332819,
          48.870133
        ]
      },
      "properties": {
        "id_bat": 1432,
        "libelle": "2 place de l'Opéra",
        "ensemble": "",
        "arrondissement": 2,
        "image_ref": 10609,
        "terme_jantzen_bat": [
          "balcon",
          "clé",
          "dome",
          "lucarne-d'angle",
          "pilastre",
          "sculpture"
        ]
      }
    },
    {
      "type": "Feature",
      "geometry": {
        "type": "Point",
        "coordinates": [
          2.332556,
          48.876547
        ]
      },
      "properties": {
        "id_bat": 1434,
        "libelle": "2 place d'Estienne-d'Orves",
        "ensemble": "",
        "arrondissement": 9,
        "image_ref": 4144,
        "terme_jantzen_bat": [
          "atlante",
          "façade",
          "fenetre",
          "porte-bois"
        ]
      }
    },
    {
      "type": "Feature",
      "geometry": {
        "type": "Point",
        "coordinates": [
          2.348791,
          48.868113
        ]
      },
      "properties": {
        "id_bat": 1435,
        "libelle": "2 place du Caire",
        "ensemble": "",
        "arrondissement": 2,
        "image_ref": 1830,
        "terme_jantzen_bat": [
          "console",
          "façade",
          "fenetre",
          "sculpture"
        ]
      }
    },
    {
      "type": "Feature",
      "geometry": {
        "type": "Point",
        "coordinates": [
          2.328838,
          48.866671
        ]
      },
      "properties": {
        "id_bat": 1438,
        "libelle": "2 place Vendôme",
        "ensemble": "",
        "arrondissement": 1,
        "image_ref": 16014,
        "terme_jantzen_bat": [
          "décor",
          "fenetre-d'angle",
          "lucarne",
          "lucarne-d'angle",
          "pilastre",
          "sculpture"
        ]
      }
    },
    {
      "type": "Feature",
      "geometry": {
        "type": "Point",
        "coordinates": [
          2.328736,
          48.826251
        ]
      },
      "properties": {
        "id_bat": 1441,
        "libelle": "2 rue Alphonse-Daudet",
        "ensemble": "",
        "arrondissement": 14,
        "image_ref": 246,
        "terme_jantzen_bat": [
          "fenetre",
          "porte-bois"
        ]
      }
    },
    {
      "type": "Feature",
      "geometry": {
        "type": "Point",
        "coordinates": [
          2.346967,
          48.851466
        ]
      },
      "properties": {
        "id_bat": 1451,
        "libelle": "2 rue Dante",
        "ensemble": "",
        "arrondissement": 5,
        "image_ref": 3436,
        "terme_jantzen_bat": [
          "balcon",
          "dome",
          "façade-d'angle",
          "lucarne-d'angle",
          "porte-fer"
        ]
      }
    },
    {
      "type": "Feature",
      "geometry": {
        "type": "Point",
        "coordinates": [
          2.296323,
          48.868137
        ]
      },
      "properties": {
        "id_bat": 1454,
        "libelle": "2 rue de Bassano",
        "ensemble": "",
        "arrondissement": 16,
        "image_ref": 834,
        "terme_jantzen_bat": [
          "décor",
          "façade-d'angle",
          "lucarne-d'angle",
          "oeil-de-boeuf",
          "porte-bois",
          "sculpture"
        ]
      }
    },
    {
      "type": "Feature",
      "geometry": {
        "type": "Point",
        "coordinates": [
          2.302151,
          48.85608
        ]
      },
      "properties": {
        "id_bat": 1456,
        "libelle": "2 rue de Belgrade",
        "ensemble": "",
        "arrondissement": 7,
        "image_ref": 1073,
        "terme_jantzen_bat": [
          "balcon",
          "dome",
          "fenetre-d'angle",
          "lucarne-d'angle",
          "oeil-de-boeuf"
        ]
      }
    },
    {
      "type": "Feature",
      "geometry": {
        "type": "Point",
        "coordinates": [
          2.328097,
          48.870286
        ]
      },
      "properties": {
        "id_bat": 1458,
        "libelle": "2 rue de Caumartin",
        "ensemble": "",
        "arrondissement": 9,
        "image_ref": 2084,
        "terme_jantzen_bat": [
          "balcon",
          "façade-d'angle",
          "fenetre-d'angle",
          "lucarne",
          "lucarne-d'angle",
          "oeil-de-boeuf",
          "pilastre",
          "toiture"
        ]
      }
    },
    {
      "type": "Feature",
      "geometry": {
        "type": "Point",
        "coordinates": [
          2.336018,
          48.854021
        ]
      },
      "properties": {
        "id_bat": 1467,
        "libelle": "2 rue de l'Abbaye",
        "ensemble": "",
        "arrondissement": 6,
        "image_ref": 1,
        "terme_jantzen_bat": [
          "façade",
          "lucarne",
          "toiture",
          "voie"
        ]
      }
    },
    {
      "type": "Feature",
      "geometry": {
        "type": "Point",
        "coordinates": [
          2.310882,
          48.876588
        ]
      },
      "properties": {
        "id_bat": 1469,
        "libelle": "2 rue de Messine",
        "ensemble": "",
        "arrondissement": 8,
        "image_ref": 9565,
        "terme_jantzen_bat": [
          "porte-fer",
          "porte-fer-hall"
        ]
      }
    },
    {
      "type": "Feature",
      "geometry": {
        "type": "Point",
        "coordinates": [
          2.339784,
          48.879505
        ]
      },
      "properties": {
        "id_bat": 1471,
        "libelle": "2 rue de Navarin",
        "ensemble": "",
        "arrondissement": 9,
        "image_ref": 10203,
        "terme_jantzen_bat": [
          "fenetre-d'angle",
          "lucarne",
          "lucarne-d'angle"
        ]
      }
    },
    {
      "type": "Feature",
      "geometry": {
        "type": "Point",
        "coordinates": [
          2.3424,
          48.862946
        ]
      },
      "properties": {
        "id_bat": 1476,
        "libelle": "2 rue de Viarmes",
        "ensemble": "",
        "arrondissement": 1,
        "image_ref": 16224,
        "terme_jantzen_bat": [
          "balcon",
          "façade-d'angle",
          "fenetre-d'angle",
          "fronton",
          "garde-corps",
          "tour"
        ]
      }
    },
    {
      "type": "Feature",
      "geometry": {
        "type": "Point",
        "coordinates": [
          2.34015,
          48.866116
        ]
      },
      "properties": {
        "id_bat": 1478,
        "libelle": "2 rue des Petits-Pères",
        "ensemble": "",
        "arrondissement": 2,
        "image_ref": 11584,
        "terme_jantzen_bat": [
          "balcon",
          "clé",
          "dome",
          "façade-d'angle",
          "fenetre-d'angle",
          "garde-corps",
          "tour"
        ]
      }
    },
    {
      "type": "Feature",
      "geometry": {
        "type": "Point",
        "coordinates": [
          2.393436,
          48.847105
        ]
      },
      "properties": {
        "id_bat": 1481,
        "libelle": "2 rue Dorian",
        "ensemble": "",
        "arrondissement": 12,
        "image_ref": 3807,
        "terme_jantzen_bat": [
          "façade-d'angle",
          "fenetre",
          "fenetre-d'angle",
          "garde-corps",
          "lucarne-d'angle",
          "porte-bois",
          "sculpture",
          "tour"
        ]
      }
    },
    {
      "type": "Feature",
      "geometry": {
        "type": "Point",
        "coordinates": [
          2.290973,
          48.876914
        ]
      },
      "properties": {
        "id_bat": 1484,
        "libelle": "2 rue du Colonel-Moll",
        "ensemble": "",
        "arrondissement": 17,
        "image_ref": 2819,
        "terme_jantzen_bat": [
          "façade-d'angle",
          "fenetre",
          "lucarne",
          "lucarne-d'angle",
          "oeil-de-boeuf",
          "porte-fer-hall"
        ]
      }
    },
    {
      "type": "Feature",
      "geometry": {
        "type": "Point",
        "coordinates": [
          2.339823,
          48.869065
        ]
      },
      "properties": {
        "id_bat": 1488,
        "libelle": "2 rue du Quatre-Septembre",
        "ensemble": "",
        "arrondissement": 2,
        "image_ref": 12197,
        "terme_jantzen_bat": [
          "cariatide",
          "sculpture"
        ]
      }
    },
    {
      "type": "Feature",
      "geometry": {
        "type": "Point",
        "coordinates": [
          2.275481,
          48.86586
        ]
      },
      "properties": {
        "id_bat": 1491,
        "libelle": "2 rue Dufrenoy",
        "ensemble": "",
        "arrondissement": 16,
        "image_ref": 3864,
        "terme_jantzen_bat": [
          "colonne",
          "console",
          "dome",
          "façade-d'angle",
          "fenetre",
          "fenetre-d'angle",
          "garde-corps",
          "lucarne",
          "sculpture"
        ]
      }
    },
    {
      "type": "Feature",
      "geometry": {
        "type": "Point",
        "coordinates": [
          2.27371,
          48.862583
        ]
      },
      "properties": {
        "id_bat": 1493,
        "libelle": "2 rue Edmond-About",
        "ensemble": "",
        "arrondissement": 16,
        "image_ref": 3979,
        "terme_jantzen_bat": [
          "façade-d'angle",
          "porte-fer-hall"
        ]
      }
    },
    {
      "type": "Feature",
      "geometry": {
        "type": "Point",
        "coordinates": [
          2.282219,
          48.858861
        ]
      },
      "properties": {
        "id_bat": 1496,
        "libelle": "2 rue Eugène-Manuel",
        "ensemble": "",
        "arrondissement": 16,
        "image_ref": 4242,
        "terme_jantzen_bat": [
          "console",
          "céramique",
          "décor",
          "façade",
          "façade-d'angle",
          "fenetre",
          "garde-corps",
          "intérieur",
          "lucarne",
          "porte-fer",
          "porte-fer-hall",
          "sculpture"
        ]
      }
    },
    {
      "type": "Feature",
      "geometry": {
        "type": "Point",
        "coordinates": [
          2.337728,
          48.881135
        ]
      },
      "properties": {
        "id_bat": 1501,
        "libelle": "2 rue Frochot",
        "ensemble": "",
        "arrondissement": 9,
        "image_ref": 5009,
        "terme_jantzen_bat": [
          "façade",
          "porte-fer",
          "verrière"
        ]
      }
    },
    {
      "type": "Feature",
      "geometry": {
        "type": "Point",
        "coordinates": [
          2.325083,
          48.872509
        ]
      },
      "properties": {
        "id_bat": 1503,
        "libelle": "2 rue Greffulhe",
        "ensemble": "",
        "arrondissement": 8,
        "image_ref": 5679,
        "terme_jantzen_bat": [
          "porte-bois"
        ]
      }
    },
    {
      "type": "Feature",
      "geometry": {
        "type": "Point",
        "coordinates": [
          2.285275,
          48.863463
        ]
      },
      "properties": {
        "id_bat": 1504,
        "libelle": "2 rue Greuze",
        "ensemble": "",
        "arrondissement": 16,
        "image_ref": 5813,
        "terme_jantzen_bat": [
          "console",
          "sculpture"
        ]
      }
    },
    {
      "type": "Feature",
      "geometry": {
        "type": "Point",
        "coordinates": [
          2.332395,
          48.848405
        ]
      },
      "properties": {
        "id_bat": 1505,
        "libelle": "2 rue Guynemer",
        "ensemble": "",
        "arrondissement": 6,
        "image_ref": 5870,
        "terme_jantzen_bat": [
          "brique",
          "décor",
          "façade",
          "façade-d'angle",
          "fenetre",
          "fronton",
          "garde-corps",
          "lucarne",
          "porte-fer",
          "sculpture"
        ]
      }
    },
    {
      "type": "Feature",
      "geometry": {
        "type": "Point",
        "coordinates": [
          2.325815,
          48.883472
        ]
      },
      "properties": {
        "id_bat": 1513,
        "libelle": "2 rue Lécluse",
        "ensemble": "",
        "arrondissement": 17,
        "image_ref": 8181,
        "terme_jantzen_bat": [
          "porte-bois"
        ]
      }
    },
    {
      "type": "Feature",
      "geometry": {
        "type": "Point",
        "coordinates": [
          2.310433,
          48.845015
        ]
      },
      "properties": {
        "id_bat": 1514,
        "libelle": "2 rue Lecourbe",
        "ensemble": "",
        "arrondissement": 15,
        "image_ref": 8212,
        "terme_jantzen_bat": [
          "balcon",
          "dome",
          "décor",
          "façade-d'angle",
          "fenetre",
          "lucarne",
          "porte-fer",
          "sculpture",
          "toiture"
        ]
      }
    },
    {
      "type": "Feature",
      "geometry": {
        "type": "Point",
        "coordinates": [
          2.355018,
          48.844026
        ]
      },
      "properties": {
        "id_bat": 1516,
        "libelle": "2 rue Linné",
        "ensemble": "",
        "arrondissement": 5,
        "image_ref": 8374,
        "terme_jantzen_bat": [
          "colonne",
          "console",
          "fenetre",
          "sculpture"
        ]
      }
    },
    {
      "type": "Feature",
      "geometry": {
        "type": "Point",
        "coordinates": [
          2.349763,
          48.869521
        ]
      },
      "properties": {
        "id_bat": 1518,
        "libelle": "2 rue Notre-Dame-de-Bonne-Nouvelle",
        "ensemble": "",
        "arrondissement": 10,
        "image_ref": 1424,
        "terme_jantzen_bat": [
          "façade",
          "fenetre"
        ]
      }
    },
    {
      "type": "Feature",
      "geometry": {
        "type": "Point",
        "coordinates": [
          2.356768,
          48.860188
        ]
      },
      "properties": {
        "id_bat": 1524,
        "libelle": "2 rue Rambuteau",
        "ensemble": "",
        "arrondissement": 3,
        "image_ref": 12226,
        "terme_jantzen_bat": [
          "console",
          "décor",
          "façade-d'angle",
          "fenetre",
          "sculpture"
        ]
      }
    },
    {
      "type": "Feature",
      "geometry": {
        "type": "Point",
        "coordinates": [
          2.322909,
          48.8367
        ]
      },
      "properties": {
        "id_bat": 1525,
        "libelle": "2 rue Raymond-Losserand",
        "ensemble": "",
        "arrondissement": 14,
        "image_ref": 12574,
        "terme_jantzen_bat": [
          "façade-d'angle",
          "fenetre-d'angle",
          "porte-fer-hall"
        ]
      }
    },
    {
      "type": "Feature",
      "geometry": {
        "type": "Point",
        "coordinates": [
          2.289484,
          48.876231
        ]
      },
      "properties": {
        "id_bat": 1532,
        "libelle": "2 rue Villaret-de-Joyeuse",
        "ensemble": "",
        "arrondissement": 17,
        "image_ref": 16538,
        "terme_jantzen_bat": [
          "balcon",
          "colonne",
          "dome",
          "façade-d'angle",
          "fenetre",
          "lucarne-d'angle",
          "sculpture"
        ]
      }
    },
    {
      "type": "Feature",
      "geometry": {
        "type": "Point",
        "coordinates": [
          2.283578,
          48.834823
        ]
      },
      "properties": {
        "id_bat": 1536,
        "libelle": "2 square Desnouettes",
        "ensemble": "",
        "arrondissement": 15,
        "image_ref": 3743,
        "terme_jantzen_bat": [
          "balcon",
          "brique",
          "façade",
          "loggia",
          "lucarne-d'angle"
        ]
      }
    },
    {
      "type": "Feature",
      "geometry": {
        "type": "Point",
        "coordinates": [
          2.337052,
          48.871641
        ]
      },
      "properties": {
        "id_bat": 1546,
        "libelle": "20 boulevard des Italiens",
        "ensemble": "",
        "arrondissement": 9,
        "image_ref": 7108,
        "terme_jantzen_bat": [
          "balcon",
          "console",
          "décor",
          "façade",
          "fenetre",
          "garde-corps",
          "métal",
          "pilastre",
          "sculpture"
        ]
      }
    },
    {
      "type": "Feature",
      "geometry": {
        "type": "Point",
        "coordinates": [
          2.356402,
          48.869011
        ]
      },
      "properties": {
        "id_bat": 1548,
        "libelle": "20 boulevard Saint-Martin",
        "ensemble": "",
        "arrondissement": 10,
        "image_ref": 14711,
        "terme_jantzen_bat": [
          "cariatide",
          "console",
          "décor",
          "façade",
          "fenetre",
          "lucarne",
          "sculpture"
        ]
      }
    },
    {
      "type": "Feature",
      "geometry": {
        "type": "Point",
        "coordinates": [
          2.357848,
          48.850552
        ]
      },
      "properties": {
        "id_bat": 1551,
        "libelle": "20 quai de Béthune",
        "ensemble": "",
        "arrondissement": 4,
        "image_ref": 1256,
        "terme_jantzen_bat": [
          "balcon",
          "console",
          "garde-corps",
          "porte-bois",
          "sculpture"
        ]
      }
    },
    {
      "type": "Feature",
      "geometry": {
        "type": "Point",
        "coordinates": [
          2.302094,
          48.886318
        ]
      },
      "properties": {
        "id_bat": 1552,
        "libelle": "20 rue Alphonse-de-Neuville",
        "ensemble": "",
        "arrondissement": 17,
        "image_ref": 253,
        "terme_jantzen_bat": [
          "console",
          "décor",
          "fenetre",
          "garde-corps",
          "loggia",
          "lucarne",
          "sculpture"
        ]
      }
    },
    {
      "type": "Feature",
      "geometry": {
        "type": "Point",
        "coordinates": [
          2.344851,
          48.866221
        ]
      },
      "properties": {
        "id_bat": 1553,
        "libelle": "20 rue Bachaumont",
        "ensemble": "",
        "arrondissement": 2,
        "image_ref": 776,
        "terme_jantzen_bat": [
          "dome",
          "façade-d'angle",
          "fenetre-d'angle",
          "lucarne-d'angle"
        ]
      }
    },
    {
      "type": "Feature",
      "geometry": {
        "type": "Point",
        "coordinates": [
          2.353658,
          48.840685
        ]
      },
      "properties": {
        "id_bat": 1556,
        "libelle": "20 rue Censier",
        "ensemble": "",
        "arrondissement": 5,
        "image_ref": 2153,
        "terme_jantzen_bat": [
          "brique",
          "céramique",
          "fenetre",
          "porte-fer"
        ]
      }
    },
    {
      "type": "Feature",
      "geometry": {
        "type": "Point",
        "coordinates": [
          2.339727,
          48.843869
        ]
      },
      "properties": {
        "id_bat": 1563,
        "libelle": "20 rue de l'Abbé-de-l'Épée",
        "ensemble": "",
        "arrondissement": 5,
        "image_ref": 25,
        "terme_jantzen_bat": [
          "colonne",
          "dome",
          "façade-d'angle",
          "fenetre",
          "lucarne",
          "porte-fer"
        ]
      }
    },
    {
      "type": "Feature",
      "geometry": {
        "type": "Point",
        "coordinates": [
          2.291071,
          48.865014
        ]
      },
      "properties": {
        "id_bat": 1566,
        "libelle": "20 rue de Longchamp",
        "ensemble": "",
        "arrondissement": 16,
        "image_ref": 8440,
        "terme_jantzen_bat": [
          "cariatide",
          "porte-fer",
          "porte-fer-hall",
          "sculpture"
        ]
      }
    },
    {
      "type": "Feature",
      "geometry": {
        "type": "Point",
        "coordinates": [
          2.352281,
          48.848859
        ]
      },
      "properties": {
        "id_bat": 1569,
        "libelle": "20 rue de Poissy",
        "ensemble": "",
        "arrondissement": 5,
        "image_ref": 11823,
        "terme_jantzen_bat": [
          "colonne",
          "façade",
          "fenetre",
          "intérieur",
          "lucarne",
          "toiture",
          "tourelle"
        ]
      }
    },
    {
      "type": "Feature",
      "geometry": {
        "type": "Point",
        "coordinates": [
          2.33713,
          48.849441
        ]
      },
      "properties": {
        "id_bat": 1570,
        "libelle": "20 rue de Tournon",
        "ensemble": "",
        "arrondissement": 6,
        "image_ref": 15404,
        "terme_jantzen_bat": [
          "chimère",
          "clé",
          "oeil-de-boeuf",
          "porte-fer",
          "sculpture"
        ]
      }
    },
    {
      "type": "Feature",
      "geometry": {
        "type": "Point",
        "coordinates": [
          2.359151,
          48.860811
        ]
      },
      "properties": {
        "id_bat": 1573,
        "libelle": "20 rue des Quatre-Fils",
        "ensemble": "",
        "arrondissement": 3,
        "image_ref": 12184,
        "terme_jantzen_bat": [
          "clé",
          "console",
          "façade",
          "fenetre",
          "garde-corps",
          "lucarne",
          "sculpture"
        ]
      }
    },
    {
      "type": "Feature",
      "geometry": {
        "type": "Point",
        "coordinates": [
          2.278656,
          48.868219
        ]
      },
      "properties": {
        "id_bat": 1580,
        "libelle": "20 rue Émile-Ménier",
        "ensemble": "",
        "arrondissement": 16,
        "image_ref": 4074,
        "terme_jantzen_bat": [
          "fenetre"
        ]
      }
    },
    {
      "type": "Feature",
      "geometry": {
        "type": "Point",
        "coordinates": [
          2.335995,
          48.873694
        ]
      },
      "properties": {
        "id_bat": 1583,
        "libelle": "20 rue La Fayette",
        "ensemble": "",
        "arrondissement": 9,
        "image_ref": 7642,
        "terme_jantzen_bat": [
          "balcon",
          "colonne",
          "façade-d'angle",
          "fenetre",
          "fenetre-d'angle",
          "lucarne",
          "lucarne-d'angle",
          "oeil-de-boeuf",
          "porte",
          "porte-fer"
        ]
      }
    },
    {
      "type": "Feature",
      "geometry": {
        "type": "Point",
        "coordinates": [
          2.323051,
          48.832594
        ]
      },
      "properties": {
        "id_bat": 1589,
        "libelle": "20 rue Severo",
        "ensemble": "",
        "arrondissement": 14,
        "image_ref": 13557,
        "terme_jantzen_bat": [
          "brique",
          "céramique",
          "fenetre",
          "oriel"
        ]
      }
    },
    {
      "type": "Feature",
      "geometry": {
        "type": "Point",
        "coordinates": [
          2.388757,
          48.839765
        ]
      },
      "properties": {
        "id_bat": 1593,
        "libelle": "201 rue de Charenton",
        "ensemble": "",
        "arrondissement": 12,
        "image_ref": 2321,
        "terme_jantzen_bat": [
          "atlante",
          "façade",
          "sculpture"
        ]
      }
    },
    {
      "type": "Feature",
      "geometry": {
        "type": "Point",
        "coordinates": [
          2.37535,
          48.891752
        ]
      },
      "properties": {
        "id_bat": 1599,
        "libelle": "205 rue de Crimée",
        "ensemble": "",
        "arrondissement": 19,
        "image_ref": 3315,
        "terme_jantzen_bat": [
          "brique",
          "fenetre",
          "lucarne"
        ]
      }
    },
    {
      "type": "Feature",
      "geometry": {
        "type": "Point",
        "coordinates": [
          2.290392,
          48.881003
        ]
      },
      "properties": {
        "id_bat": 1603,
        "libelle": "209 à 203 boulevard Pereire",
        "ensemble": "",
        "arrondissement": 17,
        "image_ref": 11368,
        "terme_jantzen_bat": [
          "lucarne",
          "toiture"
        ]
      }
    },
    {
      "type": "Feature",
      "geometry": {
        "type": "Point",
        "coordinates": [
          2.308466,
          48.853002
        ]
      },
      "properties": {
        "id_bat": 1607,
        "libelle": "21 avenue Duquesne",
        "ensemble": "",
        "arrondissement": 7,
        "image_ref": 3910,
        "terme_jantzen_bat": [
          "chimère",
          "console",
          "fenetre",
          "garde-corps",
          "sculpture"
        ]
      }
    },
    {
      "type": "Feature",
      "geometry": {
        "type": "Point",
        "coordinates": [
          2.302879,
          48.855247
        ]
      },
      "properties": {
        "id_bat": 1608,
        "libelle": "21 avenue Émile-Deschanel",
        "ensemble": "",
        "arrondissement": 7,
        "image_ref": 4063,
        "terme_jantzen_bat": [
          "porte-fer"
        ]
      }
    },
    {
      "type": "Feature",
      "geometry": {
        "type": "Point",
        "coordinates": [
          2.273055,
          48.867953
        ]
      },
      "properties": {
        "id_bat": 1610,
        "libelle": "21 boulevard Lannes",
        "ensemble": "",
        "arrondissement": 16,
        "image_ref": 7903,
        "terme_jantzen_bat": [
          "brique",
          "clé",
          "décor",
          "façade",
          "fenetre",
          "garde-corps",
          "lucarne",
          "porte-fer-hall",
          "sculpture",
          "toiture"
        ]
      }
    },
    {
      "type": "Feature",
      "geometry": {
        "type": "Point",
        "coordinates": [
          2.266148,
          48.859295
        ]
      },
      "properties": {
        "id_bat": 1611,
        "libelle": "21 boulevard Suchet",
        "ensemble": "",
        "arrondissement": 1,
        "image_ref": 14945,
        "terme_jantzen_bat": [
          "colonne",
          "console",
          "dome",
          "façade-d'angle",
          "loggia",
          "lucarne",
          "oriel",
          "sculpture"
        ]
      }
    },
    {
      "type": "Feature",
      "geometry": {
        "type": "Point",
        "coordinates": [
          2.363292,
          48.866598
        ]
      },
      "properties": {
        "id_bat": 1612,
        "libelle": "21 rue Béranger",
        "ensemble": "",
        "arrondissement": 3,
        "image_ref": 1149,
        "terme_jantzen_bat": [
          "façade",
          "fenetre",
          "porte-bois"
        ]
      }
    },
    {
      "type": "Feature",
      "geometry": {
        "type": "Point",
        "coordinates": [
          2.333113,
          48.888769
        ]
      },
      "properties": {
        "id_bat": 1615,
        "libelle": "21 rue Damrémont",
        "ensemble": "",
        "arrondissement": 18,
        "image_ref": 3408,
        "terme_jantzen_bat": [
          "fenetre",
          "lucarne"
        ]
      }
    },
    {
      "type": "Feature",
      "geometry": {
        "type": "Point",
        "coordinates": [
          2.402775,
          48.853699
        ]
      },
      "properties": {
        "id_bat": 1621,
        "libelle": "21 rue de la Réunion",
        "ensemble": "",
        "arrondissement": 20,
        "image_ref": 12956,
        "terme_jantzen_bat": [
          "console",
          "décor",
          "fenetre",
          "garde-corps",
          "sculpture"
        ]
      }
    },
    {
      "type": "Feature",
      "geometry": {
        "type": "Point",
        "coordinates": [
          2.350341,
          48.893713
        ]
      },
      "properties": {
        "id_bat": 1628,
        "libelle": "21 rue du Simplon",
        "ensemble": "",
        "arrondissement": 18,
        "image_ref": 13678,
        "terme_jantzen_bat": [
          "balcon",
          "brique",
          "console",
          "céramique",
          "façade",
          "fenetre",
          "garde-corps",
          "lucarne",
          "oeil-de-boeuf",
          "porte-fer",
          "sculpture",
          "toiture"
        ]
      }
    },
    {
      "type": "Feature",
      "geometry": {
        "type": "Point",
        "coordinates": [
          2.341474,
          48.85097
        ]
      },
      "properties": {
        "id_bat": 1632,
        "libelle": "21 rue Hautefeuille",
        "ensemble": "",
        "arrondissement": 6,
        "image_ref": 6185,
        "terme_jantzen_bat": [
          "porte-bois",
          "tourelle"
        ]
      }
    },
    {
      "type": "Feature",
      "geometry": {
        "type": "Point",
        "coordinates": [
          2.266615,
          48.851888
        ]
      },
      "properties": {
        "id_bat": 1634,
        "libelle": "21 rue Jasmin",
        "ensemble": "",
        "arrondissement": 16,
        "image_ref": 7162,
        "terme_jantzen_bat": [
          "brique",
          "céramique",
          "décor",
          "façade-d'angle",
          "fenetre-d'angle",
          "porte-fer",
          "verrière"
        ]
      }
    },
    {
      "type": "Feature",
      "geometry": {
        "type": "Point",
        "coordinates": [
          2.285992,
          48.871951
        ]
      },
      "properties": {
        "id_bat": 1635,
        "libelle": "21 rue Leroux",
        "ensemble": "",
        "arrondissement": 16,
        "image_ref": 8321,
        "terme_jantzen_bat": [
          "fenetre",
          "garde-corps"
        ]
      }
    },
    {
      "type": "Feature",
      "geometry": {
        "type": "Point",
        "coordinates": [
          2.402625,
          48.839793
        ]
      },
      "properties": {
        "id_bat": 1636,
        "libelle": "21 rue Louis-Braille",
        "ensemble": "",
        "arrondissement": 12,
        "image_ref": 8500,
        "terme_jantzen_bat": [
          "fenetre",
          "porte-bois"
        ]
      }
    },
    {
      "type": "Feature",
      "geometry": {
        "type": "Point",
        "coordinates": [
          2.343578,
          48.8791
        ]
      },
      "properties": {
        "id_bat": 1637,
        "libelle": "21 rue Louise-Émilie-de-La-Tour-d'Auvergne",
        "ensemble": "",
        "arrondissement": 9,
        "image_ref": 15324,
        "terme_jantzen_bat": [
          "fenetre",
          "porte-bois"
        ]
      }
    },
    {
      "type": "Feature",
      "geometry": {
        "type": "Point",
        "coordinates": [
          2.316673,
          48.850102
        ]
      },
      "properties": {
        "id_bat": 1639,
        "libelle": "21 rue Monsieur",
        "ensemble": "",
        "arrondissement": 7,
        "image_ref": 9765,
        "terme_jantzen_bat": [
          "console",
          "porte-fer-hall",
          "sculpture"
        ]
      }
    },
    {
      "type": "Feature",
      "geometry": {
        "type": "Point",
        "coordinates": [
          2.271868,
          48.861598
        ]
      },
      "properties": {
        "id_bat": 1641,
        "libelle": "21 rue Octave-Feuillet",
        "ensemble": "",
        "arrondissement": 16,
        "image_ref": 10552,
        "terme_jantzen_bat": [
          "brique",
          "façade",
          "fenetre",
          "verrière"
        ]
      }
    },
    {
      "type": "Feature",
      "geometry": {
        "type": "Point",
        "coordinates": [
          2.347929,
          48.880643
        ]
      },
      "properties": {
        "id_bat": 1642,
        "libelle": "21 rue Pétrelle",
        "ensemble": "",
        "arrondissement": 9,
        "image_ref": 11602,
        "terme_jantzen_bat": [
          "oriel"
        ]
      }
    },
    {
      "type": "Feature",
      "geometry": {
        "type": "Point",
        "coordinates": [
          2.365785,
          48.853545
        ]
      },
      "properties": {
        "id_bat": 1645,
        "libelle": "21 rue Saint-Antoine",
        "ensemble": "",
        "arrondissement": 4,
        "image_ref": 13863,
        "terme_jantzen_bat": [
          "façade",
          "fenetre",
          "lucarne",
          "toiture"
        ]
      }
    },
    {
      "type": "Feature",
      "geometry": {
        "type": "Point",
        "coordinates": [
          2.287167,
          48.879792
        ]
      },
      "properties": {
        "id_bat": 1648,
        "libelle": "210T boulevard Pereire",
        "ensemble": "",
        "arrondissement": 17,
        "image_ref": 11369,
        "terme_jantzen_bat": [
          "lucarne",
          "sculpture"
        ]
      }
    },
    {
      "type": "Feature",
      "geometry": {
        "type": "Point",
        "coordinates": [
          2.286992,
          48.879697
        ]
      },
      "properties": {
        "id_bat": 1650,
        "libelle": "212 boulevard Pereire",
        "ensemble": "",
        "arrondissement": 17,
        "image_ref": 11371,
        "terme_jantzen_bat": [
          "façade",
          "lucarne",
          "sculpture",
          "toiture"
        ]
      }
    },
    {
      "type": "Feature",
      "geometry": {
        "type": "Point",
        "coordinates": [
          2.286822,
          48.879605
        ]
      },
      "properties": {
        "id_bat": 1651,
        "libelle": "212b à 210 boulevard Pereire",
        "ensemble": "",
        "arrondissement": 17,
        "image_ref": 11383,
        "terme_jantzen_bat": [
          "façade",
          "lucarne",
          "toiture"
        ]
      }
    },
    {
      "type": "Feature",
      "geometry": {
        "type": "Point",
        "coordinates": [
          2.286822,
          48.879605
        ]
      },
      "properties": {
        "id_bat": 1652,
        "libelle": "212b boulevard Pereire",
        "ensemble": "",
        "arrondissement": 17,
        "image_ref": 11375,
        "terme_jantzen_bat": [
          "fenetre",
          "garde-corps",
          "lucarne",
          "sculpture",
          "toiture"
        ]
      }
    },
    {
      "type": "Feature",
      "geometry": {
        "type": "Point",
        "coordinates": [
          2.286228,
          48.879285
        ]
      },
      "properties": {
        "id_bat": 1654,
        "libelle": "214 à 210 boulevard Pereire",
        "ensemble": "",
        "arrondissement": 17,
        "image_ref": 11385,
        "terme_jantzen_bat": [
          "lucarne",
          "toiture"
        ]
      }
    },
    {
      "type": "Feature",
      "geometry": {
        "type": "Point",
        "coordinates": [
          2.324346,
          48.856945
        ]
      },
      "properties": {
        "id_bat": 1657,
        "libelle": "215 boulevard Saint-Germain",
        "ensemble": "",
        "arrondissement": 7,
        "image_ref": 14297,
        "terme_jantzen_bat": [
          "colonne",
          "façade-d'angle",
          "fenetre",
          "fenetre-d'angle",
          "lucarne",
          "oeil-de-boeuf",
          "tour"
        ]
      }
    },
    {
      "type": "Feature",
      "geometry": {
        "type": "Point",
        "coordinates": [
          2.374655,
          48.892719
        ]
      },
      "properties": {
        "id_bat": 1660,
        "libelle": "216 rue de Crimée",
        "ensemble": "",
        "arrondissement": 19,
        "image_ref": 3326,
        "terme_jantzen_bat": [
          "balcon",
          "colonne",
          "décor",
          "fenetre",
          "loggia",
          "sculpture"
        ]
      }
    },
    {
      "type": "Feature",
      "geometry": {
        "type": "Point",
        "coordinates": [
          2.300893,
          48.87679
        ]
      },
      "properties": {
        "id_bat": 1661,
        "libelle": "217 rue du Faubourg-Saint-Honoré",
        "ensemble": "",
        "arrondissement": 8,
        "image_ref": 4400,
        "terme_jantzen_bat": [
          "chimère",
          "console",
          "décor",
          "fenetre",
          "sculpture"
        ]
      }
    },
    {
      "type": "Feature",
      "geometry": {
        "type": "Point",
        "coordinates": [
          2.319447,
          48.848724
        ]
      },
      "properties": {
        "id_bat": 1663,
        "libelle": "21b rue Pierre-Leroux",
        "ensemble": "",
        "arrondissement": 7,
        "image_ref": 11707,
        "terme_jantzen_bat": [
          "clé",
          "console",
          "céramique",
          "décor",
          "façade",
          "fenetre",
          "garde-corps",
          "mosaique"
        ]
      }
    },
    {
      "type": "Feature",
      "geometry": {
        "type": "Point",
        "coordinates": [
          2.291041,
          48.875409
        ]
      },
      "properties": {
        "id_bat": 1667,
        "libelle": "22 avenue de la Grande-Armée",
        "ensemble": "",
        "arrondissement": 17,
        "image_ref": 5430,
        "terme_jantzen_bat": [
          "dome",
          "fenetre",
          "lucarne",
          "oeil-de-boeuf",
          "porte-bois"
        ]
      }
    },
    {
      "type": "Feature",
      "geometry": {
        "type": "Point",
        "coordinates": [
          2.292787,
          48.871072
        ]
      },
      "properties": {
        "id_bat": 1670,
        "libelle": "22 avenue Kléber",
        "ensemble": "",
        "arrondissement": 16,
        "image_ref": 7496,
        "terme_jantzen_bat": [
          "balcon",
          "chimère",
          "clé",
          "console",
          "fenetre",
          "garde-corps",
          "porte-bois",
          "sculpture"
        ]
      }
    },
    {
      "type": "Feature",
      "geometry": {
        "type": "Point",
        "coordinates": [
          2.353445,
          48.849622
        ]
      },
      "properties": {
        "id_bat": 1675,
        "libelle": "22 boulevard Saint-Germain",
        "ensemble": "",
        "arrondissement": 5,
        "image_ref": 14302,
        "terme_jantzen_bat": [
          "façade"
        ]
      }
    },
    {
      "type": "Feature",
      "geometry": {
        "type": "Point",
        "coordinates": [
          2.310262,
          48.883211
        ]
      },
      "properties": {
        "id_bat": 1677,
        "libelle": "22 place du Général-Catroux",
        "ensemble": "",
        "arrondissement": 17,
        "image_ref": 5178,
        "terme_jantzen_bat": [
          "fenetre",
          "porte-fer"
        ]
      }
    },
    {
      "type": "Feature",
      "geometry": {
        "type": "Point",
        "coordinates": [
          2.330534,
          48.867667
        ]
      },
      "properties": {
        "id_bat": 1678,
        "libelle": "22 place Vendôme",
        "ensemble": "",
        "arrondissement": 1,
        "image_ref": 16020,
        "terme_jantzen_bat": [
          "colonne",
          "façade",
          "façade-d'angle",
          "fronton",
          "lucarne",
          "pilastre"
        ]
      }
    },
    {
      "type": "Feature",
      "geometry": {
        "type": "Point",
        "coordinates": [
          2.357684,
          48.850607
        ]
      },
      "properties": {
        "id_bat": 1679,
        "libelle": "22 quai de Béthune",
        "ensemble": "",
        "arrondissement": 4,
        "image_ref": 1259,
        "terme_jantzen_bat": [
          "balcon",
          "clé",
          "garde-corps",
          "porte-bois",
          "sculpture"
        ]
      }
    },
    {
      "type": "Feature",
      "geometry": {
        "type": "Point",
        "coordinates": [
          2.35935,
          48.822384
        ]
      },
      "properties": {
        "id_bat": 1682,
        "libelle": "22 rue Caillaux",
        "ensemble": "",
        "arrondissement": 13,
        "image_ref": 1828,
        "terme_jantzen_bat": [
          "brique",
          "décor",
          "lucarne",
          "pignon"
        ]
      }
    },
    {
      "type": "Feature",
      "geometry": {
        "type": "Point",
        "coordinates": [
          2.347474,
          48.885472
        ]
      },
      "properties": {
        "id_bat": 1685,
        "libelle": "22 rue de Clignancourt",
        "ensemble": "",
        "arrondissement": 18,
        "image_ref": 2678,
        "terme_jantzen_bat": [
          "atlante",
          "façade",
          "fenetre",
          "oeil-de-boeuf",
          "sculpture"
        ]
      }
    },
    {
      "type": "Feature",
      "geometry": {
        "type": "Point",
        "coordinates": [
          2.290142,
          48.884102
        ]
      },
      "properties": {
        "id_bat": 1694,
        "libelle": "22 rue Galvani",
        "ensemble": "",
        "arrondissement": 17,
        "image_ref": 5075,
        "terme_jantzen_bat": [
          "fenetre",
          "porte-bois"
        ]
      }
    },
    {
      "type": "Feature",
      "geometry": {
        "type": "Point",
        "coordinates": [
          2.296193,
          48.880774
        ]
      },
      "properties": {
        "id_bat": 1695,
        "libelle": "22 rue Laugier",
        "ensemble": "",
        "arrondissement": 17,
        "image_ref": 8102,
        "terme_jantzen_bat": [
          "porte-fer-hall"
        ]
      }
    },
    {
      "type": "Feature",
      "geometry": {
        "type": "Point",
        "coordinates": [
          2.339967,
          48.849796
        ]
      },
      "properties": {
        "id_bat": 1696,
        "libelle": "22 rue Monsieur-le-Prince",
        "ensemble": "",
        "arrondissement": 6,
        "image_ref": 9777,
        "terme_jantzen_bat": [
          "façade",
          "fenetre",
          "pignon",
          "sculpture"
        ]
      }
    },
    {
      "type": "Feature",
      "geometry": {
        "type": "Point",
        "coordinates": [
          2.35002,
          48.859935
        ]
      },
      "properties": {
        "id_bat": 1699,
        "libelle": "22 rue Quincampoix",
        "ensemble": "",
        "arrondissement": 4,
        "image_ref": 12215,
        "terme_jantzen_bat": [
          "porte-bois"
        ]
      }
    },
    {
      "type": "Feature",
      "geometry": {
        "type": "Point",
        "coordinates": [
          2.350127,
          48.858604
        ]
      },
      "properties": {
        "id_bat": 1701,
        "libelle": "22 rue Saint-Martin",
        "ensemble": "",
        "arrondissement": 10,
        "image_ref": 14634,
        "terme_jantzen_bat": [
          "décor",
          "fenetre",
          "sculpture"
        ]
      }
    },
    {
      "type": "Feature",
      "geometry": {
        "type": "Point",
        "coordinates": [
          2.288411,
          48.850117
        ]
      },
      "properties": {
        "id_bat": 1703,
        "libelle": "22 rue Sextius-Michel",
        "ensemble": "",
        "arrondissement": 15,
        "image_ref": 13654,
        "terme_jantzen_bat": [
          "brique",
          "mosaique",
          "porte-bois"
        ]
      }
    },
    {
      "type": "Feature",
      "geometry": {
        "type": "Point",
        "coordinates": [
          2.294937,
          48.876463
        ]
      },
      "properties": {
        "id_bat": 1705,
        "libelle": "22 rue Troyon",
        "ensemble": "",
        "arrondissement": 17,
        "image_ref": 15549,
        "terme_jantzen_bat": [
          "console",
          "garde-corps",
          "sculpture"
        ]
      }
    },
    {
      "type": "Feature",
      "geometry": {
        "type": "Point",
        "coordinates": [
          2.332968,
          48.892031
        ]
      },
      "properties": {
        "id_bat": 1707,
        "libelle": "220b rue Marcadet",
        "ensemble": "",
        "arrondissement": 18,
        "image_ref": 9145,
        "terme_jantzen_bat": [
          "porte-fer-hall"
        ]
      }
    },
    {
      "type": "Feature",
      "geometry": {
        "type": "Point",
        "coordinates": [
          2.353013,
          48.864019
        ]
      },
      "properties": {
        "id_bat": 1708,
        "libelle": "222 rue Saint-Martin",
        "ensemble": "",
        "arrondissement": 10,
        "image_ref": 14635,
        "terme_jantzen_bat": [
          "console",
          "fenetre",
          "sculpture"
        ]
      }
    },
    {
      "type": "Feature",
      "geometry": {
        "type": "Point",
        "coordinates": [
          2.352035,
          48.86832
        ]
      },
      "properties": {
        "id_bat": 1710,
        "libelle": "224 rue Saint-Denis",
        "ensemble": "",
        "arrondissement": 2,
        "image_ref": 14021,
        "terme_jantzen_bat": [
          "balcon",
          "dome",
          "façade-d'angle",
          "fenetre-d'angle",
          "lucarne-d'angle",
          "pilastre",
          "sculpture"
        ]
      }
    },
    {
      "type": "Feature",
      "geometry": {
        "type": "Point",
        "coordinates": [
          2.366489,
          48.881898
        ]
      },
      "properties": {
        "id_bat": 1712,
        "libelle": "225 rue La Fayette",
        "ensemble": "",
        "arrondissement": 10,
        "image_ref": 7659,
        "terme_jantzen_bat": [
          "balcon",
          "dome",
          "façade-d'angle",
          "fenetre-d'angle",
          "lucarne-d'angle"
        ]
      }
    },
    {
      "type": "Feature",
      "geometry": {
        "type": "Point",
        "coordinates": [
          2.288077,
          48.879752
        ]
      },
      "properties": {
        "id_bat": 1714,
        "libelle": "227 boulevard Pereire",
        "ensemble": "",
        "arrondissement": 17,
        "image_ref": 11387,
        "terme_jantzen_bat": [
          "clé",
          "fenetre",
          "porte-bois",
          "sculpture"
        ]
      }
    },
    {
      "type": "Feature",
      "geometry": {
        "type": "Point",
        "coordinates": [
          2.344923,
          48.825876
        ]
      },
      "properties": {
        "id_bat": 1718,
        "libelle": "229 rue de Tolbiac",
        "ensemble": "",
        "arrondissement": 13,
        "image_ref": 15290,
        "terme_jantzen_bat": [
          "brique",
          "céramique",
          "décor",
          "façade-d'angle",
          "fenetre",
          "lucarne",
          "lucarne-d'angle",
          "métal",
          "oriel",
          "porte-fer",
          "sculpture",
          "toiture"
        ]
      }
    },
    {
      "type": "Feature",
      "geometry": {
        "type": "Point",
        "coordinates": [
          2.313071,
          48.88329
        ]
      },
      "properties": {
        "id_bat": 1719,
        "libelle": "22t rue Legendre",
        "ensemble": "",
        "arrondissement": 17,
        "image_ref": 8277,
        "terme_jantzen_bat": [
          "lucarne-d'angle",
          "porte-fer",
          "sculpture",
          "toiture"
        ]
      }
    },
    {
      "type": "Feature",
      "geometry": {
        "type": "Point",
        "coordinates": [
          2.311409,
          48.876937
        ]
      },
      "properties": {
        "id_bat": 1725,
        "libelle": "23 avenue de Messine",
        "ensemble": "",
        "arrondissement": 8,
        "image_ref": 9502,
        "terme_jantzen_bat": [
          "balcon",
          "colonne",
          "console",
          "décor",
          "façade-d'angle",
          "fenetre",
          "fenetre-d'angle",
          "garde-corps",
          "lucarne",
          "métal",
          "oeil-de-boeuf",
          "porte",
          "porte-fer",
          "porte-fer-hall",
          "sculpture",
          "tourelle"
        ]
      }
    },
    {
      "type": "Feature",
      "geometry": {
        "type": "Point",
        "coordinates": [
          2.303037,
          48.855145
        ]
      },
      "properties": {
        "id_bat": 1728,
        "libelle": "23 avenue Émile-Deschanel",
        "ensemble": "",
        "arrondissement": 7,
        "image_ref": 4064,
        "terme_jantzen_bat": [
          "marquise",
          "porte-fer"
        ]
      }
    },
    {
      "type": "Feature",
      "geometry": {
        "type": "Point",
        "coordinates": [
          2.285146,
          48.858508
        ]
      },
      "properties": {
        "id_bat": 1730,
        "libelle": "23 boulevard Delessert",
        "ensemble": "",
        "arrondissement": 16,
        "image_ref": 3672,
        "terme_jantzen_bat": [
          "colonne",
          "dome",
          "façade-d'angle",
          "fenetre",
          "fenetre-d'angle",
          "lucarne",
          "tour",
          "tourelle"
        ]
      }
    },
    {
      "type": "Feature",
      "geometry": {
        "type": "Point",
        "coordinates": [
          2.319779,
          48.845457
        ]
      },
      "properties": {
        "id_bat": 1731,
        "libelle": "23 boulevard du Montparnasse",
        "ensemble": "",
        "arrondissement": 6,
        "image_ref": 10011,
        "terme_jantzen_bat": [
          "lucarne"
        ]
      }
    },
    {
      "type": "Feature",
      "geometry": {
        "type": "Point",
        "coordinates": [
          2.272863,
          48.867806
        ]
      },
      "properties": {
        "id_bat": 1732,
        "libelle": "23 boulevard Lannes",
        "ensemble": "",
        "arrondissement": 16,
        "image_ref": 7924,
        "terme_jantzen_bat": [
          "façade"
        ]
      }
    },
    {
      "type": "Feature",
      "geometry": {
        "type": "Point",
        "coordinates": [
          2.329716,
          48.868109
        ]
      },
      "properties": {
        "id_bat": 1735,
        "libelle": "23 place Vendôme",
        "ensemble": "",
        "arrondissement": 1,
        "image_ref": 16028,
        "terme_jantzen_bat": [
          "clé",
          "façade",
          "fenetre",
          "fronton",
          "garde-corps",
          "lucarne",
          "oeil-de-boeuf"
        ]
      }
    },
    {
      "type": "Feature",
      "geometry": {
        "type": "Point",
        "coordinates": [
          2.287844,
          48.878257
        ]
      },
      "properties": {
        "id_bat": 1738,
        "libelle": "23 rue Brunel",
        "ensemble": "",
        "arrondissement": 17,
        "image_ref": 1744,
        "terme_jantzen_bat": [
          "balcon",
          "brique",
          "clé",
          "colonne",
          "console",
          "décor",
          "fenetre",
          "fenetre-d'angle",
          "lucarne",
          "lucarne-d'angle",
          "porte-fer",
          "porte-fer-hall",
          "sculpture",
          "tourelle"
        ]
      }
    },
    {
      "type": "Feature",
      "geometry": {
        "type": "Point",
        "coordinates": [
          2.331666,
          48.867909
        ]
      },
      "properties": {
        "id_bat": 1741,
        "libelle": "23 rue Danielle-Casanova",
        "ensemble": "",
        "arrondissement": 1,
        "image_ref": 3418,
        "terme_jantzen_bat": [
          "console",
          "garde-corps",
          "sculpture"
        ]
      }
    },
    {
      "type": "Feature",
      "geometry": {
        "type": "Point",
        "coordinates": [
          2.331892,
          48.870134
        ]
      },
      "properties": {
        "id_bat": 1745,
        "libelle": "23 rue de la Paix",
        "ensemble": "",
        "arrondissement": 2,
        "image_ref": 10982,
        "terme_jantzen_bat": [
          "fronton",
          "lucarne",
          "porte-fer",
          "toiture"
        ]
      }
    },
    {
      "type": "Feature",
      "geometry": {
        "type": "Point",
        "coordinates": [
          2.350169,
          48.84921
        ]
      },
      "properties": {
        "id_bat": 1746,
        "libelle": "23 rue des Bernardins",
        "ensemble": "",
        "arrondissement": 4,
        "image_ref": 1191,
        "terme_jantzen_bat": [
          "fronton",
          "sculpture"
        ]
      }
    },
    {
      "type": "Feature",
      "geometry": {
        "type": "Point",
        "coordinates": [
          2.319301,
          48.88886
        ]
      },
      "properties": {
        "id_bat": 1748,
        "libelle": "23 rue des Moines",
        "ensemble": "",
        "arrondissement": 17,
        "image_ref": 9712,
        "terme_jantzen_bat": [
          "chimère",
          "clé",
          "sculpture"
        ]
      }
    },
    {
      "type": "Feature",
      "geometry": {
        "type": "Point",
        "coordinates": [
          2.33423,
          48.852693
        ]
      },
      "properties": {
        "id_bat": 1752,
        "libelle": "23 rue du Four",
        "ensemble": "",
        "arrondissement": 6,
        "image_ref": 4781,
        "terme_jantzen_bat": [
          "dome",
          "façade-d'angle",
          "lucarne-d'angle"
        ]
      }
    },
    {
      "type": "Feature",
      "geometry": {
        "type": "Point",
        "coordinates": [
          2.332992,
          48.890351
        ]
      },
      "properties": {
        "id_bat": 1754,
        "libelle": "23 rue Eugène-Carrière",
        "ensemble": "",
        "arrondissement": 18,
        "image_ref": 4202,
        "terme_jantzen_bat": [
          "clé",
          "porte-bois"
        ]
      }
    },
    {
      "type": "Feature",
      "geometry": {
        "type": "Point",
        "coordinates": [
          2.36285,
          48.857057
        ]
      },
      "properties": {
        "id_bat": 1755,
        "libelle": "23 rue Madame de Sévigné",
        "ensemble": "",
        "arrondissement": 3,
        "image_ref": 13565,
        "terme_jantzen_bat": [
          "clé",
          "dome",
          "façade",
          "fenetre",
          "fronton",
          "garde-corps",
          "lucarne",
          "pilastre",
          "porte-bois",
          "sculpture"
        ]
      }
    },
    {
      "type": "Feature",
      "geometry": {
        "type": "Point",
        "coordinates": [
          2.330345,
          48.828127
        ]
      },
      "properties": {
        "id_bat": 1756,
        "libelle": "23 rue Montbrun",
        "ensemble": "",
        "arrondissement": 14,
        "image_ref": 9864,
        "terme_jantzen_bat": [
          "balcon",
          "fenetre"
        ]
      }
    },
    {
      "type": "Feature",
      "geometry": {
        "type": "Point",
        "coordinates": [
          2.367244,
          48.882098
        ]
      },
      "properties": {
        "id_bat": 1763,
        "libelle": "231b rue La Fayette",
        "ensemble": "",
        "arrondissement": 10,
        "image_ref": 7662,
        "terme_jantzen_bat": [
          "balcon",
          "colonne",
          "console",
          "dome",
          "décor",
          "façade",
          "fenetre",
          "garde-corps",
          "loggia",
          "lucarne",
          "oeil-de-boeuf",
          "sculpture"
        ]
      }
    },
    {
      "type": "Feature",
      "geometry": {
        "type": "Point",
        "coordinates": [
          2.302766,
          48.87616
        ]
      },
      "properties": {
        "id_bat": 1767,
        "libelle": "234 rue du Faubourg-Saint-Honoré",
        "ensemble": "",
        "arrondissement": 8,
        "image_ref": 4403,
        "terme_jantzen_bat": [
          "console",
          "fenetre",
          "garde-corps",
          "porte-bois",
          "sculpture"
        ]
      }
    },
    {
      "type": "Feature",
      "geometry": {
        "type": "Point",
        "coordinates": [
          2.287208,
          48.879284
        ]
      },
      "properties": {
        "id_bat": 1769,
        "libelle": "237 boulevard Pereire",
        "ensemble": "",
        "arrondissement": 17,
        "image_ref": 11392,
        "terme_jantzen_bat": [
          "colonne",
          "décor",
          "façade-d'angle",
          "fenetre",
          "sculpture"
        ]
      }
    },
    {
      "type": "Feature",
      "geometry": {
        "type": "Point",
        "coordinates": [
          2.398875,
          48.864177
        ]
      },
      "properties": {
        "id_bat": 1770,
        "libelle": "237 rue des Pyrénées",
        "ensemble": "",
        "arrondissement": 20,
        "image_ref": 12164,
        "terme_jantzen_bat": [
          "décor",
          "lucarne",
          "sculpture",
          "toiture"
        ]
      }
    },
    {
      "type": "Feature",
      "geometry": {
        "type": "Point",
        "coordinates": [
          2.287048,
          48.879197
        ]
      },
      "properties": {
        "id_bat": 1771,
        "libelle": "239 boulevard Pereire",
        "ensemble": "",
        "arrondissement": 17,
        "image_ref": 11396,
        "terme_jantzen_bat": [
          "colonne",
          "décor",
          "façade",
          "fenetre",
          "lucarne",
          "oriel",
          "sculpture"
        ]
      }
    },
    {
      "type": "Feature",
      "geometry": {
        "type": "Point",
        "coordinates": [
          2.320243,
          48.861221
        ]
      },
      "properties": {
        "id_bat": 1772,
        "libelle": "239 boulevard Saint-Germain",
        "ensemble": "",
        "arrondissement": 7,
        "image_ref": 14332,
        "terme_jantzen_bat": [
          "porte-bois"
        ]
      }
    },
    {
      "type": "Feature",
      "geometry": {
        "type": "Point",
        "coordinates": [
          2.311012,
          48.877119
        ]
      },
      "properties": {
        "id_bat": 1773,
        "libelle": "23b avenue de Messine",
        "ensemble": "",
        "arrondissement": 8,
        "image_ref": 9536,
        "terme_jantzen_bat": [
          "balcon",
          "console",
          "décor",
          "façade-d'angle",
          "fenetre",
          "fenetre-d'angle",
          "garde-corps",
          "lucarne",
          "sculpture"
        ]
      }
    },
    {
      "type": "Feature",
      "geometry": {
        "type": "Point",
        "coordinates": [
          2.300921,
          48.88838
        ]
      },
      "properties": {
        "id_bat": 1776,
        "libelle": "23t boulevard Berthier",
        "ensemble": "",
        "arrondissement": 17,
        "image_ref": 1225,
        "terme_jantzen_bat": [
          "façade",
          "fenetre",
          "lucarne",
          "porte-bois"
        ]
      }
    },
    {
      "type": "Feature",
      "geometry": {
        "type": "Point",
        "coordinates": [
          2.353267,
          48.849629
        ]
      },
      "properties": {
        "id_bat": 1777,
        "libelle": "24 à 22 boulevard Saint-Germain",
        "ensemble": "",
        "arrondissement": 5,
        "image_ref": 14335,
        "terme_jantzen_bat": [
          "clé",
          "console",
          "décor",
          "façade",
          "fenetre",
          "garde-corps",
          "pilastre",
          "sculpture"
        ]
      }
    },
    {
      "type": "Feature",
      "geometry": {
        "type": "Point",
        "coordinates": [
          2.296755,
          48.854461
        ]
      },
      "properties": {
        "id_bat": 1778,
        "libelle": "24 avenue Charles-Floquet",
        "ensemble": "",
        "arrondissement": 7,
        "image_ref": 2357,
        "terme_jantzen_bat": [
          "porte-fer-hall"
        ]
      }
    },
    {
      "type": "Feature",
      "geometry": {
        "type": "Point",
        "coordinates": [
          2.285743,
          48.856381
        ]
      },
      "properties": {
        "id_bat": 1780,
        "libelle": "24 avenue du Président-Kennedy",
        "ensemble": "",
        "arrondissement": 16,
        "image_ref": 11992,
        "terme_jantzen_bat": [
          "dome",
          "fenetre-d'angle",
          "lucarne-d'angle",
          "porte-fer"
        ]
      }
    },
    {
      "type": "Feature",
      "geometry": {
        "type": "Point",
        "coordinates": [
          2.353267,
          48.849629
        ]
      },
      "properties": {
        "id_bat": 1787,
        "libelle": "24 boulevard Saint-Germain",
        "ensemble": "",
        "arrondissement": 5,
        "image_ref": 14333,
        "terme_jantzen_bat": [
          "façade"
        ]
      }
    },
    {
      "type": "Feature",
      "geometry": {
        "type": "Point",
        "coordinates": [
          2.291835,
          48.842862
        ]
      },
      "properties": {
        "id_bat": 1788,
        "libelle": "24 place Étienne-Pernet",
        "ensemble": "",
        "arrondissement": 15,
        "image_ref": 4177,
        "terme_jantzen_bat": [
          "balcon",
          "console",
          "dome",
          "décor",
          "façade-d'angle",
          "fenetre",
          "fenetre-d'angle",
          "garde-corps",
          "lucarne",
          "lucarne-d'angle",
          "oriel",
          "porte-fer",
          "porte-fer-hall",
          "sculpture",
          "toiture"
        ]
      }
    },
    {
      "type": "Feature",
      "geometry": {
        "type": "Point",
        "coordinates": [
          2.329625,
          48.824289
        ]
      },
      "properties": {
        "id_bat": 1791,
        "libelle": "24 rue Beaunier",
        "ensemble": "",
        "arrondissement": 14,
        "image_ref": 1058,
        "terme_jantzen_bat": [
          "brique",
          "façade"
        ]
      }
    },
    {
      "type": "Feature",
      "geometry": {
        "type": "Point",
        "coordinates": [
          2.363445,
          48.866674
        ]
      },
      "properties": {
        "id_bat": 1792,
        "libelle": "24 rue Béranger",
        "ensemble": "",
        "arrondissement": 3,
        "image_ref": 1151,
        "terme_jantzen_bat": [
          "clé",
          "porte-bois"
        ]
      }
    },
    {
      "type": "Feature",
      "geometry": {
        "type": "Point",
        "coordinates": [
          2.396847,
          48.856733
        ]
      },
      "properties": {
        "id_bat": 1794,
        "libelle": "24 rue de Bagnolet",
        "ensemble": "",
        "arrondissement": 20,
        "image_ref": 783,
        "terme_jantzen_bat": [
          "balcon",
          "brique",
          "céramique",
          "décor",
          "façade-d'angle",
          "fenetre",
          "fenetre-d'angle",
          "garde-corps",
          "poignée-porte",
          "sculpture"
        ]
      }
    },
    {
      "type": "Feature",
      "geometry": {
        "type": "Point",
        "coordinates": [
          2.305614,
          48.873143
        ]
      },
      "properties": {
        "id_bat": 1796,
        "libelle": "24 rue de Berri",
        "ensemble": "",
        "arrondissement": 8,
        "image_ref": 1202,
        "terme_jantzen_bat": [
          "balcon",
          "façade",
          "fenetre",
          "garde-corps",
          "porte-fer"
        ]
      }
    },
    {
      "type": "Feature",
      "geometry": {
        "type": "Point",
        "coordinates": [
          2.266836,
          48.850789
        ]
      },
      "properties": {
        "id_bat": 1798,
        "libelle": "24 rue de la Source",
        "ensemble": "",
        "arrondissement": 16,
        "image_ref": 13796,
        "terme_jantzen_bat": [
          "façade-d'angle",
          "porte",
          "porte-fer-hall"
        ]
      }
    },
    {
      "type": "Feature",
      "geometry": {
        "type": "Point",
        "coordinates": [
          2.331453,
          48.875223
        ]
      },
      "properties": {
        "id_bat": 1801,
        "libelle": "24 rue de Mogador",
        "ensemble": "",
        "arrondissement": 9,
        "image_ref": 9709,
        "terme_jantzen_bat": [
          "façade-d'angle",
          "fenetre-d'angle",
          "tour"
        ]
      }
    },
    {
      "type": "Feature",
      "geometry": {
        "type": "Point",
        "coordinates": [
          2.32442,
          48.850479
        ]
      },
      "properties": {
        "id_bat": 1803,
        "libelle": "24 rue de Sèvres",
        "ensemble": "",
        "arrondissement": 7,
        "image_ref": 13647,
        "terme_jantzen_bat": [
          "dome",
          "fenetre-d'angle",
          "lucarne",
          "lucarne-d'angle",
          "oeil-de-boeuf",
          "toiture"
        ]
      }
    },
    {
      "type": "Feature",
      "geometry": {
        "type": "Point",
        "coordinates": [
          2.328499,
          48.869655
        ]
      },
      "properties": {
        "id_bat": 1806,
        "libelle": "24 rue des Capucines",
        "ensemble": "",
        "arrondissement": 2,
        "image_ref": 1969,
        "terme_jantzen_bat": [
          "lucarne"
        ]
      }
    },
    {
      "type": "Feature",
      "geometry": {
        "type": "Point",
        "coordinates": [
          2.335153,
          48.869947
        ]
      },
      "properties": {
        "id_bat": 1808,
        "libelle": "24 rue du Quatre-Septembre",
        "ensemble": "",
        "arrondissement": 2,
        "image_ref": 12198,
        "terme_jantzen_bat": [
          "cariatide",
          "fenetre",
          "sculpture"
        ]
      }
    },
    {
      "type": "Feature",
      "geometry": {
        "type": "Point",
        "coordinates": [
          2.334232,
          48.885172
        ]
      },
      "properties": {
        "id_bat": 1813,
        "libelle": "24 rue Lepic",
        "ensemble": "",
        "arrondissement": 18,
        "image_ref": 8317,
        "terme_jantzen_bat": [
          "lucarne",
          "porte-fer"
        ]
      }
    },
    {
      "type": "Feature",
      "geometry": {
        "type": "Point",
        "coordinates": [
          2.354779,
          48.84557
        ]
      },
      "properties": {
        "id_bat": 1814,
        "libelle": "24 rue Linné",
        "ensemble": "",
        "arrondissement": 5,
        "image_ref": 8385,
        "terme_jantzen_bat": [
          "balcon",
          "console",
          "décor",
          "façade",
          "fenetre",
          "garde-corps",
          "pilastre",
          "porte-bois",
          "sculpture"
        ]
      }
    },
    {
      "type": "Feature",
      "geometry": {
        "type": "Point",
        "coordinates": [
          2.361696,
          48.857065
        ]
      },
      "properties": {
        "id_bat": 1815,
        "libelle": "24 rue Pavée",
        "ensemble": "",
        "arrondissement": 4,
        "image_ref": 11299,
        "terme_jantzen_bat": [
          "clé",
          "console",
          "façade",
          "fenetre",
          "fenetre-d'angle",
          "fronton",
          "pilastre",
          "sculpture",
          "tourelle"
        ]
      }
    },
    {
      "type": "Feature",
      "geometry": {
        "type": "Point",
        "coordinates": [
          2.28873,
          48.878278
        ]
      },
      "properties": {
        "id_bat": 1817,
        "libelle": "24 rue Saint-Ferdinand",
        "ensemble": "",
        "arrondissement": 17,
        "image_ref": 14166,
        "terme_jantzen_bat": [
          "balcon",
          "console",
          "façade",
          "porte-fer-hall",
          "sculpture"
        ]
      }
    },
    {
      "type": "Feature",
      "geometry": {
        "type": "Point",
        "coordinates": [
          2.339757,
          48.87056
        ]
      },
      "properties": {
        "id_bat": 1818,
        "libelle": "24 rue Saint-Marc",
        "ensemble": "",
        "arrondissement": 2,
        "image_ref": 14613,
        "terme_jantzen_bat": [
          "colonne",
          "fenetre",
          "métal",
          "porte-fer",
          "verrière"
        ]
      }
    },
    {
      "type": "Feature",
      "geometry": {
        "type": "Point",
        "coordinates": [
          2.329666,
          48.826598
        ]
      },
      "properties": {
        "id_bat": 1820,
        "libelle": "24 rue Sarrette",
        "ensemble": "",
        "arrondissement": 14,
        "image_ref": 13335,
        "terme_jantzen_bat": [
          "balcon",
          "brique",
          "colonne",
          "console",
          "céramique",
          "dome",
          "décor",
          "façade-d'angle",
          "fenetre",
          "fenetre-d'angle",
          "loggia",
          "lucarne-d'angle",
          "porte-fer",
          "sculpture"
        ]
      }
    },
    {
      "type": "Feature",
      "geometry": {
        "type": "Point",
        "coordinates": [
          2.325738,
          48.856354
        ]
      },
      "properties": {
        "id_bat": 1821,
        "libelle": "240b boulevard Saint-Germain",
        "ensemble": "",
        "arrondissement": 7,
        "image_ref": 14334,
        "terme_jantzen_bat": [
          "console",
          "sculpture"
        ]
      }
    },
    {
      "type": "Feature",
      "geometry": {
        "type": "Point",
        "coordinates": [
          2.353707,
          48.866141
        ]
      },
      "properties": {
        "id_bat": 1824,
        "libelle": "247 rue Saint-Martin",
        "ensemble": "",
        "arrondissement": 3,
        "image_ref": 14638,
        "terme_jantzen_bat": [
          "balcon",
          "console",
          "fenetre-d'angle",
          "garde-corps",
          "pilastre",
          "sculpture"
        ]
      }
    },
    {
      "type": "Feature",
      "geometry": {
        "type": "Point",
        "coordinates": [
          2.353129,
          48.849635
        ]
      },
      "properties": {
        "id_bat": 1825,
        "libelle": "24B boulevard Saint-Germain",
        "ensemble": "",
        "arrondissement": 5,
        "image_ref": 14348,
        "terme_jantzen_bat": [
          "balcon",
          "clé",
          "façade-d'angle",
          "fenetre-d'angle",
          "fronton",
          "lucarne",
          "lucarne-d'angle",
          "oeil-de-boeuf",
          "pignon",
          "toiture"
        ]
      }
    },
    {
      "type": "Feature",
      "geometry": {
        "type": "Point",
        "coordinates": [
          2.331493,
          48.867948
        ]
      },
      "properties": {
        "id_bat": 1826,
        "libelle": "25 à 27 rue Danielle-Casanova",
        "ensemble": "",
        "arrondissement": 1,
        "image_ref": 3420,
        "terme_jantzen_bat": [
          "balcon",
          "console",
          "fenetre",
          "garde-corps",
          "porte-bois",
          "sculpture"
        ]
      }
    },
    {
      "type": "Feature",
      "geometry": {
        "type": "Point",
        "coordinates": [
          2.287397,
          48.850422
        ]
      },
      "properties": {
        "id_bat": 1827,
        "libelle": "25 à 27 rue Rouelle",
        "ensemble": "",
        "arrondissement": 15,
        "image_ref": 13276,
        "terme_jantzen_bat": [
          "brique",
          "mosaique",
          "porte-fer"
        ]
      }
    },
    {
      "type": "Feature",
      "geometry": {
        "type": "Point",
        "coordinates": [
          2.307725,
          48.869383
        ]
      },
      "properties": {
        "id_bat": 1829,
        "libelle": "25 avenue des Champs-Élysées",
        "ensemble": "",
        "arrondissement": 8,
        "image_ref": 2249,
        "terme_jantzen_bat": [
          "balcon",
          "console",
          "décor",
          "façade",
          "fenetre",
          "fronton",
          "garde-corps",
          "lucarne",
          "oeil-de-boeuf",
          "porte-bois",
          "sculpture"
        ]
      }
    },
    {
      "type": "Feature",
      "geometry": {
        "type": "Point",
        "coordinates": [
          2.304357,
          48.866225
        ]
      },
      "properties": {
        "id_bat": 1831,
        "libelle": "25 avenue Montaigne",
        "ensemble": "",
        "arrondissement": 8,
        "image_ref": 9821,
        "terme_jantzen_bat": [
          "fenetre",
          "lucarne"
        ]
      }
    },
    {
      "type": "Feature",
      "geometry": {
        "type": "Point",
        "coordinates": [
          2.304593,
          48.847251
        ]
      },
      "properties": {
        "id_bat": 1833,
        "libelle": "25 boulevard Garibaldi",
        "ensemble": "",
        "arrondissement": 15,
        "image_ref": 5136,
        "terme_jantzen_bat": [
          "console",
          "décor",
          "fenetre",
          "porte-fer",
          "sculpture"
        ]
      }
    },
    {
      "type": "Feature",
      "geometry": {
        "type": "Point",
        "coordinates": [
          2.347743,
          48.893619
        ]
      },
      "properties": {
        "id_bat": 1834,
        "libelle": "25 boulevard Ornano",
        "ensemble": "",
        "arrondissement": 18,
        "image_ref": 10889,
        "terme_jantzen_bat": [
          "balcon",
          "décor",
          "façade-d'angle",
          "fenetre",
          "lucarne",
          "pilastre",
          "sculpture"
        ]
      }
    },
    {
      "type": "Feature",
      "geometry": {
        "type": "Point",
        "coordinates": [
          2.321529,
          48.861811
        ]
      },
      "properties": {
        "id_bat": 1836,
        "libelle": "25 quai Anatole-France",
        "ensemble": "",
        "arrondissement": 7,
        "image_ref": 344,
        "terme_jantzen_bat": [
          "colonne",
          "façade",
          "fenetre",
          "sculpture"
        ]
      }
    },
    {
      "type": "Feature",
      "geometry": {
        "type": "Point",
        "coordinates": [
          2.345284,
          48.875907
        ]
      },
      "properties": {
        "id_bat": 1838,
        "libelle": "25 rue Bleue",
        "ensemble": "",
        "arrondissement": 9,
        "image_ref": 1344,
        "terme_jantzen_bat": [
          "façade",
          "fenetre",
          "garde-corps",
          "pilastre",
          "verrière"
        ]
      }
    },
    {
      "type": "Feature",
      "geometry": {
        "type": "Point",
        "coordinates": [
          2.392051,
          48.868677
        ]
      },
      "properties": {
        "id_bat": 1839,
        "libelle": "25 rue Boyer",
        "ensemble": "",
        "arrondissement": 20,
        "image_ref": 1572,
        "terme_jantzen_bat": [
          "brique",
          "céramique",
          "décor",
          "fenetre"
        ]
      }
    },
    {
      "type": "Feature",
      "geometry": {
        "type": "Point",
        "coordinates": [
          2.358954,
          48.85443
        ]
      },
      "properties": {
        "id_bat": 1840,
        "libelle": "25 rue Charlemagne",
        "ensemble": "",
        "arrondissement": 4,
        "image_ref": 2330,
        "terme_jantzen_bat": [
          "façade-d'angle",
          "fenetre"
        ]
      }
    },
    {
      "type": "Feature",
      "geometry": {
        "type": "Point",
        "coordinates": [
          2.317827,
          48.858342
        ]
      },
      "properties": {
        "id_bat": 1841,
        "libelle": "25 rue de Bourgogne",
        "ensemble": "",
        "arrondissement": 7,
        "image_ref": 1505,
        "terme_jantzen_bat": [
          "fronton",
          "porte-bois"
        ]
      }
    },
    {
      "type": "Feature",
      "geometry": {
        "type": "Point",
        "coordinates": [
          2.279724,
          48.84494
        ]
      },
      "properties": {
        "id_bat": 1843,
        "libelle": "25 rue de la Convention",
        "ensemble": "",
        "arrondissement": 15,
        "image_ref": 2981,
        "terme_jantzen_bat": [
          "lucarne"
        ]
      }
    },
    {
      "type": "Feature",
      "geometry": {
        "type": "Point",
        "coordinates": [
          2.274978,
          48.860175
        ]
      },
      "properties": {
        "id_bat": 1844,
        "libelle": "25 rue de la Pompe",
        "ensemble": "",
        "arrondissement": 16,
        "image_ref": 11845,
        "terme_jantzen_bat": [
          "brique",
          "clé",
          "décor",
          "façade",
          "fenetre",
          "mosaique",
          "verrière"
        ]
      }
    },
    {
      "type": "Feature",
      "geometry": {
        "type": "Point",
        "coordinates": [
          2.356103,
          48.856289
        ]
      },
      "properties": {
        "id_bat": 1848,
        "libelle": "25 rue de Rivoli",
        "ensemble": "",
        "arrondissement": 4,
        "image_ref": 13100,
        "terme_jantzen_bat": [
          "fronton",
          "lucarne-d'angle"
        ]
      }
    },
    {
      "type": "Feature",
      "geometry": {
        "type": "Point",
        "coordinates": [
          2.371475,
          48.852723
        ]
      },
      "properties": {
        "id_bat": 1854,
        "libelle": "25 rue du Faubourg-Saint-Antoine",
        "ensemble": "",
        "arrondissement": 11,
        "image_ref": 4375,
        "terme_jantzen_bat": [
          "colonne",
          "façade",
          "fenetre",
          "métal",
          "verrière"
        ]
      }
    },
    {
      "type": "Feature",
      "geometry": {
        "type": "Point",
        "coordinates": [
          2.345035,
          48.86403
        ]
      },
      "properties": {
        "id_bat": 1855,
        "libelle": "25 rue du Jour",
        "ensemble": "",
        "arrondissement": 1,
        "image_ref": 7420,
        "terme_jantzen_bat": [
          "fenetre",
          "fronton",
          "lucarne"
        ]
      }
    },
    {
      "type": "Feature",
      "geometry": {
        "type": "Point",
        "coordinates": [
          2.35636,
          48.856041
        ]
      },
      "properties": {
        "id_bat": 1856,
        "libelle": "25 rue du Pont-Louis-Philippe",
        "ensemble": "",
        "arrondissement": 4,
        "image_ref": 11864,
        "terme_jantzen_bat": [
          "décor",
          "fenetre",
          "pilastre",
          "sculpture"
        ]
      }
    },
    {
      "type": "Feature",
      "geometry": {
        "type": "Point",
        "coordinates": [
          2.333034,
          48.890411
        ]
      },
      "properties": {
        "id_bat": 1857,
        "libelle": "25 rue Eugène-Carrière",
        "ensemble": "",
        "arrondissement": 18,
        "image_ref": 4203,
        "terme_jantzen_bat": [
          "clé",
          "porte-bois"
        ]
      }
    },
    {
      "type": "Feature",
      "geometry": {
        "type": "Point",
        "coordinates": [
          2.292023,
          48.871159
        ]
      },
      "properties": {
        "id_bat": 1860,
        "libelle": "25 rue Lauriston",
        "ensemble": "",
        "arrondissement": 16,
        "image_ref": 8133,
        "terme_jantzen_bat": [
          "façade",
          "fenetre",
          "métal",
          "oriel",
          "porte-fer"
        ]
      }
    },
    {
      "type": "Feature",
      "geometry": {
        "type": "Point",
        "coordinates": [
          2.262635,
          48.848546
        ]
      },
      "properties": {
        "id_bat": 1862,
        "libelle": "25 rue Poussin",
        "ensemble": "",
        "arrondissement": 16,
        "image_ref": 11924,
        "terme_jantzen_bat": [
          "balcon",
          "colonne",
          "dome",
          "décor",
          "façade-d'angle",
          "fenetre",
          "fenetre-d'angle",
          "porte-fer",
          "sculpture",
          "tour"
        ]
      }
    },
    {
      "type": "Feature",
      "geometry": {
        "type": "Point",
        "coordinates": [
          2.338036,
          48.880796
        ]
      },
      "properties": {
        "id_bat": 1864,
        "libelle": "25 rue Victor-Massé",
        "ensemble": "",
        "arrondissement": 9,
        "image_ref": 16393,
        "terme_jantzen_bat": [
          "balcon",
          "colonne",
          "décor",
          "façade",
          "fenetre",
          "porte-bois",
          "sculpture"
        ]
      }
    },
    {
      "type": "Feature",
      "geometry": {
        "type": "Point",
        "coordinates": [
          2.285931,
          48.860693
        ]
      },
      "properties": {
        "id_bat": 1869,
        "libelle": "25b rue Benjamin-Franklin",
        "ensemble": "",
        "arrondissement": 16,
        "image_ref": 1140,
        "terme_jantzen_bat": [
          "façade",
          "fenetre",
          "garde-corps",
          "mosaique",
          "oriel"
        ]
      }
    },
    {
      "type": "Feature",
      "geometry": {
        "type": "Point",
        "coordinates": [
          2.292827,
          48.876677
        ]
      },
      "properties": {
        "id_bat": 1871,
        "libelle": "26 avenue Carnot",
        "ensemble": "",
        "arrondissement": 17,
        "image_ref": 1998,
        "terme_jantzen_bat": [
          "lucarne"
        ]
      }
    },
    {
      "type": "Feature",
      "geometry": {
        "type": "Point",
        "coordinates": [
          2.296918,
          48.854357
        ]
      },
      "properties": {
        "id_bat": 1872,
        "libelle": "26 avenue Charles-Floquet",
        "ensemble": "",
        "arrondissement": 7,
        "image_ref": 2358,
        "terme_jantzen_bat": [
          "porte-fer-hall"
        ]
      }
    },
    {
      "type": "Feature",
      "geometry": {
        "type": "Point",
        "coordinates": [
          2.294831,
          48.878686
        ]
      },
      "properties": {
        "id_bat": 1876,
        "libelle": "26 avenue des Ternes",
        "ensemble": "",
        "arrondissement": 17,
        "image_ref": 15079,
        "terme_jantzen_bat": [
          "dome",
          "décor",
          "façade",
          "façade-d'angle",
          "fenetre",
          "fenetre-d'angle",
          "intérieur",
          "lucarne",
          "marquise",
          "mosaique",
          "tourelle",
          "verrière"
        ]
      }
    },
    {
      "type": "Feature",
      "geometry": {
        "type": "Point",
        "coordinates": [
          2.324355,
          48.826871
        ]
      },
      "properties": {
        "id_bat": 1877,
        "libelle": "26 avenue Jean-Moulin",
        "ensemble": "",
        "arrondissement": 14,
        "image_ref": 7261,
        "terme_jantzen_bat": [
          "façade-d'angle"
        ]
      }
    },
    {
      "type": "Feature",
      "geometry": {
        "type": "Point",
        "coordinates": [
          2.336168,
          48.871488
        ]
      },
      "properties": {
        "id_bat": 1880,
        "libelle": "26 boulevard des Italiens",
        "ensemble": "",
        "arrondissement": 9,
        "image_ref": 7125,
        "terme_jantzen_bat": [
          "colonne",
          "fenetre-d'angle",
          "fronton",
          "lucarne",
          "lucarne-d'angle"
        ]
      }
    },
    {
      "type": "Feature",
      "geometry": {
        "type": "Point",
        "coordinates": [
          2.33566,
          48.872778
        ]
      },
      "properties": {
        "id_bat": 1881,
        "libelle": "26 boulevard Haussmann",
        "ensemble": "",
        "arrondissement": 9,
        "image_ref": 6017,
        "terme_jantzen_bat": [
          "décor",
          "fenetre",
          "fronton",
          "lucarne",
          "sculpture"
        ]
      }
    },
    {
      "type": "Feature",
      "geometry": {
        "type": "Point",
        "coordinates": [
          2.330198,
          48.867898
        ]
      },
      "properties": {
        "id_bat": 1883,
        "libelle": "26 place Vendôme",
        "ensemble": "",
        "arrondissement": 1,
        "image_ref": 16037,
        "terme_jantzen_bat": [
          "façade",
          "fenetre",
          "lucarne"
        ]
      }
    },
    {
      "type": "Feature",
      "geometry": {
        "type": "Point",
        "coordinates": [
          2.343618,
          48.875599
        ]
      },
      "properties": {
        "id_bat": 1885,
        "libelle": "26 rue Cadet",
        "ensemble": "",
        "arrondissement": 9,
        "image_ref": 1811,
        "terme_jantzen_bat": [
          "colonne",
          "décor",
          "façade",
          "fenetre",
          "garde-corps",
          "porte-bois",
          "sculpture"
        ]
      }
    },
    {
      "type": "Feature",
      "geometry": {
        "type": "Point",
        "coordinates": [
          2.329745,
          48.878909
        ]
      },
      "properties": {
        "id_bat": 1890,
        "libelle": "26 rue de Clichy",
        "ensemble": "",
        "arrondissement": 9,
        "image_ref": 2607,
        "terme_jantzen_bat": [
          "balcon",
          "console",
          "décor",
          "fenetre",
          "garde-corps",
          "lucarne",
          "porte-fer-hall",
          "sculpture"
        ]
      }
    },
    {
      "type": "Feature",
      "geometry": {
        "type": "Point",
        "coordinates": [
          2.298755,
          48.880186
        ]
      },
      "properties": {
        "id_bat": 1896,
        "libelle": "26 rue des Renaudes",
        "ensemble": "",
        "arrondissement": 17,
        "image_ref": 12854,
        "terme_jantzen_bat": [
          "dome",
          "façade-d'angle",
          "fenetre",
          "fenetre-d'angle",
          "pilastre"
        ]
      }
    },
    {
      "type": "Feature",
      "geometry": {
        "type": "Point",
        "coordinates": [
          2.311293,
          48.860383
        ]
      },
      "properties": {
        "id_bat": 1902,
        "libelle": "26 rue Fabert",
        "ensemble": "",
        "arrondissement": 7,
        "image_ref": 4324,
        "terme_jantzen_bat": [
          "fenetre"
        ]
      }
    },
    {
      "type": "Feature",
      "geometry": {
        "type": "Point",
        "coordinates": [
          2.30558,
          48.867613
        ]
      },
      "properties": {
        "id_bat": 1903,
        "libelle": "26 rue François-Ier",
        "ensemble": "",
        "arrondissement": 8,
        "image_ref": 4809,
        "terme_jantzen_bat": [
          "clé",
          "console",
          "porte-fer",
          "sculpture"
        ]
      }
    },
    {
      "type": "Feature",
      "geometry": {
        "type": "Point",
        "coordinates": [
          2.341632,
          48.844822
        ]
      },
      "properties": {
        "id_bat": 1905,
        "libelle": "26 rue Gay-Lussac",
        "ensemble": "",
        "arrondissement": 5,
        "image_ref": 5171,
        "terme_jantzen_bat": [
          "balcon",
          "façade",
          "fenetre"
        ]
      }
    },
    {
      "type": "Feature",
      "geometry": {
        "type": "Point",
        "coordinates": [
          2.356653,
          48.854942
        ]
      },
      "properties": {
        "id_bat": 1906,
        "libelle": "26 rue Geoffroy-l'Asnier",
        "ensemble": "",
        "arrondissement": 4,
        "image_ref": 5233,
        "terme_jantzen_bat": [
          "clé",
          "porte-bois",
          "sculpture"
        ]
      }
    },
    {
      "type": "Feature",
      "geometry": {
        "type": "Point",
        "coordinates": [
          2.287311,
          48.875497
        ]
      },
      "properties": {
        "id_bat": 1908,
        "libelle": "26 rue Le Sueur",
        "ensemble": "",
        "arrondissement": 16,
        "image_ref": 8323,
        "terme_jantzen_bat": [
          "porte-fer-hall"
        ]
      }
    },
    {
      "type": "Feature",
      "geometry": {
        "type": "Point",
        "coordinates": [
          2.263292,
          48.848766
        ]
      },
      "properties": {
        "id_bat": 1913,
        "libelle": "26 rue Poussin",
        "ensemble": "",
        "arrondissement": 16,
        "image_ref": 11931,
        "terme_jantzen_bat": [
          "balcon",
          "colonne",
          "décor",
          "fenetre",
          "porte-fer",
          "sculpture"
        ]
      }
    },
    {
      "type": "Feature",
      "geometry": {
        "type": "Point",
        "coordinates": [
          2.330028,
          48.843676
        ]
      },
      "properties": {
        "id_bat": 1916,
        "libelle": "26 rue Vavin",
        "ensemble": "",
        "arrondissement": 6,
        "image_ref": 15961,
        "terme_jantzen_bat": [
          "balcon",
          "céramique",
          "façade",
          "fenetre",
          "garde-corps"
        ]
      }
    },
    {
      "type": "Feature",
      "geometry": {
        "type": "Point",
        "coordinates": [
          2.374156,
          48.847684
        ]
      },
      "properties": {
        "id_bat": 1921,
        "libelle": "26b avenue Daumesnil",
        "ensemble": "",
        "arrondissement": 12,
        "image_ref": 3541,
        "terme_jantzen_bat": [
          "console",
          "dome",
          "fenetre-d'angle",
          "lucarne-d'angle",
          "sculpture",
          "toiture"
        ]
      }
    },
    {
      "type": "Feature",
      "geometry": {
        "type": "Point",
        "coordinates": [
          2.373219,
          48.847429
        ]
      },
      "properties": {
        "id_bat": 1923,
        "libelle": "26t rue Traversière",
        "ensemble": "",
        "arrondissement": 12,
        "image_ref": 15468,
        "terme_jantzen_bat": [
          "façade",
          "fenetre",
          "lucarne"
        ]
      }
    },
    {
      "type": "Feature",
      "geometry": {
        "type": "Point",
        "coordinates": [
          2.396726,
          48.847031
        ]
      },
      "properties": {
        "id_bat": 1925,
        "libelle": "27 avenue du Bel-Air",
        "ensemble": "",
        "arrondissement": 12,
        "image_ref": 1072,
        "terme_jantzen_bat": [
          "porte-fer-hall"
        ]
      }
    },
    {
      "type": "Feature",
      "geometry": {
        "type": "Point",
        "coordinates": [
          2.294187,
          48.877259
        ]
      },
      "properties": {
        "id_bat": 1926,
        "libelle": "27 avenue Mac-Mahon",
        "ensemble": "",
        "arrondissement": 17,
        "image_ref": 8870,
        "terme_jantzen_bat": [
          "fenetre",
          "porte-fer"
        ]
      }
    },
    {
      "type": "Feature",
      "geometry": {
        "type": "Point",
        "coordinates": [
          2.330908,
          48.87024
        ]
      },
      "properties": {
        "id_bat": 1929,
        "libelle": "27 boulevard des Capucines",
        "ensemble": "",
        "arrondissement": 2,
        "image_ref": 1961,
        "terme_jantzen_bat": [
          "décor",
          "façade",
          "fenetre",
          "lucarne",
          "mosaique",
          "métal",
          "verrière"
        ]
      }
    },
    {
      "type": "Feature",
      "geometry": {
        "type": "Point",
        "coordinates": [
          2.321138,
          48.861926
        ]
      },
      "properties": {
        "id_bat": 1930,
        "libelle": "27 quai Anatole-France",
        "ensemble": "",
        "arrondissement": 7,
        "image_ref": 350,
        "terme_jantzen_bat": [
          "balcon",
          "façade",
          "fenetre",
          "lucarne",
          "pignon",
          "sculpture",
          "toiture",
          "tour"
        ]
      }
    },
    {
      "type": "Feature",
      "geometry": {
        "type": "Point",
        "coordinates": [
          2.361571,
          48.857266
        ]
      },
      "properties": {
        "id_bat": 1943,
        "libelle": "27 rue des Francs-Bourgeois",
        "ensemble": "",
        "arrondissement": 3,
        "image_ref": 4931,
        "terme_jantzen_bat": [
          "façade-d'angle",
          "fenetre-d'angle",
          "fronton",
          "lucarne",
          "pignon",
          "sculpture",
          "toiture"
        ]
      }
    },
    {
      "type": "Feature",
      "geometry": {
        "type": "Point",
        "coordinates": [
          2.3161,
          48.873854
        ]
      },
      "properties": {
        "id_bat": 1951,
        "libelle": "27 rue La Boétie",
        "ensemble": "",
        "arrondissement": 8,
        "image_ref": 7568,
        "terme_jantzen_bat": [
          "fenetre",
          "porte-fer"
        ]
      }
    },
    {
      "type": "Feature",
      "geometry": {
        "type": "Point",
        "coordinates": [
          2.34226,
          48.853281
        ]
      },
      "properties": {
        "id_bat": 1955,
        "libelle": "27 rue Saint-André-des-Arts",
        "ensemble": "",
        "arrondissement": 6,
        "image_ref": 13828,
        "terme_jantzen_bat": [
          "balcon",
          "clé",
          "console",
          "façade",
          "fenetre",
          "garde-corps"
        ]
      }
    },
    {
      "type": "Feature",
      "geometry": {
        "type": "Point",
        "coordinates": [
          2.337906,
          48.880821
        ]
      },
      "properties": {
        "id_bat": 1956,
        "libelle": "27 rue Victor-Massé",
        "ensemble": "",
        "arrondissement": 9,
        "image_ref": 16404,
        "terme_jantzen_bat": [
          "décor",
          "façade",
          "façade-d'angle",
          "fenetre",
          "fenetre-d'angle",
          "pilastre",
          "porte",
          "porte-bois"
        ]
      }
    },
    {
      "type": "Feature",
      "geometry": {
        "type": "Point",
        "coordinates": [
          2.331554,
          48.835954
        ]
      },
      "properties": {
        "id_bat": 1961,
        "libelle": "276 boulevard Raspail",
        "ensemble": "",
        "arrondissement": 14,
        "image_ref": 12449,
        "terme_jantzen_bat": [
          "console",
          "façade",
          "fenetre",
          "sculpture"
        ]
      }
    },
    {
      "type": "Feature",
      "geometry": {
        "type": "Point",
        "coordinates": [
          2.354264,
          48.866505
        ]
      },
      "properties": {
        "id_bat": 1962,
        "libelle": "278 rue Saint-Martin",
        "ensemble": "",
        "arrondissement": 3,
        "image_ref": 14646,
        "terme_jantzen_bat": [
          "façade",
          "fenetre",
          "fronton",
          "lucarne",
          "pilastre",
          "toiture"
        ]
      }
    },
    {
      "type": "Feature",
      "geometry": {
        "type": "Point",
        "coordinates": [
          2.320799,
          48.862029
        ]
      },
      "properties": {
        "id_bat": 1963,
        "libelle": "27B quai Anatole-France",
        "ensemble": "",
        "arrondissement": 7,
        "image_ref": 366,
        "terme_jantzen_bat": [
          "balcon",
          "colonne",
          "céramique",
          "façade",
          "fenetre",
          "garde-corps",
          "loggia",
          "lucarne",
          "porte",
          "toiture",
          "tourelle",
          "verrière"
        ]
      }
    },
    {
      "type": "Feature",
      "geometry": {
        "type": "Point",
        "coordinates": [
          2.286576,
          48.865507
        ]
      },
      "properties": {
        "id_bat": 1966,
        "libelle": "28 avenue Raymond-Poincaré",
        "ensemble": "",
        "arrondissement": 16,
        "image_ref": 12608,
        "terme_jantzen_bat": [
          "lucarne",
          "oeil-de-boeuf"
        ]
      }
    },
    {
      "type": "Feature",
      "geometry": {
        "type": "Point",
        "coordinates": [
          2.368423,
          48.849335
        ]
      },
      "properties": {
        "id_bat": 1967,
        "libelle": "28 boulevard de la Bastille",
        "ensemble": "",
        "arrondissement": 12,
        "image_ref": 840,
        "terme_jantzen_bat": [
          "clé",
          "porte-bois",
          "sculpture"
        ]
      }
    },
    {
      "type": "Feature",
      "geometry": {
        "type": "Point",
        "coordinates": [
          2.272936,
          48.866614
        ]
      },
      "properties": {
        "id_bat": 1968,
        "libelle": "28 boulevard Flandrin",
        "ensemble": "",
        "arrondissement": 16,
        "image_ref": 4664,
        "terme_jantzen_bat": [
          "métal",
          "oriel"
        ]
      }
    },
    {
      "type": "Feature",
      "geometry": {
        "type": "Point",
        "coordinates": [
          2.321268,
          48.873253
        ]
      },
      "properties": {
        "id_bat": 1969,
        "libelle": "28 boulevard Malesherbes",
        "ensemble": "",
        "arrondissement": 8,
        "image_ref": 9050,
        "terme_jantzen_bat": [
          "façade",
          "porte-bois"
        ]
      }
    },
    {
      "type": "Feature",
      "geometry": {
        "type": "Point",
        "coordinates": [
          2.288319,
          48.878207
        ]
      },
      "properties": {
        "id_bat": 1971,
        "libelle": "28 place Saint-Ferdinand",
        "ensemble": "",
        "arrondissement": 17,
        "image_ref": 14184,
        "terme_jantzen_bat": [
          "balcon",
          "colonne",
          "console",
          "dome",
          "décor",
          "façade-d'angle",
          "fenetre",
          "fenetre-d'angle",
          "garde-corps",
          "lucarne",
          "sculpture",
          "toiture"
        ]
      }
    },
    {
      "type": "Feature",
      "geometry": {
        "type": "Point",
        "coordinates": [
          2.337741,
          48.878496
        ]
      },
      "properties": {
        "id_bat": 1972,
        "libelle": "28 place Saint-Georges",
        "ensemble": "",
        "arrondissement": 9,
        "image_ref": 14227,
        "terme_jantzen_bat": [
          "clé",
          "décor",
          "façade",
          "fenetre",
          "garde-corps",
          "lucarne",
          "pilastre",
          "porte",
          "porte-fer",
          "sculpture"
        ]
      }
    },
    {
      "type": "Feature",
      "geometry": {
        "type": "Point",
        "coordinates": [
          2.356871,
          48.85088
        ]
      },
      "properties": {
        "id_bat": 1973,
        "libelle": "28 quai de Béthune",
        "ensemble": "",
        "arrondissement": 4,
        "image_ref": 1264,
        "terme_jantzen_bat": [
          "console",
          "fenetre",
          "garde-corps"
        ]
      }
    },
    {
      "type": "Feature",
      "geometry": {
        "type": "Point",
        "coordinates": [
          2.329567,
          48.882077
        ]
      },
      "properties": {
        "id_bat": 1974,
        "libelle": "28 rue Ballu",
        "ensemble": "",
        "arrondissement": 9,
        "image_ref": 792,
        "terme_jantzen_bat": [
          "brique",
          "fenetre",
          "lucarne",
          "pignon"
        ]
      }
    },
    {
      "type": "Feature",
      "geometry": {
        "type": "Point",
        "coordinates": [
          2.305553,
          48.855921
        ]
      },
      "properties": {
        "id_bat": 1975,
        "libelle": "28 rue Bosquet",
        "ensemble": "",
        "arrondissement": 7,
        "image_ref": 1433,
        "terme_jantzen_bat": [
          "console",
          "fenetre",
          "garde-corps",
          "sculpture"
        ]
      }
    },
    {
      "type": "Feature",
      "geometry": {
        "type": "Point",
        "coordinates": [
          2.31833,
          48.878013
        ]
      },
      "properties": {
        "id_bat": 1978,
        "libelle": "28 rue de Madrid",
        "ensemble": "",
        "arrondissement": 8,
        "image_ref": 8951,
        "terme_jantzen_bat": [
          "clé",
          "façade",
          "fenetre",
          "sculpture"
        ]
      }
    },
    {
      "type": "Feature",
      "geometry": {
        "type": "Point",
        "coordinates": [
          2.336707,
          48.865229
        ]
      },
      "properties": {
        "id_bat": 1979,
        "libelle": "28 rue de Richelieu",
        "ensemble": "",
        "arrondissement": 1,
        "image_ref": 13016,
        "terme_jantzen_bat": [
          "clé",
          "décor",
          "fenetre",
          "garde-corps",
          "porte-bois",
          "sculpture"
        ]
      }
    },
    {
      "type": "Feature",
      "geometry": {
        "type": "Point",
        "coordinates": [
          2.281812,
          48.867177
        ]
      },
      "properties": {
        "id_bat": 1980,
        "libelle": "28 rue des Belles-Feuilles",
        "ensemble": "",
        "arrondissement": 16,
        "image_ref": 1095,
        "terme_jantzen_bat": [
          "fenetre"
        ]
      }
    },
    {
      "type": "Feature",
      "geometry": {
        "type": "Point",
        "coordinates": [
          2.35501,
          48.862571
        ]
      },
      "properties": {
        "id_bat": 1981,
        "libelle": "28 rue Michel-le-Comte",
        "ensemble": "",
        "arrondissement": 3,
        "image_ref": 9655,
        "terme_jantzen_bat": [
          "colonne",
          "façade",
          "porte",
          "porte-bois"
        ]
      }
    },
    {
      "type": "Feature",
      "geometry": {
        "type": "Point",
        "coordinates": [
          2.331654,
          48.835688
        ]
      },
      "properties": {
        "id_bat": 1983,
        "libelle": "280 boulevard Raspail",
        "ensemble": "",
        "arrondissement": 14,
        "image_ref": 12451,
        "terme_jantzen_bat": [
          "console",
          "fenetre",
          "oriel",
          "porte-fer",
          "sculpture"
        ]
      }
    },
    {
      "type": "Feature",
      "geometry": {
        "type": "Point",
        "coordinates": [
          2.320053,
          48.86204
        ]
      },
      "properties": {
        "id_bat": 1986,
        "libelle": "288 boulevard Saint-Germain",
        "ensemble": "",
        "arrondissement": 7,
        "image_ref": 14369,
        "terme_jantzen_bat": [
          "balcon",
          "fenetre",
          "pilastre"
        ]
      }
    },
    {
      "type": "Feature",
      "geometry": {
        "type": "Point",
        "coordinates": [
          2.30616,
          48.881374
        ]
      },
      "properties": {
        "id_bat": 1987,
        "libelle": "29 à 31 rue de Prony",
        "ensemble": "",
        "arrondissement": 17,
        "image_ref": 12081,
        "terme_jantzen_bat": [
          "façade",
          "fenetre",
          "lucarne",
          "porte-bois",
          "porte-fer",
          "sculpture"
        ]
      }
    },
    {
      "type": "Feature",
      "geometry": {
        "type": "Point",
        "coordinates": [
          2.298307,
          48.853804
        ]
      },
      "properties": {
        "id_bat": 1989,
        "libelle": "29 avenue Charles-Floquet",
        "ensemble": "",
        "arrondissement": 7,
        "image_ref": 2359,
        "terme_jantzen_bat": [
          "lucarne"
        ]
      }
    },
    {
      "type": "Feature",
      "geometry": {
        "type": "Point",
        "coordinates": [
          2.294149,
          48.877488
        ]
      },
      "properties": {
        "id_bat": 1992,
        "libelle": "29 avenue Mac-Mahon",
        "ensemble": "",
        "arrondissement": 17,
        "image_ref": 8871,
        "terme_jantzen_bat": [
          "clé",
          "console",
          "décor",
          "façade",
          "fenetre",
          "garde-corps",
          "sculpture"
        ]
      }
    },
    {
      "type": "Feature",
      "geometry": {
        "type": "Point",
        "coordinates": [
          2.30089,
          48.859127
        ]
      },
      "properties": {
        "id_bat": 1993,
        "libelle": "29 avenue Rapp",
        "ensemble": "",
        "arrondissement": 7,
        "image_ref": 12266,
        "terme_jantzen_bat": [
          "balcon",
          "clé",
          "colonne",
          "console",
          "céramique",
          "décor",
          "façade",
          "fenetre",
          "garde-corps",
          "loggia",
          "lucarne",
          "poignée-porte",
          "porte-bois",
          "sculpture"
        ]
      }
    },
    {
      "type": "Feature",
      "geometry": {
        "type": "Point",
        "coordinates": [
          2.31357,
          48.880798
        ]
      },
      "properties": {
        "id_bat": 1994,
        "libelle": "29 boulevard de Courcelles",
        "ensemble": "",
        "arrondissement": 8,
        "image_ref": 3228,
        "terme_jantzen_bat": [
          "balcon",
          "colonne",
          "façade",
          "fenetre",
          "garde-corps",
          "lucarne",
          "porte-fer",
          "porte-fer-hall",
          "sculpture"
        ]
      }
    },
    {
      "type": "Feature",
      "geometry": {
        "type": "Point",
        "coordinates": [
          2.33224,
          48.87294
        ]
      },
      "properties": {
        "id_bat": 1995,
        "libelle": "29 boulevard Haussmann",
        "ensemble": "",
        "arrondissement": 9,
        "image_ref": 6019,
        "terme_jantzen_bat": [
          "balcon",
          "cariatide",
          "dome",
          "façade",
          "façade-d'angle",
          "fenetre",
          "fenetre-d'angle",
          "fronton",
          "garde-corps",
          "lucarne",
          "lucarne-d'angle",
          "pilastre",
          "sculpture"
        ]
      }
    },
    {
      "type": "Feature",
      "geometry": {
        "type": "Point",
        "coordinates": [
          2.306616,
          48.873548
        ]
      },
      "properties": {
        "id_bat": 1997,
        "libelle": "29 rue d'Artois",
        "ensemble": "",
        "arrondissement": 8,
        "image_ref": 600,
        "terme_jantzen_bat": [
          "façade",
          "fenetre"
        ]
      }
    },
    {
      "type": "Feature",
      "geometry": {
        "type": "Point",
        "coordinates": [
          2.344539,
          48.85178
        ]
      },
      "properties": {
        "id_bat": 2000,
        "libelle": "29 rue de la Parcheminerie",
        "ensemble": "",
        "arrondissement": 5,
        "image_ref": 11132,
        "terme_jantzen_bat": [
          "clé",
          "façade",
          "fenetre",
          "garde-corps",
          "sculpture"
        ]
      }
    },
    {
      "type": "Feature",
      "geometry": {
        "type": "Point",
        "coordinates": [
          2.326374,
          48.851028
        ]
      },
      "properties": {
        "id_bat": 2004,
        "libelle": "29 rue de Sèvres",
        "ensemble": "",
        "arrondissement": 6,
        "image_ref": 13614,
        "terme_jantzen_bat": [
          "balcon",
          "façade-d'angle",
          "fenetre-d'angle",
          "garde-corps",
          "lucarne",
          "lucarne-d'angle",
          "poignée-porte",
          "porte-fer",
          "porte-fer-hall",
          "toiture"
        ]
      }
    },
    {
      "type": "Feature",
      "geometry": {
        "type": "Point",
        "coordinates": [
          2.328015,
          48.857502
        ]
      },
      "properties": {
        "id_bat": 2007,
        "libelle": "29 rue du Bac",
        "ensemble": "",
        "arrondissement": 7,
        "image_ref": 735,
        "terme_jantzen_bat": [
          "dome",
          "façade",
          "façade-d'angle",
          "fenetre",
          "fenetre-d'angle",
          "fronton",
          "lucarne",
          "oeil-de-boeuf",
          "pilastre"
        ]
      }
    },
    {
      "type": "Feature",
      "geometry": {
        "type": "Point",
        "coordinates": [
          2.267685,
          48.850237
        ]
      },
      "properties": {
        "id_bat": 2009,
        "libelle": "29 rue George-Sand",
        "ensemble": "",
        "arrondissement": 16,
        "image_ref": 5272,
        "terme_jantzen_bat": [
          "brique",
          "décor",
          "fenetre",
          "oriel",
          "sculpture"
        ]
      }
    },
    {
      "type": "Feature",
      "geometry": {
        "type": "Point",
        "coordinates": [
          2.359399,
          48.886594
        ]
      },
      "properties": {
        "id_bat": 2012,
        "libelle": "29 rue Marx-Dormoy",
        "ensemble": "",
        "arrondissement": 18,
        "image_ref": 9307,
        "terme_jantzen_bat": [
          "console",
          "façade",
          "sculpture"
        ]
      }
    },
    {
      "type": "Feature",
      "geometry": {
        "type": "Point",
        "coordinates": [
          2.298533,
          48.838484
        ]
      },
      "properties": {
        "id_bat": 2013,
        "libelle": "290 rue de Vaugirard",
        "ensemble": "",
        "arrondissement": 15,
        "image_ref": 15889,
        "terme_jantzen_bat": [
          "porte-fer-hall"
        ]
      }
    },
    {
      "type": "Feature",
      "geometry": {
        "type": "Point",
        "coordinates": [
          2.354641,
          48.866972
        ]
      },
      "properties": {
        "id_bat": 2015,
        "libelle": "292 rue Saint-Martin",
        "ensemble": "",
        "arrondissement": 3,
        "image_ref": 14661,
        "terme_jantzen_bat": [
          "cariatide",
          "façade",
          "fronton",
          "lucarne",
          "porte",
          "porte-bois",
          "porte-fer",
          "sculpture",
          "toiture"
        ]
      }
    },
    {
      "type": "Feature",
      "geometry": {
        "type": "Point",
        "coordinates": [
          2.33192,
          48.865013
        ]
      },
      "properties": {
        "id_bat": 2018,
        "libelle": "298 rue Saint-Honoré",
        "ensemble": "",
        "arrondissement": 1,
        "image_ref": 14455,
        "terme_jantzen_bat": [
          "colonne",
          "porte-bois"
        ]
      }
    },
    {
      "type": "Feature",
      "geometry": {
        "type": "Point",
        "coordinates": [
          2.321975,
          48.824663
        ]
      },
      "properties": {
        "id_bat": 2019,
        "libelle": "29b rue Morère",
        "ensemble": "",
        "arrondissement": 14,
        "image_ref": 10035,
        "terme_jantzen_bat": [
          "brique",
          "colonne",
          "console",
          "céramique",
          "décor",
          "façade",
          "fenetre",
          "loggia",
          "oriel",
          "porte-bois",
          "sculpture"
        ]
      }
    },
    {
      "type": "Feature",
      "geometry": {
        "type": "Point",
        "coordinates": [
          2.350548,
          48.838233
        ]
      },
      "properties": {
        "id_bat": 2020,
        "libelle": "2B avenue des Gobelins",
        "ensemble": "",
        "arrondissement": 5,
        "image_ref": 5349,
        "terme_jantzen_bat": [
          "console",
          "fenetre",
          "lucarne",
          "porte-fer",
          "porte-fer-hall",
          "sculpture"
        ]
      }
    },
    {
      "type": "Feature",
      "geometry": {
        "type": "Point",
        "coordinates": [
          2.267753,
          48.860965
        ]
      },
      "properties": {
        "id_bat": 2021,
        "libelle": "2b avenue Raphaël",
        "ensemble": "",
        "arrondissement": 16,
        "image_ref": 12262,
        "terme_jantzen_bat": [
          "porte-fer-hall"
        ]
      }
    },
    {
      "type": "Feature",
      "geometry": {
        "type": "Point",
        "coordinates": [
          2.362123,
          48.85162
        ]
      },
      "properties": {
        "id_bat": 2022,
        "libelle": "2b quai des Célestins",
        "ensemble": "",
        "arrondissement": 4,
        "image_ref": 2092,
        "terme_jantzen_bat": [
          "atlante",
          "cariatide",
          "chimère",
          "clé",
          "façade",
          "fenetre",
          "fronton",
          "garde-corps",
          "lucarne",
          "oeil-de-boeuf",
          "porte",
          "porte-bois",
          "sculpture",
          "tourelle"
        ]
      }
    },
    {
      "type": "Feature",
      "geometry": {
        "type": "Point",
        "coordinates": [
          2.272931,
          48.856094
        ]
      },
      "properties": {
        "id_bat": 2024,
        "libelle": "2b rue Gustave-Zédé",
        "ensemble": "",
        "arrondissement": 16,
        "image_ref": 5869,
        "terme_jantzen_bat": [
          "fenetre",
          "porte-fer"
        ]
      }
    },
    {
      "type": "Feature",
      "geometry": {
        "type": "Point",
        "coordinates": [
          2.386528,
          48.868171
        ]
      },
      "properties": {
        "id_bat": 2025,
        "libelle": "2b rue Julien-Lacroix",
        "ensemble": "",
        "arrondissement": 20,
        "image_ref": 7460,
        "terme_jantzen_bat": [
          "façade",
          "voie"
        ]
      }
    },
    {
      "type": "Feature",
      "geometry": {
        "type": "Point",
        "coordinates": [
          2.323337,
          48.857846
        ]
      },
      "properties": {
        "id_bat": 2027,
        "libelle": "3  rue Saint-Dominique",
        "ensemble": "",
        "arrondissement": 7,
        "image_ref": 14102,
        "terme_jantzen_bat": [
          "lucarne",
          "toiture"
        ]
      }
    },
    {
      "type": "Feature",
      "geometry": {
        "type": "Point",
        "coordinates": [
          2.281859,
          48.870726
        ]
      },
      "properties": {
        "id_bat": 2028,
        "libelle": "3 à 15 rue Picot",
        "ensemble": "",
        "arrondissement": 16,
        "image_ref": 11624,
        "terme_jantzen_bat": [
          "façade"
        ]
      }
    },
    {
      "type": "Feature",
      "geometry": {
        "type": "Point",
        "coordinates": [
          2.285161,
          48.874978
        ]
      },
      "properties": {
        "id_bat": 2031,
        "libelle": "3 avenue Alphand",
        "ensemble": "",
        "arrondissement": 16,
        "image_ref": 233,
        "terme_jantzen_bat": [
          "chimère",
          "console",
          "fenetre",
          "sculpture"
        ]
      }
    },
    {
      "type": "Feature",
      "geometry": {
        "type": "Point",
        "coordinates": [
          2.300578,
          48.856723
        ]
      },
      "properties": {
        "id_bat": 2033,
        "libelle": "3 avenue Émile-Deschanel",
        "ensemble": "",
        "arrondissement": 7,
        "image_ref": 4065,
        "terme_jantzen_bat": [
          "décor",
          "fenetre",
          "loggia",
          "sculpture"
        ]
      }
    },
    {
      "type": "Feature",
      "geometry": {
        "type": "Point",
        "coordinates": [
          2.274323,
          48.857961
        ]
      },
      "properties": {
        "id_bat": 2035,
        "libelle": "3 avenue Mozart",
        "ensemble": "",
        "arrondissement": 16,
        "image_ref": 10073,
        "terme_jantzen_bat": [
          "décor",
          "façade",
          "fenetre",
          "lucarne",
          "oeil-de-boeuf",
          "oriel",
          "poignée-porte",
          "porte-fer",
          "porte-fer-hall",
          "sculpture",
          "tourelle"
        ]
      }
    },
    {
      "type": "Feature",
      "geometry": {
        "type": "Point",
        "coordinates": [
          2.323386,
          48.86931
        ]
      },
      "properties": {
        "id_bat": 2042,
        "libelle": "3 place de la Madeleine",
        "ensemble": "",
        "arrondissement": 8,
        "image_ref": 8925,
        "terme_jantzen_bat": [
          "fronton",
          "porte-bois",
          "sculpture"
        ]
      }
    },
    {
      "type": "Feature",
      "geometry": {
        "type": "Point",
        "coordinates": [
          2.370054,
          48.877505
        ]
      },
      "properties": {
        "id_bat": 2044,
        "libelle": "3 place du Colonel-Fabien",
        "ensemble": "",
        "arrondissement": 10,
        "image_ref": 2803,
        "terme_jantzen_bat": [
          "façade-d'angle",
          "fenetre",
          "lucarne",
          "toiture"
        ]
      }
    },
    {
      "type": "Feature",
      "geometry": {
        "type": "Point",
        "coordinates": [
          2.355058,
          48.845804
        ]
      },
      "properties": {
        "id_bat": 2045,
        "libelle": "3 place Jussieu",
        "ensemble": "",
        "arrondissement": 5,
        "image_ref": 7491,
        "terme_jantzen_bat": [
          "clé",
          "colonne",
          "décor",
          "façade",
          "fenetre",
          "garde-corps",
          "porte-bois",
          "sculpture"
        ]
      }
    },
    {
      "type": "Feature",
      "geometry": {
        "type": "Point",
        "coordinates": [
          2.393958,
          48.86494
        ]
      },
      "properties": {
        "id_bat": 2046,
        "libelle": "3 place Martin-Nadaud",
        "ensemble": "",
        "arrondissement": 20,
        "image_ref": 9300,
        "terme_jantzen_bat": [
          "décor",
          "fenetre"
        ]
      }
    },
    {
      "type": "Feature",
      "geometry": {
        "type": "Point",
        "coordinates": [
          2.328659,
          48.867056
        ]
      },
      "properties": {
        "id_bat": 2048,
        "libelle": "3 place Vendôme",
        "ensemble": "",
        "arrondissement": 1,
        "image_ref": 16041,
        "terme_jantzen_bat": [
          "façade",
          "fenetre",
          "lucarne",
          "oeil-de-boeuf"
        ]
      }
    },
    {
      "type": "Feature",
      "geometry": {
        "type": "Point",
        "coordinates": [
          2.349788,
          48.855142
        ]
      },
      "properties": {
        "id_bat": 2050,
        "libelle": "3 quai de la Corse - Pasquale Paoli",
        "ensemble": "",
        "arrondissement": 4,
        "image_ref": 3001,
        "terme_jantzen_bat": [
          "dome",
          "façade",
          "fenetre",
          "lucarne",
          "oeil-de-boeuf",
          "pilastre",
          "sculpture"
        ]
      }
    },
    {
      "type": "Feature",
      "geometry": {
        "type": "Point",
        "coordinates": [
          2.335985,
          48.85755
        ]
      },
      "properties": {
        "id_bat": 2051,
        "libelle": "3 quai Malaquais",
        "ensemble": "",
        "arrondissement": 6,
        "image_ref": 9027,
        "terme_jantzen_bat": [
          "console",
          "façade",
          "fenetre",
          "garde-corps",
          "lucarne",
          "métal"
        ]
      }
    },
    {
      "type": "Feature",
      "geometry": {
        "type": "Point",
        "coordinates": [
          2.271888,
          48.861162
        ]
      },
      "properties": {
        "id_bat": 2053,
        "libelle": "3 rue Alfred-Dehodencq",
        "ensemble": "",
        "arrondissement": 16,
        "image_ref": 202,
        "terme_jantzen_bat": [
          "balcon",
          "décor",
          "fenetre",
          "garde-corps",
          "porte-fer",
          "sculpture"
        ]
      }
    },
    {
      "type": "Feature",
      "geometry": {
        "type": "Point",
        "coordinates": [
          2.300184,
          48.873348
        ]
      },
      "properties": {
        "id_bat": 2056,
        "libelle": "3 rue Balzac",
        "ensemble": "",
        "arrondissement": 8,
        "image_ref": 798,
        "terme_jantzen_bat": [
          "dome",
          "lucarne"
        ]
      }
    },
    {
      "type": "Feature",
      "geometry": {
        "type": "Point",
        "coordinates": [
          2.318129,
          48.872076
        ]
      },
      "properties": {
        "id_bat": 2060,
        "libelle": "3 rue Cambacérès",
        "ensemble": "",
        "arrondissement": 8,
        "image_ref": 1855,
        "terme_jantzen_bat": [
          "façade",
          "fenetre",
          "garde-corps",
          "sculpture"
        ]
      }
    },
    {
      "type": "Feature",
      "geometry": {
        "type": "Point",
        "coordinates": [
          2.32954,
          48.890247
        ]
      },
      "properties": {
        "id_bat": 2061,
        "libelle": "3 rue Carpeaux",
        "ensemble": "",
        "arrondissement": 18,
        "image_ref": 2004,
        "terme_jantzen_bat": [
          "balcon",
          "décor",
          "fenetre",
          "sculpture"
        ]
      }
    },
    {
      "type": "Feature",
      "geometry": {
        "type": "Point",
        "coordinates": [
          2.337841,
          48.836795
        ]
      },
      "properties": {
        "id_bat": 2062,
        "libelle": "3 rue Cassini",
        "ensemble": "",
        "arrondissement": 14,
        "image_ref": 2013,
        "terme_jantzen_bat": [
          "fenetre",
          "porte-fer",
          "porte-fer-hall",
          "verrière"
        ]
      }
    },
    {
      "type": "Feature",
      "geometry": {
        "type": "Point",
        "coordinates": [
          2.306991,
          48.886238
        ]
      },
      "properties": {
        "id_bat": 2063,
        "libelle": "3 rue Cernuschi",
        "ensemble": "",
        "arrondissement": 17,
        "image_ref": 2161,
        "terme_jantzen_bat": [
          "brique",
          "façade",
          "fenetre",
          "oriel",
          "porte-bois"
        ]
      }
    },
    {
      "type": "Feature",
      "geometry": {
        "type": "Point",
        "coordinates": [
          2.342487,
          48.852682
        ]
      },
      "properties": {
        "id_bat": 2068,
        "libelle": "3 rue Danton",
        "ensemble": "",
        "arrondissement": 6,
        "image_ref": 3461,
        "terme_jantzen_bat": [
          "balcon",
          "brique",
          "clé",
          "colonne",
          "dome",
          "façade",
          "façade-d'angle",
          "fenetre",
          "fenetre-d'angle",
          "fronton",
          "lucarne-d'angle",
          "porte-fer"
        ]
      }
    },
    {
      "type": "Feature",
      "geometry": {
        "type": "Point",
        "coordinates": [
          2.337007,
          48.877742
        ]
      },
      "properties": {
        "id_bat": 2069,
        "libelle": "3 rue d'Aumale",
        "ensemble": "",
        "arrondissement": 9,
        "image_ref": 690,
        "terme_jantzen_bat": [
          "porte-bois"
        ]
      }
    },
    {
      "type": "Feature",
      "geometry": {
        "type": "Point",
        "coordinates": [
          2.398021,
          48.83562
        ]
      },
      "properties": {
        "id_bat": 2072,
        "libelle": "3 rue de Capri",
        "ensemble": "",
        "arrondissement": 12,
        "image_ref": 1928,
        "terme_jantzen_bat": [
          "porte-bois"
        ]
      }
    },
    {
      "type": "Feature",
      "geometry": {
        "type": "Point",
        "coordinates": [
          2.325504,
          48.882139
        ]
      },
      "properties": {
        "id_bat": 2074,
        "libelle": "3 rue de Florence",
        "ensemble": "",
        "arrondissement": 8,
        "image_ref": 4682,
        "terme_jantzen_bat": [
          "décor",
          "fenetre",
          "pilastre",
          "sculpture"
        ]
      }
    },
    {
      "type": "Feature",
      "geometry": {
        "type": "Point",
        "coordinates": [
          2.330452,
          48.868689
        ]
      },
      "properties": {
        "id_bat": 2077,
        "libelle": "3 rue de la Paix",
        "ensemble": "",
        "arrondissement": 2,
        "image_ref": 10988,
        "terme_jantzen_bat": [
          "cariatide",
          "façade",
          "fenetre",
          "porte-bois",
          "sculpture"
        ]
      }
    },
    {
      "type": "Feature",
      "geometry": {
        "type": "Point",
        "coordinates": [
          2.335529,
          48.853928
        ]
      },
      "properties": {
        "id_bat": 2078,
        "libelle": "3 rue de l'Abbaye",
        "ensemble": "",
        "arrondissement": 6,
        "image_ref": 3,
        "terme_jantzen_bat": [
          "brique",
          "façade",
          "fronton",
          "lucarne"
        ]
      }
    },
    {
      "type": "Feature",
      "geometry": {
        "type": "Point",
        "coordinates": [
          2.297067,
          48.874291
        ]
      },
      "properties": {
        "id_bat": 2084,
        "libelle": "3 rue de Tilsitt",
        "ensemble": "",
        "arrondissement": 8,
        "image_ref": 15220,
        "terme_jantzen_bat": [
          "décor",
          "façade",
          "fenetre",
          "lucarne",
          "pilastre",
          "sculpture"
        ]
      }
    },
    {
      "type": "Feature",
      "geometry": {
        "type": "Point",
        "coordinates": [
          2.290747,
          48.877826
        ]
      },
      "properties": {
        "id_bat": 2087,
        "libelle": "3 rue des Colonels-Renard",
        "ensemble": "",
        "arrondissement": 17,
        "image_ref": 2832,
        "terme_jantzen_bat": [
          "porte-fer-hall"
        ]
      }
    },
    {
      "type": "Feature",
      "geometry": {
        "type": "Point",
        "coordinates": [
          2.35227,
          48.847501
        ]
      },
      "properties": {
        "id_bat": 2088,
        "libelle": "3 rue des Écoles",
        "ensemble": "",
        "arrondissement": 5,
        "image_ref": 3973,
        "terme_jantzen_bat": [
          "décor",
          "façade",
          "fenetre",
          "garde-corps",
          "sculpture"
        ]
      }
    },
    {
      "type": "Feature",
      "geometry": {
        "type": "Point",
        "coordinates": [
          2.357829,
          48.86343
        ]
      },
      "properties": {
        "id_bat": 2092,
        "libelle": "3 rue des Gravilliers",
        "ensemble": "",
        "arrondissement": 3,
        "image_ref": 5674,
        "terme_jantzen_bat": [
          "oriel"
        ]
      }
    },
    {
      "type": "Feature",
      "geometry": {
        "type": "Point",
        "coordinates": [
          2.264731,
          48.848532
        ]
      },
      "properties": {
        "id_bat": 2096,
        "libelle": "3 rue Donizetti",
        "ensemble": "",
        "arrondissement": 16,
        "image_ref": 3801,
        "terme_jantzen_bat": [
          "porte-bois"
        ]
      }
    },
    {
      "type": "Feature",
      "geometry": {
        "type": "Point",
        "coordinates": [
          2.259142,
          48.843156
        ]
      },
      "properties": {
        "id_bat": 2099,
        "libelle": "3 rue du Général-Delestraint",
        "ensemble": "",
        "arrondissement": 16,
        "image_ref": 5195,
        "terme_jantzen_bat": [
          "fenetre",
          "garde-corps",
          "mosaique"
        ]
      }
    },
    {
      "type": "Feature",
      "geometry": {
        "type": "Point",
        "coordinates": [
          2.29623,
          48.83906
        ]
      },
      "properties": {
        "id_bat": 2104,
        "libelle": "3 rue Ferdinand-Fabre",
        "ensemble": "",
        "arrondissement": 15,
        "image_ref": 4514,
        "terme_jantzen_bat": [
          "brique",
          "céramique",
          "décor",
          "façade"
        ]
      }
    },
    {
      "type": "Feature",
      "geometry": {
        "type": "Point",
        "coordinates": [
          2.343907,
          48.889931
        ]
      },
      "properties": {
        "id_bat": 2111,
        "libelle": "3 rue Hermel",
        "ensemble": "",
        "arrondissement": 18,
        "image_ref": 6330,
        "terme_jantzen_bat": [
          "porte-fer-hall"
        ]
      }
    },
    {
      "type": "Feature",
      "geometry": {
        "type": "Point",
        "coordinates": [
          2.36953,
          48.828772
        ]
      },
      "properties": {
        "id_bat": 2113,
        "libelle": "3 rue Jeanne-d'Arc",
        "ensemble": "",
        "arrondissement": 13,
        "image_ref": 7262,
        "terme_jantzen_bat": [
          "brique",
          "porte-fer"
        ]
      }
    },
    {
      "type": "Feature",
      "geometry": {
        "type": "Point",
        "coordinates": [
          2.319045,
          48.874358
        ]
      },
      "properties": {
        "id_bat": 2115,
        "libelle": "3 rue La Boétie",
        "ensemble": "",
        "arrondissement": 8,
        "image_ref": 7569,
        "terme_jantzen_bat": [
          "balcon",
          "colonne",
          "façade-d'angle",
          "garde-corps",
          "sculpture"
        ]
      }
    },
    {
      "type": "Feature",
      "geometry": {
        "type": "Point",
        "coordinates": [
          2.267068,
          48.859098
        ]
      },
      "properties": {
        "id_bat": 2116,
        "libelle": "3 rue Louis-Boilly",
        "ensemble": "",
        "arrondissement": 16,
        "image_ref": 8486,
        "terme_jantzen_bat": [
          "console",
          "porte-fer",
          "porte-fer-hall",
          "sculpture"
        ]
      }
    },
    {
      "type": "Feature",
      "geometry": {
        "type": "Point",
        "coordinates": [
          2.331966,
          48.868306
        ]
      },
      "properties": {
        "id_bat": 2117,
        "libelle": "3 rue Louis-le-Grand",
        "ensemble": "",
        "arrondissement": 2,
        "image_ref": 8503,
        "terme_jantzen_bat": [
          "oeil-de-boeuf",
          "poignée-porte",
          "porte-bois"
        ]
      }
    },
    {
      "type": "Feature",
      "geometry": {
        "type": "Point",
        "coordinates": [
          2.273478,
          48.860299
        ]
      },
      "properties": {
        "id_bat": 2126,
        "libelle": "3 rue Verdi",
        "ensemble": "",
        "arrondissement": 16,
        "image_ref": 16050,
        "terme_jantzen_bat": [
          "colonne",
          "décor",
          "façade",
          "fenetre",
          "lucarne",
          "oriel",
          "sculpture",
          "toiture"
        ]
      }
    },
    {
      "type": "Feature",
      "geometry": {
        "type": "Point",
        "coordinates": [
          2.345982,
          48.892611
        ]
      },
      "properties": {
        "id_bat": 2128,
        "libelle": "3 square de Clignancourt",
        "ensemble": "",
        "arrondissement": 18,
        "image_ref": 2685,
        "terme_jantzen_bat": [
          "console",
          "façade",
          "fenetre",
          "garde-corps",
          "lucarne",
          "oeil-de-boeuf",
          "sculpture"
        ]
      }
    },
    {
      "type": "Feature",
      "geometry": {
        "type": "Point",
        "coordinates": [
          2.301244,
          48.858821
        ]
      },
      "properties": {
        "id_bat": 2132,
        "libelle": "3 square Rapp",
        "ensemble": "",
        "arrondissement": 7,
        "image_ref": 12313,
        "terme_jantzen_bat": [
          "balcon",
          "brique",
          "clé",
          "colonne",
          "console",
          "céramique",
          "décor",
          "façade",
          "fenetre",
          "garde-corps",
          "lucarne",
          "porte-bois",
          "porte-fer",
          "tourelle"
        ]
      }
    },
    {
      "type": "Feature",
      "geometry": {
        "type": "Point",
        "coordinates": [
          2.374706,
          48.847418
        ]
      },
      "properties": {
        "id_bat": 2135,
        "libelle": "30 avenue Daumesnil",
        "ensemble": "",
        "arrondissement": 12,
        "image_ref": 3566,
        "terme_jantzen_bat": [
          "balcon",
          "console",
          "décor",
          "façade",
          "fenetre",
          "lucarne",
          "porte-fer",
          "porte-fer-hall",
          "sculpture"
        ]
      }
    },
    {
      "type": "Feature",
      "geometry": {
        "type": "Point",
        "coordinates": [
          2.311639,
          48.877181
        ]
      },
      "properties": {
        "id_bat": 2136,
        "libelle": "30 avenue de Messine",
        "ensemble": "",
        "arrondissement": 8,
        "image_ref": 9551,
        "terme_jantzen_bat": [
          "cariatide",
          "fenetre",
          "porte-bois",
          "sculpture"
        ]
      }
    },
    {
      "type": "Feature",
      "geometry": {
        "type": "Point",
        "coordinates": [
          2.312452,
          48.882336
        ]
      },
      "properties": {
        "id_bat": 2138,
        "libelle": "30 avenue de Villiers",
        "ensemble": "",
        "arrondissement": 17,
        "image_ref": 16587,
        "terme_jantzen_bat": [
          "décor",
          "façade",
          "fenetre",
          "fronton",
          "lucarne",
          "porte-bois",
          "sculpture",
          "voie"
        ]
      }
    },
    {
      "type": "Feature",
      "geometry": {
        "type": "Point",
        "coordinates": [
          2.299597,
          48.867275
        ]
      },
      "properties": {
        "id_bat": 2140,
        "libelle": "30 avenue Marceau",
        "ensemble": "",
        "arrondissement": 8,
        "image_ref": 9150,
        "terme_jantzen_bat": [
          "balcon",
          "décor",
          "façade",
          "fenetre",
          "garde-corps",
          "lucarne",
          "marquise",
          "oeil-de-boeuf",
          "pignon",
          "porte-fer",
          "sculpture",
          "toiture",
          "verrière"
        ]
      }
    },
    {
      "type": "Feature",
      "geometry": {
        "type": "Point",
        "coordinates": [
          2.333832,
          48.855406
        ]
      },
      "properties": {
        "id_bat": 2145,
        "libelle": "30 rue Bonaparte",
        "ensemble": "",
        "arrondissement": 6,
        "image_ref": 1410,
        "terme_jantzen_bat": [
          "balcon",
          "façade-d'angle",
          "oeil-de-boeuf"
        ]
      }
    },
    {
      "type": "Feature",
      "geometry": {
        "type": "Point",
        "coordinates": [
          2.266625,
          48.847575
        ]
      },
      "properties": {
        "id_bat": 2146,
        "libelle": "30 rue d'Auteuil",
        "ensemble": "",
        "arrondissement": 16,
        "image_ref": 695,
        "terme_jantzen_bat": [
          "console",
          "fenetre-d'angle",
          "lucarne",
          "sculpture"
        ]
      }
    },
    {
      "type": "Feature",
      "geometry": {
        "type": "Point",
        "coordinates": [
          2.337854,
          48.849935
        ]
      },
      "properties": {
        "id_bat": 2148,
        "libelle": "30 rue de Condé",
        "ensemble": "",
        "arrondissement": 6,
        "image_ref": 2882,
        "terme_jantzen_bat": [
          "façade",
          "fenetre",
          "lucarne",
          "porte-bois"
        ]
      }
    },
    {
      "type": "Feature",
      "geometry": {
        "type": "Point",
        "coordinates": [
          2.306325,
          48.881538
        ]
      },
      "properties": {
        "id_bat": 2151,
        "libelle": "30 rue de Prony",
        "ensemble": "",
        "arrondissement": 17,
        "image_ref": 12087,
        "terme_jantzen_bat": [
          "colonne",
          "fenetre",
          "lucarne",
          "oeil-de-boeuf",
          "porte-fer"
        ]
      }
    },
    {
      "type": "Feature",
      "geometry": {
        "type": "Point",
        "coordinates": [
          2.293389,
          48.874897
        ]
      },
      "properties": {
        "id_bat": 2152,
        "libelle": "30 rue de Tilsitt",
        "ensemble": "",
        "arrondissement": 17,
        "image_ref": 15218,
        "terme_jantzen_bat": [
          "façade"
        ]
      }
    },
    {
      "type": "Feature",
      "geometry": {
        "type": "Point",
        "coordinates": [
          2.359977,
          48.858096
        ]
      },
      "properties": {
        "id_bat": 2153,
        "libelle": "30 rue des Francs-Bourgeois",
        "ensemble": "",
        "arrondissement": 3,
        "image_ref": 4936,
        "terme_jantzen_bat": [
          "console",
          "façade",
          "fronton",
          "lucarne",
          "oeil-de-boeuf",
          "porte-bois",
          "sculpture",
          "toiture"
        ]
      }
    },
    {
      "type": "Feature",
      "geometry": {
        "type": "Point",
        "coordinates": [
          2.348965,
          48.846299
        ]
      },
      "properties": {
        "id_bat": 2154,
        "libelle": "30 rue Descartes",
        "ensemble": "",
        "arrondissement": 5,
        "image_ref": 3717,
        "terme_jantzen_bat": [
          "clé",
          "lucarne",
          "sculpture"
        ]
      }
    },
    {
      "type": "Feature",
      "geometry": {
        "type": "Point",
        "coordinates": [
          2.294776,
          48.869031
        ]
      },
      "properties": {
        "id_bat": 2159,
        "libelle": "30 rue Galilée",
        "ensemble": "",
        "arrondissement": 16,
        "image_ref": 5073,
        "terme_jantzen_bat": [
          "cariatide",
          "porte-bois",
          "sculpture"
        ]
      }
    },
    {
      "type": "Feature",
      "geometry": {
        "type": "Point",
        "coordinates": [
          2.331714,
          48.865127
        ]
      },
      "properties": {
        "id_bat": 2163,
        "libelle": "306 rue Saint-Honoré",
        "ensemble": "",
        "arrondissement": 1,
        "image_ref": 14456,
        "terme_jantzen_bat": [
          "brique",
          "façade",
          "façade-d'angle",
          "fenetre",
          "lucarne-d'angle",
          "métal",
          "oriel",
          "toiture"
        ]
      }
    },
    {
      "type": "Feature",
      "geometry": {
        "type": "Point",
        "coordinates": [
          2.293343,
          48.874867
        ]
      },
      "properties": {
        "id_bat": 2165,
        "libelle": "30b rue de Tilsitt",
        "ensemble": "",
        "arrondissement": 17,
        "image_ref": 15219,
        "terme_jantzen_bat": [
          "lucarne",
          "sculpture"
        ]
      }
    },
    {
      "type": "Feature",
      "geometry": {
        "type": "Point",
        "coordinates": [
          2.375024,
          48.847265
        ]
      },
      "properties": {
        "id_bat": 2166,
        "libelle": "30t avenue Daumesnil",
        "ensemble": "",
        "arrondissement": 12,
        "image_ref": 3577,
        "terme_jantzen_bat": [
          "atlante",
          "balcon",
          "façade-d'angle",
          "fenetre",
          "fenetre-d'angle",
          "fronton",
          "lucarne",
          "lucarne-d'angle",
          "oeil-de-boeuf",
          "sculpture"
        ]
      }
    },
    {
      "type": "Feature",
      "geometry": {
        "type": "Point",
        "coordinates": [
          2.276107,
          48.849508
        ]
      },
      "properties": {
        "id_bat": 2171,
        "libelle": "31 avenue de Versailles",
        "ensemble": "",
        "arrondissement": 16,
        "image_ref": 16174,
        "terme_jantzen_bat": [
          "console",
          "céramique",
          "décor",
          "fenetre",
          "garde-corps",
          "métal",
          "oriel",
          "sculpture"
        ]
      }
    },
    {
      "type": "Feature",
      "geometry": {
        "type": "Point",
        "coordinates": [
          2.28924,
          48.841525
        ]
      },
      "properties": {
        "id_bat": 2172,
        "libelle": "31 avenue Félix-Faure",
        "ensemble": "",
        "arrondissement": 15,
        "image_ref": 4469,
        "terme_jantzen_bat": [
          "console",
          "décor",
          "fenetre",
          "lucarne",
          "porte-fer-hall",
          "sculpture"
        ]
      }
    },
    {
      "type": "Feature",
      "geometry": {
        "type": "Point",
        "coordinates": [
          2.287587,
          48.878783
        ]
      },
      "properties": {
        "id_bat": 2177,
        "libelle": "31 rue Brunel",
        "ensemble": "",
        "arrondissement": 17,
        "image_ref": 1766,
        "terme_jantzen_bat": [
          "balcon",
          "façade-d'angle",
          "fenetre",
          "fenetre-d'angle",
          "lucarne",
          "pignon",
          "poignée-porte",
          "porte-bois"
        ]
      }
    },
    {
      "type": "Feature",
      "geometry": {
        "type": "Point",
        "coordinates": [
          2.331479,
          48.838992
        ]
      },
      "properties": {
        "id_bat": 2178,
        "libelle": "31 rue Campagne-Première",
        "ensemble": "",
        "arrondissement": 14,
        "image_ref": 1878,
        "terme_jantzen_bat": [
          "balcon",
          "clé",
          "céramique",
          "décor",
          "fenetre",
          "garde-corps",
          "oeil-de-boeuf",
          "oriel",
          "pilastre",
          "porte-fer",
          "verrière"
        ]
      }
    },
    {
      "type": "Feature",
      "geometry": {
        "type": "Point",
        "coordinates": [
          2.360908,
          48.857548
        ]
      },
      "properties": {
        "id_bat": 2190,
        "libelle": "31 rue des Francs-Bourgeois",
        "ensemble": "",
        "arrondissement": 3,
        "image_ref": 4946,
        "terme_jantzen_bat": [
          "balcon",
          "clé",
          "façade",
          "fenetre",
          "fronton",
          "garde-corps",
          "oeil-de-boeuf",
          "poignée-porte",
          "porte-bois",
          "sculpture"
        ]
      }
    },
    {
      "type": "Feature",
      "geometry": {
        "type": "Point",
        "coordinates": [
          2.297673,
          48.853873
        ]
      },
      "properties": {
        "id_bat": 2200,
        "libelle": "32 avenue Charles-Floquet",
        "ensemble": "",
        "arrondissement": 7,
        "image_ref": 2362,
        "terme_jantzen_bat": [
          "lucarne"
        ]
      }
    },
    {
      "type": "Feature",
      "geometry": {
        "type": "Point",
        "coordinates": [
          2.333527,
          48.868327
        ]
      },
      "properties": {
        "id_bat": 2201,
        "libelle": "32 avenue de l'Opéra",
        "ensemble": "",
        "arrondissement": 2,
        "image_ref": 10611,
        "terme_jantzen_bat": [
          "cariatide",
          "console",
          "sculpture"
        ]
      }
    },
    {
      "type": "Feature",
      "geometry": {
        "type": "Point",
        "coordinates": [
          2.326236,
          48.852822
        ]
      },
      "properties": {
        "id_bat": 2209,
        "libelle": "32 boulevard Raspail",
        "ensemble": "",
        "arrondissement": 7,
        "image_ref": 12455,
        "terme_jantzen_bat": [
          "façade",
          "fenetre"
        ]
      }
    },
    {
      "type": "Feature",
      "geometry": {
        "type": "Point",
        "coordinates": [
          2.337538,
          48.878553
        ]
      },
      "properties": {
        "id_bat": 2211,
        "libelle": "32 place Saint-Georges",
        "ensemble": "",
        "arrondissement": 9,
        "image_ref": 14269,
        "terme_jantzen_bat": [
          "façade",
          "fenetre",
          "fronton",
          "lucarne"
        ]
      }
    },
    {
      "type": "Feature",
      "geometry": {
        "type": "Point",
        "coordinates": [
          2.306193,
          48.881594
        ]
      },
      "properties": {
        "id_bat": 2220,
        "libelle": "32 rue de Prony",
        "ensemble": "",
        "arrondissement": 17,
        "image_ref": 12093,
        "terme_jantzen_bat": [
          "lucarne"
        ]
      }
    },
    {
      "type": "Feature",
      "geometry": {
        "type": "Point",
        "coordinates": [
          2.281674,
          48.84362
        ]
      },
      "properties": {
        "id_bat": 2221,
        "libelle": "32 rue des Bergers",
        "ensemble": "",
        "arrondissement": 15,
        "image_ref": 1183,
        "terme_jantzen_bat": [
          "brique",
          "céramique",
          "décor",
          "façade",
          "fenetre"
        ]
      }
    },
    {
      "type": "Feature",
      "geometry": {
        "type": "Point",
        "coordinates": [
          2.292465,
          48.852513
        ]
      },
      "properties": {
        "id_bat": 2223,
        "libelle": "32 rue Desaix",
        "ensemble": "",
        "arrondissement": 15,
        "image_ref": 3701,
        "terme_jantzen_bat": [
          "lucarne"
        ]
      }
    },
    {
      "type": "Feature",
      "geometry": {
        "type": "Point",
        "coordinates": [
          2.35037,
          48.873008
        ]
      },
      "properties": {
        "id_bat": 2224,
        "libelle": "32 rue d'Hauteville",
        "ensemble": "",
        "arrondissement": 10,
        "image_ref": 6210,
        "terme_jantzen_bat": [
          "lucarne",
          "oeil-de-boeuf"
        ]
      }
    },
    {
      "type": "Feature",
      "geometry": {
        "type": "Point",
        "coordinates": [
          2.346373,
          48.864607
        ]
      },
      "properties": {
        "id_bat": 2225,
        "libelle": "32 rue Étienne-Marcel",
        "ensemble": "",
        "arrondissement": 2,
        "image_ref": 4175,
        "terme_jantzen_bat": [
          "façade"
        ]
      }
    },
    {
      "type": "Feature",
      "geometry": {
        "type": "Point",
        "coordinates": [
          2.326272,
          48.834328
        ]
      },
      "properties": {
        "id_bat": 2226,
        "libelle": "32 rue Gassendi",
        "ensemble": "",
        "arrondissement": 14,
        "image_ref": 5142,
        "terme_jantzen_bat": [
          "fenetre-d'angle",
          "sculpture"
        ]
      }
    },
    {
      "type": "Feature",
      "geometry": {
        "type": "Point",
        "coordinates": [
          2.345544,
          48.828073
        ]
      },
      "properties": {
        "id_bat": 2232,
        "libelle": "32 rue Vergniaud",
        "ensemble": "",
        "arrondissement": 13,
        "image_ref": 16055,
        "terme_jantzen_bat": [
          "console",
          "façade-d'angle",
          "fenetre-d'angle",
          "lucarne",
          "pignon",
          "sculpture",
          "toiture"
        ]
      }
    },
    {
      "type": "Feature",
      "geometry": {
        "type": "Point",
        "coordinates": [
          2.331258,
          48.86535
        ]
      },
      "properties": {
        "id_bat": 2234,
        "libelle": "320 rue Saint-Honoré",
        "ensemble": "",
        "arrondissement": 1,
        "image_ref": 14462,
        "terme_jantzen_bat": [
          "clé",
          "façade",
          "fenetre",
          "garde-corps"
        ]
      }
    },
    {
      "type": "Feature",
      "geometry": {
        "type": "Point",
        "coordinates": [
          2.390626,
          48.87307
        ]
      },
      "properties": {
        "id_bat": 2237,
        "libelle": "326 rue des Pyrénées",
        "ensemble": "",
        "arrondissement": 20,
        "image_ref": 12165,
        "terme_jantzen_bat": [
          "console",
          "fenetre",
          "sculpture"
        ]
      }
    },
    {
      "type": "Feature",
      "geometry": {
        "type": "Point",
        "coordinates": [
          2.390526,
          48.873145
        ]
      },
      "properties": {
        "id_bat": 2239,
        "libelle": "328 rue des Pyrénées",
        "ensemble": "",
        "arrondissement": 20,
        "image_ref": 12167,
        "terme_jantzen_bat": [
          "console",
          "porte-fer-hall",
          "sculpture"
        ]
      }
    },
    {
      "type": "Feature",
      "geometry": {
        "type": "Point",
        "coordinates": [
          2.333311,
          48.867775
        ]
      },
      "properties": {
        "id_bat": 2243,
        "libelle": "33 avenue de l'Opéra",
        "ensemble": "",
        "arrondissement": 2,
        "image_ref": 10612,
        "terme_jantzen_bat": [
          "fenetre",
          "porte-bois"
        ]
      }
    },
    {
      "type": "Feature",
      "geometry": {
        "type": "Point",
        "coordinates": [
          2.292145,
          48.869385
        ]
      },
      "properties": {
        "id_bat": 2245,
        "libelle": "33 avenue Kléber",
        "ensemble": "",
        "arrondissement": 16,
        "image_ref": 7501,
        "terme_jantzen_bat": [
          "décor",
          "fenetre",
          "lucarne",
          "oeil-de-boeuf",
          "porte-bois"
        ]
      }
    },
    {
      "type": "Feature",
      "geometry": {
        "type": "Point",
        "coordinates": [
          2.300807,
          48.858858
        ]
      },
      "properties": {
        "id_bat": 2247,
        "libelle": "33 avenue Rapp",
        "ensemble": "",
        "arrondissement": 7,
        "image_ref": 12291,
        "terme_jantzen_bat": [
          "balcon",
          "console",
          "décor",
          "façade",
          "fenetre",
          "garde-corps",
          "sculpture"
        ]
      }
    },
    {
      "type": "Feature",
      "geometry": {
        "type": "Point",
        "coordinates": [
          2.303772,
          48.855911
        ]
      },
      "properties": {
        "id_bat": 2253,
        "libelle": "33 rue du Champ-de-Mars",
        "ensemble": "",
        "arrondissement": 7,
        "image_ref": 2181,
        "terme_jantzen_bat": [
          "décor",
          "façade",
          "fenetre",
          "lucarne",
          "marquise",
          "porte-bois",
          "porte-fer",
          "sculpture"
        ]
      }
    },
    {
      "type": "Feature",
      "geometry": {
        "type": "Point",
        "coordinates": [
          2.323923,
          48.890669
        ]
      },
      "properties": {
        "id_bat": 2254,
        "libelle": "33 rue du Docteur-Heulin",
        "ensemble": "",
        "arrondissement": 17,
        "image_ref": 3844,
        "terme_jantzen_bat": [
          "fenetre",
          "porte-bois"
        ]
      }
    },
    {
      "type": "Feature",
      "geometry": {
        "type": "Point",
        "coordinates": [
          2.339767,
          48.891068
        ]
      },
      "properties": {
        "id_bat": 2256,
        "libelle": "33 rue Francœur",
        "ensemble": "",
        "arrondissement": 18,
        "image_ref": 4804,
        "terme_jantzen_bat": [
          "brique",
          "décor",
          "façade",
          "façade-d'angle",
          "fenetre"
        ]
      }
    },
    {
      "type": "Feature",
      "geometry": {
        "type": "Point",
        "coordinates": [
          2.389275,
          48.873847
        ]
      },
      "properties": {
        "id_bat": 2264,
        "libelle": "336 rue des Pyrénées",
        "ensemble": "",
        "arrondissement": 20,
        "image_ref": 12170,
        "terme_jantzen_bat": [
          "céramique",
          "façade-d'angle",
          "fenetre",
          "oriel"
        ]
      }
    },
    {
      "type": "Feature",
      "geometry": {
        "type": "Point",
        "coordinates": [
          2.336313,
          48.837964
        ]
      },
      "properties": {
        "id_bat": 2265,
        "libelle": "34 avenue de l'Observatoire",
        "ensemble": "",
        "arrondissement": 14,
        "image_ref": 10499,
        "terme_jantzen_bat": [
          "dome",
          "lucarne-d'angle"
        ]
      }
    },
    {
      "type": "Feature",
      "geometry": {
        "type": "Point",
        "coordinates": [
          2.297546,
          48.876835
        ]
      },
      "properties": {
        "id_bat": 2267,
        "libelle": "34 avenue de Wagram",
        "ensemble": "",
        "arrondissement": 8,
        "image_ref": 17029,
        "terme_jantzen_bat": [
          "balcon",
          "brique",
          "clé",
          "céramique",
          "décor",
          "façade",
          "fenetre",
          "garde-corps",
          "lucarne",
          "porte-fer",
          "toiture"
        ]
      }
    },
    {
      "type": "Feature",
      "geometry": {
        "type": "Point",
        "coordinates": [
          2.377749,
          48.850699
        ]
      },
      "properties": {
        "id_bat": 2273,
        "libelle": "34 rue Charles-Baudelaire",
        "ensemble": "",
        "arrondissement": 12,
        "image_ref": 2340,
        "terme_jantzen_bat": [
          "lucarne-d'angle",
          "porte-fer-hall"
        ]
      }
    },
    {
      "type": "Feature",
      "geometry": {
        "type": "Point",
        "coordinates": [
          2.380104,
          48.872827
        ]
      },
      "properties": {
        "id_bat": 2274,
        "libelle": "34 rue de Belleville",
        "ensemble": "",
        "arrondissement": 20,
        "image_ref": 1114,
        "terme_jantzen_bat": [
          "façade",
          "lucarne"
        ]
      }
    },
    {
      "type": "Feature",
      "geometry": {
        "type": "Point",
        "coordinates": [
          2.348449,
          48.848044
        ]
      },
      "properties": {
        "id_bat": 2275,
        "libelle": "34 rue de la Montagne-Sainte-Geneviève",
        "ensemble": "",
        "arrondissement": 5,
        "image_ref": 9810,
        "terme_jantzen_bat": [
          "console",
          "façade",
          "fenetre",
          "porte",
          "porte-bois"
        ]
      }
    },
    {
      "type": "Feature",
      "geometry": {
        "type": "Point",
        "coordinates": [
          2.324221,
          48.872924
        ]
      },
      "properties": {
        "id_bat": 2278,
        "libelle": "34 rue de l'Arcade",
        "ensemble": "",
        "arrondissement": 8,
        "image_ref": 504,
        "terme_jantzen_bat": [
          "balcon",
          "console",
          "façade",
          "fenetre",
          "garde-corps",
          "poignée-porte",
          "porte-bois",
          "sculpture"
        ]
      }
    },
    {
      "type": "Feature",
      "geometry": {
        "type": "Point",
        "coordinates": [
          2.336735,
          48.874248
        ]
      },
      "properties": {
        "id_bat": 2280,
        "libelle": "34 rue de Provence",
        "ensemble": "",
        "arrondissement": 9,
        "image_ref": 12138,
        "terme_jantzen_bat": [
          "porte-bois"
        ]
      }
    },
    {
      "type": "Feature",
      "geometry": {
        "type": "Point",
        "coordinates": [
          2.339342,
          48.886207
        ]
      },
      "properties": {
        "id_bat": 2287,
        "libelle": "34 rue Gabrielle",
        "ensemble": "",
        "arrondissement": 8,
        "image_ref": 5034,
        "terme_jantzen_bat": [
          "fenetre"
        ]
      }
    },
    {
      "type": "Feature",
      "geometry": {
        "type": "Point",
        "coordinates": [
          2.325564,
          48.848543
        ]
      },
      "properties": {
        "id_bat": 2291,
        "libelle": "34 rue Saint-Placide",
        "ensemble": "",
        "arrondissement": 6,
        "image_ref": 14859,
        "terme_jantzen_bat": [
          "balcon",
          "console",
          "garde-corps",
          "sculpture"
        ]
      }
    },
    {
      "type": "Feature",
      "geometry": {
        "type": "Point",
        "coordinates": [
          2.278978,
          48.844285
        ]
      },
      "properties": {
        "id_bat": 2292,
        "libelle": "34 rue Sébastien-Mercier",
        "ensemble": "",
        "arrondissement": 15,
        "image_ref": 13453,
        "terme_jantzen_bat": [
          "brique",
          "céramique",
          "décor",
          "fenetre",
          "lucarne"
        ]
      }
    },
    {
      "type": "Feature",
      "geometry": {
        "type": "Point",
        "coordinates": [
          2.388191,
          48.873897
        ]
      },
      "properties": {
        "id_bat": 2295,
        "libelle": "346b rue des Pyrénées",
        "ensemble": "",
        "arrondissement": 20,
        "image_ref": 12173,
        "terme_jantzen_bat": [
          "céramique",
          "oriel"
        ]
      }
    },
    {
      "type": "Feature",
      "geometry": {
        "type": "Point",
        "coordinates": [
          2.387752,
          48.873918
        ]
      },
      "properties": {
        "id_bat": 2296,
        "libelle": "348 rue des Pyrénées",
        "ensemble": "",
        "arrondissement": 20,
        "image_ref": 12175,
        "terme_jantzen_bat": [
          "clé",
          "décor",
          "fenetre",
          "porte-bois"
        ]
      }
    },
    {
      "type": "Feature",
      "geometry": {
        "type": "Point",
        "coordinates": [
          2.342358,
          48.854597
        ]
      },
      "properties": {
        "id_bat": 2301,
        "libelle": "35 quai des Grands-Augustins",
        "ensemble": "",
        "arrondissement": 6,
        "image_ref": 5633,
        "terme_jantzen_bat": [
          "décor",
          "façade",
          "fenetre",
          "garde-corps",
          "lucarne",
          "sculpture",
          "toiture"
        ]
      }
    },
    {
      "type": "Feature",
      "geometry": {
        "type": "Point",
        "coordinates": [
          2.296627,
          48.837554
        ]
      },
      "properties": {
        "id_bat": 2302,
        "libelle": "35 rue Alain-Chartier",
        "ensemble": "",
        "arrondissement": 15,
        "image_ref": 138,
        "terme_jantzen_bat": [
          "balcon",
          "console",
          "dome",
          "décor",
          "façade-d'angle",
          "lucarne-d'angle",
          "sculpture"
        ]
      }
    },
    {
      "type": "Feature",
      "geometry": {
        "type": "Point",
        "coordinates": [
          2.353682,
          48.861889
        ]
      },
      "properties": {
        "id_bat": 2303,
        "libelle": "35 rue Beaubourg",
        "ensemble": "",
        "arrondissement": 3,
        "image_ref": 907,
        "terme_jantzen_bat": [
          "balcon",
          "dome",
          "façade",
          "façade-d'angle",
          "fenetre",
          "fenetre-d'angle",
          "garde-corps",
          "lucarne",
          "lucarne-d'angle",
          "oeil-de-boeuf",
          "porte-fer",
          "toiture"
        ]
      }
    },
    {
      "type": "Feature",
      "geometry": {
        "type": "Point",
        "coordinates": [
          2.3488,
          48.869865
        ]
      },
      "properties": {
        "id_bat": 2307,
        "libelle": "35 rue de la Lune",
        "ensemble": "",
        "arrondissement": 2,
        "image_ref": 8854,
        "terme_jantzen_bat": [
          "porte-fer"
        ]
      }
    },
    {
      "type": "Feature",
      "geometry": {
        "type": "Point",
        "coordinates": [
          2.347015,
          48.839635
        ]
      },
      "properties": {
        "id_bat": 2308,
        "libelle": "35 rue de l'Arbalète",
        "ensemble": "",
        "arrondissement": 5,
        "image_ref": 496,
        "terme_jantzen_bat": [
          "façade",
          "fenetre",
          "oriel",
          "porte-fer"
        ]
      }
    },
    {
      "type": "Feature",
      "geometry": {
        "type": "Point",
        "coordinates": [
          2.292529,
          48.835459
        ]
      },
      "properties": {
        "id_bat": 2318,
        "libelle": "358 rue de Vaugirard",
        "ensemble": "",
        "arrondissement": 15,
        "image_ref": 15909,
        "terme_jantzen_bat": [
          "fenetre",
          "lucarne"
        ]
      }
    },
    {
      "type": "Feature",
      "geometry": {
        "type": "Point",
        "coordinates": [
          2.281636,
          48.863765
        ]
      },
      "properties": {
        "id_bat": 2321,
        "libelle": "36 avenue Georges-Mandel",
        "ensemble": "",
        "arrondissement": 16,
        "image_ref": 5316,
        "terme_jantzen_bat": [
          "console",
          "lucarne",
          "sculpture"
        ]
      }
    },
    {
      "type": "Feature",
      "geometry": {
        "type": "Point",
        "coordinates": [
          2.334438,
          48.828227
        ]
      },
      "properties": {
        "id_bat": 2324,
        "libelle": "36 avenue René-Coty",
        "ensemble": "",
        "arrondissement": 14,
        "image_ref": 12863,
        "terme_jantzen_bat": [
          "porte-fer"
        ]
      }
    },
    {
      "type": "Feature",
      "geometry": {
        "type": "Point",
        "coordinates": [
          2.326279,
          48.852673
        ]
      },
      "properties": {
        "id_bat": 2325,
        "libelle": "36 boulevard Raspail",
        "ensemble": "",
        "arrondissement": 7,
        "image_ref": 12458,
        "terme_jantzen_bat": [
          "balcon",
          "fenetre",
          "lucarne",
          "porte-fer"
        ]
      }
    },
    {
      "type": "Feature",
      "geometry": {
        "type": "Point",
        "coordinates": [
          2.364503,
          48.871583
        ]
      },
      "properties": {
        "id_bat": 2329,
        "libelle": "36 rue Beaurepaire",
        "ensemble": "",
        "arrondissement": 10,
        "image_ref": 1064,
        "terme_jantzen_bat": [
          "façade"
        ]
      }
    },
    {
      "type": "Feature",
      "geometry": {
        "type": "Point",
        "coordinates": [
          2.322633,
          48.858084
        ]
      },
      "properties": {
        "id_bat": 2330,
        "libelle": "36 rue de Bellechasse",
        "ensemble": "",
        "arrondissement": 7,
        "image_ref": 1091,
        "terme_jantzen_bat": [
          "fenetre"
        ]
      }
    },
    {
      "type": "Feature",
      "geometry": {
        "type": "Point",
        "coordinates": [
          2.292196,
          48.852293
        ]
      },
      "properties": {
        "id_bat": 2333,
        "libelle": "36 rue Desaix",
        "ensemble": "",
        "arrondissement": 15,
        "image_ref": 3703,
        "terme_jantzen_bat": [
          "brique",
          "façade",
          "fenetre"
        ]
      }
    },
    {
      "type": "Feature",
      "geometry": {
        "type": "Point",
        "coordinates": [
          2.29588,
          48.847209
        ]
      },
      "properties": {
        "id_bat": 2335,
        "libelle": "36 rue du Commerce",
        "ensemble": "",
        "arrondissement": 15,
        "image_ref": 2852,
        "terme_jantzen_bat": [
          "fenetre",
          "fenetre-d'angle",
          "lucarne",
          "porte-fer",
          "sculpture"
        ]
      }
    },
    {
      "type": "Feature",
      "geometry": {
        "type": "Point",
        "coordinates": [
          2.355989,
          48.841491
        ]
      },
      "properties": {
        "id_bat": 2336,
        "libelle": "36 rue Geoffroy-Saint-Hilaire",
        "ensemble": "",
        "arrondissement": 5,
        "image_ref": 5245,
        "terme_jantzen_bat": [
          "colonne",
          "façade",
          "fenetre",
          "loggia",
          "lucarne",
          "porte-bois",
          "toiture"
        ]
      }
    },
    {
      "type": "Feature",
      "geometry": {
        "type": "Point",
        "coordinates": [
          2.333511,
          48.879639
        ]
      },
      "properties": {
        "id_bat": 2339,
        "libelle": "36 rue La Bruyère",
        "ensemble": "",
        "arrondissement": 9,
        "image_ref": 7612,
        "terme_jantzen_bat": [
          "balcon",
          "fenetre"
        ]
      }
    },
    {
      "type": "Feature",
      "geometry": {
        "type": "Point",
        "coordinates": [
          2.308097,
          48.839295
        ]
      },
      "properties": {
        "id_bat": 2340,
        "libelle": "36 rue Mathurin-Régnier",
        "ensemble": "",
        "arrondissement": 15,
        "image_ref": 9314,
        "terme_jantzen_bat": [
          "balcon",
          "brique",
          "façade-d'angle"
        ]
      }
    },
    {
      "type": "Feature",
      "geometry": {
        "type": "Point",
        "coordinates": [
          2.348464,
          48.860307
        ]
      },
      "properties": {
        "id_bat": 2342,
        "libelle": "36 rue Saint-Denis",
        "ensemble": "",
        "arrondissement": 1,
        "image_ref": 14027,
        "terme_jantzen_bat": [
          "fenetre"
        ]
      }
    },
    {
      "type": "Feature",
      "geometry": {
        "type": "Point",
        "coordinates": [
          2.325624,
          48.848447
        ]
      },
      "properties": {
        "id_bat": 2344,
        "libelle": "36 rue Saint-Placide",
        "ensemble": "",
        "arrondissement": 6,
        "image_ref": 14861,
        "terme_jantzen_bat": [
          "balcon",
          "clé",
          "façade",
          "garde-corps",
          "porte-bois"
        ]
      }
    },
    {
      "type": "Feature",
      "geometry": {
        "type": "Point",
        "coordinates": [
          2.289187,
          48.864955
        ]
      },
      "properties": {
        "id_bat": 2361,
        "libelle": "37 rue de Longchamp",
        "ensemble": "",
        "arrondissement": 16,
        "image_ref": 8443,
        "terme_jantzen_bat": [
          "fenetre",
          "fenetre-d'angle",
          "métal",
          "oriel",
          "pignon"
        ]
      }
    },
    {
      "type": "Feature",
      "geometry": {
        "type": "Point",
        "coordinates": [
          2.389472,
          48.844368
        ]
      },
      "properties": {
        "id_bat": 2370,
        "libelle": "37 rue Montgallet",
        "ensemble": "",
        "arrondissement": 12,
        "image_ref": 9877,
        "terme_jantzen_bat": [
          "brique",
          "métal",
          "oriel"
        ]
      }
    },
    {
      "type": "Feature",
      "geometry": {
        "type": "Point",
        "coordinates": [
          2.289768,
          48.863841
        ]
      },
      "properties": {
        "id_bat": 2375,
        "libelle": "38 avenue du Président-Wilson",
        "ensemble": "",
        "arrondissement": 16,
        "image_ref": 12034,
        "terme_jantzen_bat": [
          "console",
          "fenetre",
          "sculpture"
        ]
      }
    },
    {
      "type": "Feature",
      "geometry": {
        "type": "Point",
        "coordinates": [
          2.328316,
          48.833256
        ]
      },
      "properties": {
        "id_bat": 2380,
        "libelle": "38 rue Boulard",
        "ensemble": "",
        "arrondissement": 14,
        "image_ref": 1483,
        "terme_jantzen_bat": [
          "fenetre"
        ]
      }
    },
    {
      "type": "Feature",
      "geometry": {
        "type": "Point",
        "coordinates": [
          2.290193,
          48.848296
        ]
      },
      "properties": {
        "id_bat": 2384,
        "libelle": "38 rue de Lourmel",
        "ensemble": "",
        "arrondissement": 15,
        "image_ref": 8516,
        "terme_jantzen_bat": [
          "brique",
          "décor",
          "façade-d'angle",
          "fenetre-d'angle",
          "lucarne-d'angle"
        ]
      }
    },
    {
      "type": "Feature",
      "geometry": {
        "type": "Point",
        "coordinates": [
          2.335305,
          48.867196
        ]
      },
      "properties": {
        "id_bat": 2390,
        "libelle": "38 rue des Petits-Champs",
        "ensemble": "",
        "arrondissement": 2,
        "image_ref": 11561,
        "terme_jantzen_bat": [
          "chimère",
          "décor",
          "fenetre",
          "sculpture"
        ]
      }
    },
    {
      "type": "Feature",
      "geometry": {
        "type": "Point",
        "coordinates": [
          2.356913,
          48.855668
        ]
      },
      "properties": {
        "id_bat": 2392,
        "libelle": "38 rue François-Miron",
        "ensemble": "",
        "arrondissement": 4,
        "image_ref": 4868,
        "terme_jantzen_bat": [
          "clé",
          "façade",
          "fenetre",
          "porte-bois",
          "sculpture"
        ]
      }
    },
    {
      "type": "Feature",
      "geometry": {
        "type": "Point",
        "coordinates": [
          2.311176,
          48.859363
        ]
      },
      "properties": {
        "id_bat": 2403,
        "libelle": "38B rue Fabert",
        "ensemble": "",
        "arrondissement": 7,
        "image_ref": 4325,
        "terme_jantzen_bat": [
          "balcon",
          "décor",
          "façade",
          "fenetre",
          "garde-corps",
          "lucarne",
          "porte-bois",
          "sculpture"
        ]
      }
    },
    {
      "type": "Feature",
      "geometry": {
        "type": "Point",
        "coordinates": [
          2.370127,
          48.877408
        ]
      },
      "properties": {
        "id_bat": 2406,
        "libelle": "39 avenue Claude-Vellefaux",
        "ensemble": "",
        "arrondissement": 10,
        "image_ref": 2581,
        "terme_jantzen_bat": [
          "décor",
          "fenetre",
          "porte-fer",
          "sculpture"
        ]
      }
    },
    {
      "type": "Feature",
      "geometry": {
        "type": "Point",
        "coordinates": [
          2.379702,
          48.884555
        ]
      },
      "properties": {
        "id_bat": 2407,
        "libelle": "39 avenue de Laumière",
        "ensemble": "",
        "arrondissement": 19,
        "image_ref": 8113,
        "terme_jantzen_bat": [
          "clé",
          "console",
          "dome",
          "façade-d'angle",
          "fenetre",
          "fenetre-d'angle",
          "lucarne",
          "oeil-de-boeuf",
          "pilastre",
          "porte",
          "porte-fer",
          "sculpture"
        ]
      }
    },
    {
      "type": "Feature",
      "geometry": {
        "type": "Point",
        "coordinates": [
          2.368091,
          48.856393
        ]
      },
      "properties": {
        "id_bat": 2411,
        "libelle": "39 boulevard Beaumarchais",
        "ensemble": "",
        "arrondissement": 3,
        "image_ref": 1004,
        "terme_jantzen_bat": [
          "console",
          "façade",
          "fenetre",
          "lucarne",
          "porte-bois",
          "sculpture"
        ]
      }
    },
    {
      "type": "Feature",
      "geometry": {
        "type": "Point",
        "coordinates": [
          2.291632,
          48.851983
        ]
      },
      "properties": {
        "id_bat": 2412,
        "libelle": "39 boulevard de Grenelle",
        "ensemble": "",
        "arrondissement": 15,
        "image_ref": 5793,
        "terme_jantzen_bat": [
          "façade-d'angle",
          "fenetre-d'angle",
          "fronton",
          "lucarne"
        ]
      }
    },
    {
      "type": "Feature",
      "geometry": {
        "type": "Point",
        "coordinates": [
          2.263015,
          48.84151
        ]
      },
      "properties": {
        "id_bat": 2414,
        "libelle": "39 boulevard Exelmans",
        "ensemble": "",
        "arrondissement": 16,
        "image_ref": 4310,
        "terme_jantzen_bat": [
          "façade",
          "porte",
          "verrière"
        ]
      }
    },
    {
      "type": "Feature",
      "geometry": {
        "type": "Point",
        "coordinates": [
          2.291196,
          48.831673
        ]
      },
      "properties": {
        "id_bat": 2415,
        "libelle": "39 boulevard Lefebvre",
        "ensemble": "",
        "arrondissement": 15,
        "image_ref": 8250,
        "terme_jantzen_bat": [
          "fenetre",
          "lucarne",
          "porte-fer"
        ]
      }
    },
    {
      "type": "Feature",
      "geometry": {
        "type": "Point",
        "coordinates": [
          2.353809,
          48.862124
        ]
      },
      "properties": {
        "id_bat": 2416,
        "libelle": "39 rue Beaubourg",
        "ensemble": "",
        "arrondissement": 3,
        "image_ref": 933,
        "terme_jantzen_bat": [
          "console",
          "décor",
          "façade-d'angle",
          "fenetre-d'angle"
        ]
      }
    },
    {
      "type": "Feature",
      "geometry": {
        "type": "Point",
        "coordinates": [
          2.332554,
          48.838597
        ]
      },
      "properties": {
        "id_bat": 2417,
        "libelle": "39 rue Boissonade",
        "ensemble": "",
        "arrondissement": 14,
        "image_ref": 1405,
        "terme_jantzen_bat": [
          "brique",
          "décor",
          "façade",
          "fenetre",
          "lucarne",
          "verrière"
        ]
      }
    },
    {
      "type": "Feature",
      "geometry": {
        "type": "Point",
        "coordinates": [
          2.340317,
          48.864808
        ]
      },
      "properties": {
        "id_bat": 2418,
        "libelle": "39 rue Croix-des-Petits-Champs",
        "ensemble": "",
        "arrondissement": 1,
        "image_ref": 3347,
        "terme_jantzen_bat": [
          "façade"
        ]
      }
    },
    {
      "type": "Feature",
      "geometry": {
        "type": "Point",
        "coordinates": [
          2.336677,
          48.865711
        ]
      },
      "properties": {
        "id_bat": 2420,
        "libelle": "39 rue de Richelieu",
        "ensemble": "",
        "arrondissement": 1,
        "image_ref": 13019,
        "terme_jantzen_bat": [
          "façade",
          "fenetre",
          "oeil-de-boeuf",
          "porte-bois",
          "sculpture"
        ]
      }
    },
    {
      "type": "Feature",
      "geometry": {
        "type": "Point",
        "coordinates": [
          2.316577,
          48.88487
        ]
      },
      "properties": {
        "id_bat": 2421,
        "libelle": "39 rue Dulong",
        "ensemble": "",
        "arrondissement": 17,
        "image_ref": 3889,
        "terme_jantzen_bat": [
          "fenetre",
          "garde-corps",
          "mosaique",
          "oriel"
        ]
      }
    },
    {
      "type": "Feature",
      "geometry": {
        "type": "Point",
        "coordinates": [
          2.354438,
          48.865717
        ]
      },
      "properties": {
        "id_bat": 2427,
        "libelle": "39 rue Réaumur",
        "ensemble": "",
        "arrondissement": 3,
        "image_ref": 12736,
        "terme_jantzen_bat": [
          "atlante",
          "colonne",
          "console",
          "décor",
          "façade",
          "loggia",
          "sculpture"
        ]
      }
    },
    {
      "type": "Feature",
      "geometry": {
        "type": "Point",
        "coordinates": [
          2.36927,
          48.85789
        ]
      },
      "properties": {
        "id_bat": 2428,
        "libelle": "39 rue Saint-Sabin",
        "ensemble": "",
        "arrondissement": 11,
        "image_ref": 14886,
        "terme_jantzen_bat": [
          "balcon",
          "décor",
          "fenetre"
        ]
      }
    },
    {
      "type": "Feature",
      "geometry": {
        "type": "Point",
        "coordinates": [
          2.282084,
          48.86195
        ]
      },
      "properties": {
        "id_bat": 2429,
        "libelle": "39 rue Scheffer",
        "ensemble": "",
        "arrondissement": 16,
        "image_ref": 13404,
        "terme_jantzen_bat": [
          "brique",
          "colonne",
          "décor",
          "façade-d'angle",
          "fenetre",
          "fenetre-d'angle",
          "garde-corps",
          "loggia",
          "lucarne",
          "mosaique",
          "porte-fer-hall",
          "sculpture"
        ]
      }
    },
    {
      "type": "Feature",
      "geometry": {
        "type": "Point",
        "coordinates": [
          2.337727,
          48.836835
        ]
      },
      "properties": {
        "id_bat": 2432,
        "libelle": "3b à 7 rue Cassini",
        "ensemble": "",
        "arrondissement": 14,
        "image_ref": 2021,
        "terme_jantzen_bat": [
          "brique",
          "façade",
          "fenetre",
          "verrière",
          "voie"
        ]
      }
    },
    {
      "type": "Feature",
      "geometry": {
        "type": "Point",
        "coordinates": [
          2.337727,
          48.836835
        ]
      },
      "properties": {
        "id_bat": 2434,
        "libelle": "3b rue Cassini",
        "ensemble": "",
        "arrondissement": 14,
        "image_ref": 2018,
        "terme_jantzen_bat": [
          "brique",
          "façade",
          "verrière"
        ]
      }
    },
    {
      "type": "Feature",
      "geometry": {
        "type": "Point",
        "coordinates": [
          2.329557,
          48.878026
        ]
      },
      "properties": {
        "id_bat": 2436,
        "libelle": "3b rue d'Athènes",
        "ensemble": "",
        "arrondissement": 9,
        "image_ref": 639,
        "terme_jantzen_bat": [
          "balcon",
          "façade"
        ]
      }
    },
    {
      "type": "Feature",
      "geometry": {
        "type": "Point",
        "coordinates": [
          2.321884,
          48.867064
        ]
      },
      "properties": {
        "id_bat": 2440,
        "libelle": "4 à 10 place de la Concorde",
        "ensemble": "",
        "arrondissement": 8,
        "image_ref": 2869,
        "terme_jantzen_bat": [
          "colonne",
          "façade",
          "fenetre",
          "fronton",
          "panoramique"
        ]
      }
    },
    {
      "type": "Feature",
      "geometry": {
        "type": "Point",
        "coordinates": [
          2.340635,
          48.86578
        ]
      },
      "properties": {
        "id_bat": 2441,
        "libelle": "4 à 12 place des Victoires",
        "ensemble": "",
        "arrondissement": 2,
        "image_ref": 16273,
        "terme_jantzen_bat": [
          "façade",
          "sculpture"
        ]
      }
    },
    {
      "type": "Feature",
      "geometry": {
        "type": "Point",
        "coordinates": [
          2.340635,
          48.86578
        ]
      },
      "properties": {
        "id_bat": 2443,
        "libelle": "4 à 6 place des Victoires",
        "ensemble": "",
        "arrondissement": 2,
        "image_ref": 16277,
        "terme_jantzen_bat": [
          "façade",
          "fenetre",
          "lucarne"
        ]
      }
    },
    {
      "type": "Feature",
      "geometry": {
        "type": "Point",
        "coordinates": [
          2.333879,
          48.867783
        ]
      },
      "properties": {
        "id_bat": 2445,
        "libelle": "4 à 6 rue Gaillon",
        "ensemble": "",
        "arrondissement": 2,
        "image_ref": 5044,
        "terme_jantzen_bat": [
          "clé",
          "console",
          "fenetre",
          "porte-bois",
          "porte-fer",
          "sculpture"
        ]
      }
    },
    {
      "type": "Feature",
      "geometry": {
        "type": "Point",
        "coordinates": [
          2.340635,
          48.86578
        ]
      },
      "properties": {
        "id_bat": 2446,
        "libelle": "4 à 8 place des Victoires",
        "ensemble": "",
        "arrondissement": 2,
        "image_ref": 16283,
        "terme_jantzen_bat": [
          "décor",
          "façade",
          "fenetre",
          "lucarne",
          "sculpture"
        ]
      }
    },
    {
      "type": "Feature",
      "geometry": {
        "type": "Point",
        "coordinates": [
          2.309268,
          48.85414
        ]
      },
      "properties": {
        "id_bat": 2452,
        "libelle": "4 avenue de Tourville",
        "ensemble": "",
        "arrondissement": 7,
        "image_ref": 15460,
        "terme_jantzen_bat": [
          "atlante",
          "cariatide",
          "console",
          "façade",
          "fenetre",
          "fenetre-d'angle",
          "garde-corps",
          "oriel",
          "porte-bois",
          "sculpture"
        ]
      }
    },
    {
      "type": "Feature",
      "geometry": {
        "type": "Point",
        "coordinates": [
          2.350612,
          48.838141
        ]
      },
      "properties": {
        "id_bat": 2454,
        "libelle": "4 avenue des Gobelins",
        "ensemble": "",
        "arrondissement": 5,
        "image_ref": 5354,
        "terme_jantzen_bat": [
          "console",
          "lucarne",
          "porte-fer-hall",
          "sculpture"
        ]
      }
    },
    {
      "type": "Feature",
      "geometry": {
        "type": "Point",
        "coordinates": [
          2.285364,
          48.8565
        ]
      },
      "properties": {
        "id_bat": 2457,
        "libelle": "4 avenue Frémiet",
        "ensemble": "",
        "arrondissement": 16,
        "image_ref": 5000,
        "terme_jantzen_bat": [
          "porte-fer-hall"
        ]
      }
    },
    {
      "type": "Feature",
      "geometry": {
        "type": "Point",
        "coordinates": [
          2.304211,
          48.877804
        ]
      },
      "properties": {
        "id_bat": 2458,
        "libelle": "4 avenue Hoche",
        "ensemble": "",
        "arrondissement": 8,
        "image_ref": 6352,
        "terme_jantzen_bat": [
          "atlante",
          "fenetre",
          "poignée-porte",
          "porte-bois",
          "sculpture"
        ]
      }
    },
    {
      "type": "Feature",
      "geometry": {
        "type": "Point",
        "coordinates": [
          2.292985,
          48.856476
        ]
      },
      "properties": {
        "id_bat": 2460,
        "libelle": "4 avenue Octave-Gréard",
        "ensemble": "",
        "arrondissement": 7,
        "image_ref": 10555,
        "terme_jantzen_bat": [
          "balcon",
          "décor",
          "façade-d'angle",
          "fenetre",
          "fenetre-d'angle",
          "lucarne",
          "oeil-de-boeuf",
          "sculpture"
        ]
      }
    },
    {
      "type": "Feature",
      "geometry": {
        "type": "Point",
        "coordinates": [
          2.292813,
          48.872972
        ]
      },
      "properties": {
        "id_bat": 2462,
        "libelle": "4 avenue Victor-Hugo",
        "ensemble": "",
        "arrondissement": 16,
        "image_ref": 16365,
        "terme_jantzen_bat": [
          "chimère",
          "clé",
          "fenetre",
          "garde-corps",
          "pilastre",
          "sculpture"
        ]
      }
    },
    {
      "type": "Feature",
      "geometry": {
        "type": "Point",
        "coordinates": [
          2.274149,
          48.858284
        ]
      },
      "properties": {
        "id_bat": 2463,
        "libelle": "4 chaussée de la Muette",
        "ensemble": "",
        "arrondissement": 16,
        "image_ref": 10135,
        "terme_jantzen_bat": [
          "balcon",
          "console",
          "dome",
          "décor",
          "façade",
          "façade-d'angle",
          "fenetre-d'angle",
          "lucarne",
          "oriel",
          "sculpture",
          "tour"
        ]
      }
    },
    {
      "type": "Feature",
      "geometry": {
        "type": "Point",
        "coordinates": [
          2.310744,
          48.847379
        ]
      },
      "properties": {
        "id_bat": 2466,
        "libelle": "4 place de Breteuil",
        "ensemble": "",
        "arrondissement": 15,
        "image_ref": 1700,
        "terme_jantzen_bat": [
          "dome",
          "fronton",
          "lucarne-d'angle",
          "porte-bois"
        ]
      }
    },
    {
      "type": "Feature",
      "geometry": {
        "type": "Point",
        "coordinates": [
          2.332832,
          48.870441
        ]
      },
      "properties": {
        "id_bat": 2467,
        "libelle": "4 place de l'Opéra",
        "ensemble": "",
        "arrondissement": 9,
        "image_ref": 10838,
        "terme_jantzen_bat": [
          "lucarne"
        ]
      }
    },
    {
      "type": "Feature",
      "geometry": {
        "type": "Point",
        "coordinates": [
          2.285484,
          48.870117
        ]
      },
      "properties": {
        "id_bat": 2469,
        "libelle": "4 place Victor-Hugo",
        "ensemble": "",
        "arrondissement": 16,
        "image_ref": 16387,
        "terme_jantzen_bat": [
          "chimère",
          "console",
          "sculpture"
        ]
      }
    },
    {
      "type": "Feature",
      "geometry": {
        "type": "Point",
        "coordinates": [
          2.275669,
          48.866171
        ]
      },
      "properties": {
        "id_bat": 2474,
        "libelle": "4 rue Benjamin-Godard",
        "ensemble": "",
        "arrondissement": 16,
        "image_ref": 1146,
        "terme_jantzen_bat": [
          "porte-fer-hall"
        ]
      }
    },
    {
      "type": "Feature",
      "geometry": {
        "type": "Point",
        "coordinates": [
          2.332077,
          48.853224
        ]
      },
      "properties": {
        "id_bat": 2475,
        "libelle": "4 rue Bernard-Palissy",
        "ensemble": "",
        "arrondissement": 6,
        "image_ref": 1195,
        "terme_jantzen_bat": [
          "cariatide",
          "fenetre",
          "porte-bois",
          "sculpture"
        ]
      }
    },
    {
      "type": "Feature",
      "geometry": {
        "type": "Point",
        "coordinates": [
          2.327808,
          48.833056
        ]
      },
      "properties": {
        "id_bat": 2476,
        "libelle": "4 rue Charles-Divry",
        "ensemble": "",
        "arrondissement": 14,
        "image_ref": 2350,
        "terme_jantzen_bat": [
          "console",
          "fenetre",
          "garde-corps",
          "métal",
          "oriel",
          "sculpture"
        ]
      }
    },
    {
      "type": "Feature",
      "geometry": {
        "type": "Point",
        "coordinates": [
          2.342193,
          48.866062
        ]
      },
      "properties": {
        "id_bat": 2478,
        "libelle": "4 rue d'Aboukir",
        "ensemble": "",
        "arrondissement": 2,
        "image_ref": 115,
        "terme_jantzen_bat": [
          "façade",
          "fenetre"
        ]
      }
    },
    {
      "type": "Feature",
      "geometry": {
        "type": "Point",
        "coordinates": [
          2.346774,
          48.85139
        ]
      },
      "properties": {
        "id_bat": 2479,
        "libelle": "4 rue Dante",
        "ensemble": "",
        "arrondissement": 5,
        "image_ref": 3439,
        "terme_jantzen_bat": [
          "console",
          "fenetre",
          "sculpture"
        ]
      }
    },
    {
      "type": "Feature",
      "geometry": {
        "type": "Point",
        "coordinates": [
          2.288543,
          48.834376
        ]
      },
      "properties": {
        "id_bat": 2482,
        "libelle": "4 rue de Cadix",
        "ensemble": "",
        "arrondissement": 15,
        "image_ref": 1823,
        "terme_jantzen_bat": [
          "console",
          "sculpture"
        ]
      }
    },
    {
      "type": "Feature",
      "geometry": {
        "type": "Point",
        "coordinates": [
          2.325556,
          48.872247
        ]
      },
      "properties": {
        "id_bat": 2483,
        "libelle": "4 rue de Castellane",
        "ensemble": "",
        "arrondissement": 8,
        "image_ref": 2035,
        "terme_jantzen_bat": [
          "balcon",
          "façade",
          "fenetre",
          "pilastre",
          "porte-bois"
        ]
      }
    },
    {
      "type": "Feature",
      "geometry": {
        "type": "Point",
        "coordinates": [
          2.331928,
          48.847111
        ]
      },
      "properties": {
        "id_bat": 2484,
        "libelle": "4 rue de Fleurus",
        "ensemble": "",
        "arrondissement": 6,
        "image_ref": 4681,
        "terme_jantzen_bat": [
          "lucarne",
          "oeil-de-boeuf",
          "pignon"
        ]
      }
    },
    {
      "type": "Feature",
      "geometry": {
        "type": "Point",
        "coordinates": [
          2.363114,
          48.855697
        ]
      },
      "properties": {
        "id_bat": 2485,
        "libelle": "4 rue de Jarente",
        "ensemble": "",
        "arrondissement": 4,
        "image_ref": 7160,
        "terme_jantzen_bat": [
          "lucarne",
          "toiture"
        ]
      }
    },
    {
      "type": "Feature",
      "geometry": {
        "type": "Point",
        "coordinates": [
          2.330722,
          48.86856
        ]
      },
      "properties": {
        "id_bat": 2488,
        "libelle": "4 rue de la Paix",
        "ensemble": "",
        "arrondissement": 2,
        "image_ref": 10994,
        "terme_jantzen_bat": [
          "clé",
          "porte-bois",
          "sculpture"
        ]
      }
    },
    {
      "type": "Feature",
      "geometry": {
        "type": "Point",
        "coordinates": [
          2.276079,
          48.867525
        ]
      },
      "properties": {
        "id_bat": 2491,
        "libelle": "4 rue de Lota",
        "ensemble": "",
        "arrondissement": 16,
        "image_ref": 8472,
        "terme_jantzen_bat": [
          "balcon",
          "brique",
          "colonne",
          "décor",
          "façade",
          "fenetre",
          "garde-corps",
          "lucarne",
          "oriel",
          "pignon"
        ]
      }
    },
    {
      "type": "Feature",
      "geometry": {
        "type": "Point",
        "coordinates": [
          2.325824,
          48.874273
        ]
      },
      "properties": {
        "id_bat": 2495,
        "libelle": "4 rue de Rome",
        "ensemble": "",
        "arrondissement": 8,
        "image_ref": 13222,
        "terme_jantzen_bat": [
          "balcon",
          "fenetre",
          "fronton",
          "garde-corps",
          "pilastre",
          "porte-bois"
        ]
      }
    },
    {
      "type": "Feature",
      "geometry": {
        "type": "Point",
        "coordinates": [
          2.362415,
          48.859365
        ]
      },
      "properties": {
        "id_bat": 2496,
        "libelle": "4 rue de Thorigny",
        "ensemble": "",
        "arrondissement": 3,
        "image_ref": 15199,
        "terme_jantzen_bat": [
          "porte-bois"
        ]
      }
    },
    {
      "type": "Feature",
      "geometry": {
        "type": "Point",
        "coordinates": [
          2.337002,
          48.851126
        ]
      },
      "properties": {
        "id_bat": 2497,
        "libelle": "4 rue de Tournon",
        "ensemble": "",
        "arrondissement": 6,
        "image_ref": 15408,
        "terme_jantzen_bat": [
          "colonne",
          "console",
          "façade",
          "fenetre",
          "lucarne",
          "porte-bois"
        ]
      }
    },
    {
      "type": "Feature",
      "geometry": {
        "type": "Point",
        "coordinates": [
          2.328845,
          48.841876
        ]
      },
      "properties": {
        "id_bat": 2500,
        "libelle": "4 rue Delambre",
        "ensemble": "",
        "arrondissement": 14,
        "image_ref": 3665,
        "terme_jantzen_bat": [
          "console",
          "sculpture"
        ]
      }
    },
    {
      "type": "Feature",
      "geometry": {
        "type": "Point",
        "coordinates": [
          2.2876,
          48.876797
        ]
      },
      "properties": {
        "id_bat": 2501,
        "libelle": "4 rue Denis-Poisson",
        "ensemble": "",
        "arrondissement": 17,
        "image_ref": 3689,
        "terme_jantzen_bat": [
          "colonne",
          "fenetre",
          "porte-fer",
          "porte-fer-hall"
        ]
      }
    },
    {
      "type": "Feature",
      "geometry": {
        "type": "Point",
        "coordinates": [
          2.290848,
          48.877718
        ]
      },
      "properties": {
        "id_bat": 2502,
        "libelle": "4 rue des Colonels-Renard",
        "ensemble": "",
        "arrondissement": 17,
        "image_ref": 2833,
        "terme_jantzen_bat": [
          "porte-fer-hall"
        ]
      }
    },
    {
      "type": "Feature",
      "geometry": {
        "type": "Point",
        "coordinates": [
          2.393238,
          48.847007
        ]
      },
      "properties": {
        "id_bat": 2503,
        "libelle": "4 rue Dorian",
        "ensemble": "",
        "arrondissement": 12,
        "image_ref": 3817,
        "terme_jantzen_bat": [
          "clé",
          "porte-bois"
        ]
      }
    },
    {
      "type": "Feature",
      "geometry": {
        "type": "Point",
        "coordinates": [
          2.329128,
          48.827454
        ]
      },
      "properties": {
        "id_bat": 2506,
        "libelle": "4 rue du Lunain",
        "ensemble": "",
        "arrondissement": 14,
        "image_ref": 8846,
        "terme_jantzen_bat": [
          "clé",
          "décor",
          "fenetre",
          "porte-bois"
        ]
      }
    },
    {
      "type": "Feature",
      "geometry": {
        "type": "Point",
        "coordinates": [
          2.309049,
          48.886878
        ]
      },
      "properties": {
        "id_bat": 2507,
        "libelle": "4 rue du Printemps",
        "ensemble": "",
        "arrondissement": 17,
        "image_ref": 12056,
        "terme_jantzen_bat": [
          "décor",
          "fenetre",
          "sculpture"
        ]
      }
    },
    {
      "type": "Feature",
      "geometry": {
        "type": "Point",
        "coordinates": [
          2.375269,
          48.849072
        ]
      },
      "properties": {
        "id_bat": 2508,
        "libelle": "4 rue Émilio-Castelar",
        "ensemble": "",
        "arrondissement": 12,
        "image_ref": 4110,
        "terme_jantzen_bat": [
          "console",
          "sculpture"
        ]
      }
    },
    {
      "type": "Feature",
      "geometry": {
        "type": "Point",
        "coordinates": [
          2.28842,
          48.87031
        ]
      },
      "properties": {
        "id_bat": 2514,
        "libelle": "4 rue Georges-Ville",
        "ensemble": "",
        "arrondissement": 16,
        "image_ref": 5329,
        "terme_jantzen_bat": [
          "balcon",
          "décor",
          "fenetre",
          "garde-corps",
          "sculpture"
        ]
      }
    },
    {
      "type": "Feature",
      "geometry": {
        "type": "Point",
        "coordinates": [
          2.344061,
          48.889778
        ]
      },
      "properties": {
        "id_bat": 2515,
        "libelle": "4 rue Hermel",
        "ensemble": "",
        "arrondissement": 18,
        "image_ref": 6331,
        "terme_jantzen_bat": [
          "console",
          "fenetre",
          "porte-fer-hall",
          "sculpture"
        ]
      }
    },
    {
      "type": "Feature",
      "geometry": {
        "type": "Point",
        "coordinates": [
          2.267621,
          48.852462
        ]
      },
      "properties": {
        "id_bat": 2517,
        "libelle": "4 rue Jasmin",
        "ensemble": "",
        "arrondissement": 16,
        "image_ref": 7172,
        "terme_jantzen_bat": [
          "atlante",
          "balcon",
          "console",
          "décor",
          "façade",
          "façade-d'angle",
          "fenetre",
          "fenetre-d'angle",
          "garde-corps",
          "pignon",
          "porte",
          "porte-fer",
          "porte-fer-hall",
          "sculpture"
        ]
      }
    },
    {
      "type": "Feature",
      "geometry": {
        "type": "Point",
        "coordinates": [
          2.309576,
          48.866738
        ]
      },
      "properties": {
        "id_bat": 2518,
        "libelle": "4 rue Jean-Goujon",
        "ensemble": "",
        "arrondissement": 8,
        "image_ref": 7235,
        "terme_jantzen_bat": [
          "atlante",
          "colonne",
          "décor",
          "façade",
          "fenetre",
          "sculpture"
        ]
      }
    },
    {
      "type": "Feature",
      "geometry": {
        "type": "Point",
        "coordinates": [
          2.334489,
          48.842214
        ]
      },
      "properties": {
        "id_bat": 2523,
        "libelle": "4 rue Le Verrier",
        "ensemble": "",
        "arrondissement": 6,
        "image_ref": 8330,
        "terme_jantzen_bat": [
          "fenetre",
          "porte-bois",
          "sculpture"
        ]
      }
    },
    {
      "type": "Feature",
      "geometry": {
        "type": "Point",
        "coordinates": [
          2.331027,
          48.880187
        ]
      },
      "properties": {
        "id_bat": 2531,
        "libelle": "4 rue Moncey",
        "ensemble": "",
        "arrondissement": 9,
        "image_ref": 9738,
        "terme_jantzen_bat": [
          "clé",
          "console",
          "fenetre",
          "porte-fer",
          "sculpture"
        ]
      }
    },
    {
      "type": "Feature",
      "geometry": {
        "type": "Point",
        "coordinates": [
          2.339002,
          48.851542
        ]
      },
      "properties": {
        "id_bat": 2532,
        "libelle": "4 rue Monsieur-le-Prince",
        "ensemble": "",
        "arrondissement": 6,
        "image_ref": 9784,
        "terme_jantzen_bat": [
          "clé",
          "façade",
          "fenetre",
          "porte",
          "porte-bois",
          "sculpture"
        ]
      }
    },
    {
      "type": "Feature",
      "geometry": {
        "type": "Point",
        "coordinates": [
          2.310701,
          48.846636
        ]
      },
      "properties": {
        "id_bat": 2538,
        "libelle": "4 rue Rosa-Bonheur",
        "ensemble": "",
        "arrondissement": 15,
        "image_ref": 13255,
        "terme_jantzen_bat": [
          "fenetre",
          "fronton",
          "lucarne",
          "oeil-de-boeuf"
        ]
      }
    },
    {
      "type": "Feature",
      "geometry": {
        "type": "Point",
        "coordinates": [
          2.34229,
          48.845702
        ]
      },
      "properties": {
        "id_bat": 2539,
        "libelle": "4 rue Royer-Collard",
        "ensemble": "",
        "arrondissement": 5,
        "image_ref": 13289,
        "terme_jantzen_bat": [
          "clé",
          "fenetre",
          "lucarne",
          "porte-bois",
          "sculpture"
        ]
      }
    },
    {
      "type": "Feature",
      "geometry": {
        "type": "Point",
        "coordinates": [
          2.363107,
          48.849061
        ]
      },
      "properties": {
        "id_bat": 2544,
        "libelle": "4 rue Schomberg",
        "ensemble": "",
        "arrondissement": 4,
        "image_ref": 13432,
        "terme_jantzen_bat": [
          "brique",
          "colonne",
          "façade",
          "fenetre",
          "métal",
          "porte"
        ]
      }
    },
    {
      "type": "Feature",
      "geometry": {
        "type": "Point",
        "coordinates": [
          2.345556,
          48.88007
        ]
      },
      "properties": {
        "id_bat": 2546,
        "libelle": "4 rue Turgot",
        "ensemble": "",
        "arrondissement": 9,
        "image_ref": 15641,
        "terme_jantzen_bat": [
          "porte-bois"
        ]
      }
    },
    {
      "type": "Feature",
      "geometry": {
        "type": "Point",
        "coordinates": [
          2.346699,
          48.847525
        ]
      },
      "properties": {
        "id_bat": 2547,
        "libelle": "4 rue Valette",
        "ensemble": "",
        "arrondissement": 5,
        "image_ref": 15772,
        "terme_jantzen_bat": [
          "brique",
          "façade",
          "fenetre",
          "porte"
        ]
      }
    },
    {
      "type": "Feature",
      "geometry": {
        "type": "Point",
        "coordinates": [
          2.298709,
          48.853207
        ]
      },
      "properties": {
        "id_bat": 2553,
        "libelle": "40 avenue Charles-Floquet",
        "ensemble": "",
        "arrondissement": 7,
        "image_ref": 2367,
        "terme_jantzen_bat": [
          "porte-fer-hall"
        ]
      }
    },
    {
      "type": "Feature",
      "geometry": {
        "type": "Point",
        "coordinates": [
          2.372358,
          48.886743
        ]
      },
      "properties": {
        "id_bat": 2554,
        "libelle": "40 avenue de Flandre",
        "ensemble": "",
        "arrondissement": 19,
        "image_ref": 4649,
        "terme_jantzen_bat": [
          "console",
          "décor",
          "façade",
          "fenetre",
          "sculpture"
        ]
      }
    },
    {
      "type": "Feature",
      "geometry": {
        "type": "Point",
        "coordinates": [
          2.309186,
          48.848585
        ]
      },
      "properties": {
        "id_bat": 2555,
        "libelle": "40 avenue de Saxe",
        "ensemble": "",
        "arrondissement": 7,
        "image_ref": 13371,
        "terme_jantzen_bat": [
          "balcon",
          "colonne",
          "console",
          "dome",
          "décor",
          "façade-d'angle",
          "fenetre",
          "fenetre-d'angle",
          "loggia",
          "lucarne",
          "oeil-de-boeuf",
          "porte-fer",
          "sculpture"
        ]
      }
    },
    {
      "type": "Feature",
      "geometry": {
        "type": "Point",
        "coordinates": [
          2.289527,
          48.863777
        ]
      },
      "properties": {
        "id_bat": 2558,
        "libelle": "40 avenue du Président-Wilson",
        "ensemble": "",
        "arrondissement": 16,
        "image_ref": 12036,
        "terme_jantzen_bat": [
          "balcon",
          "fenetre",
          "garde-corps",
          "lucarne",
          "oriel",
          "pignon",
          "porte-fer-hall",
          "sculpture"
        ]
      }
    },
    {
      "type": "Feature",
      "geometry": {
        "type": "Point",
        "coordinates": [
          2.288368,
          48.841405
        ]
      },
      "properties": {
        "id_bat": 2559,
        "libelle": "40 avenue Félix-Faure",
        "ensemble": "",
        "arrondissement": 15,
        "image_ref": 4475,
        "terme_jantzen_bat": [
          "porte-fer-hall"
        ]
      }
    },
    {
      "type": "Feature",
      "geometry": {
        "type": "Point",
        "coordinates": [
          2.296259,
          48.882221
        ]
      },
      "properties": {
        "id_bat": 2560,
        "libelle": "40 avenue Niel",
        "ensemble": "",
        "arrondissement": 17,
        "image_ref": 10268,
        "terme_jantzen_bat": [
          "balcon",
          "dome",
          "façade-d'angle",
          "fenetre-d'angle",
          "lucarne",
          "lucarne-d'angle",
          "pilastre"
        ]
      }
    },
    {
      "type": "Feature",
      "geometry": {
        "type": "Point",
        "coordinates": [
          2.332434,
          48.873199
        ]
      },
      "properties": {
        "id_bat": 2563,
        "libelle": "40 boulevard Haussmann",
        "ensemble": "",
        "arrondissement": 9,
        "image_ref": 6045,
        "terme_jantzen_bat": [
          "dome",
          "décor",
          "intérieur",
          "métal",
          "panoramique",
          "verrière"
        ]
      }
    },
    {
      "type": "Feature",
      "geometry": {
        "type": "Point",
        "coordinates": [
          2.304033,
          48.86486
        ]
      },
      "properties": {
        "id_bat": 2565,
        "libelle": "40 cours Albert-Ier",
        "ensemble": "",
        "arrondissement": 8,
        "image_ref": 155,
        "terme_jantzen_bat": [
          "balcon",
          "façade",
          "fenetre",
          "garde-corps",
          "lucarne",
          "porte-fer",
          "toiture"
        ]
      }
    },
    {
      "type": "Feature",
      "geometry": {
        "type": "Point",
        "coordinates": [
          2.361765,
          48.849544
        ]
      },
      "properties": {
        "id_bat": 2566,
        "libelle": "40 quai Henri-IV",
        "ensemble": "",
        "arrondissement": 4,
        "image_ref": 6264,
        "terme_jantzen_bat": [
          "colonne",
          "dome",
          "façade-d'angle",
          "fenetre-d'angle",
          "lucarne",
          "lucarne-d'angle",
          "oeil-de-boeuf"
        ]
      }
    },
    {
      "type": "Feature",
      "geometry": {
        "type": "Point",
        "coordinates": [
          2.317127,
          48.852137
        ]
      },
      "properties": {
        "id_bat": 2568,
        "libelle": "40 rue Barbet-de-Jouy",
        "ensemble": "",
        "arrondissement": 7,
        "image_ref": 816,
        "terme_jantzen_bat": [
          "chimère",
          "console",
          "façade",
          "fenetre",
          "fronton",
          "garde-corps",
          "lucarne",
          "oeil-de-boeuf",
          "sculpture"
        ]
      }
    },
    {
      "type": "Feature",
      "geometry": {
        "type": "Point",
        "coordinates": [
          2.263466,
          48.844248
        ]
      },
      "properties": {
        "id_bat": 2569,
        "libelle": "40 rue Boileau",
        "ensemble": "",
        "arrondissement": 16,
        "image_ref": 1385,
        "terme_jantzen_bat": [
          "brique",
          "céramique",
          "décor",
          "oriel"
        ]
      }
    },
    {
      "type": "Feature",
      "geometry": {
        "type": "Point",
        "coordinates": [
          2.344645,
          48.880043
        ]
      },
      "properties": {
        "id_bat": 2570,
        "libelle": "40 rue Condorcet",
        "ensemble": "",
        "arrondissement": 9,
        "image_ref": 2900,
        "terme_jantzen_bat": [
          "façade",
          "oriel"
        ]
      }
    },
    {
      "type": "Feature",
      "geometry": {
        "type": "Point",
        "coordinates": [
          2.324448,
          48.873486
        ]
      },
      "properties": {
        "id_bat": 2573,
        "libelle": "40 rue de l'Arcade",
        "ensemble": "",
        "arrondissement": 8,
        "image_ref": 518,
        "terme_jantzen_bat": [
          "fenetre-d'angle"
        ]
      }
    },
    {
      "type": "Feature",
      "geometry": {
        "type": "Point",
        "coordinates": [
          2.336547,
          48.885338
        ]
      },
      "properties": {
        "id_bat": 2574,
        "libelle": "40 rue des Abbesses",
        "ensemble": "",
        "arrondissement": 18,
        "image_ref": 37,
        "terme_jantzen_bat": [
          "façade",
          "loggia",
          "lucarne"
        ]
      }
    },
    {
      "type": "Feature",
      "geometry": {
        "type": "Point",
        "coordinates": [
          2.341888,
          48.862682
        ]
      },
      "properties": {
        "id_bat": 2577,
        "libelle": "40 rue du Louvre",
        "ensemble": "",
        "arrondissement": 1,
        "image_ref": 8817,
        "terme_jantzen_bat": [
          "lucarne"
        ]
      }
    },
    {
      "type": "Feature",
      "geometry": {
        "type": "Point",
        "coordinates": [
          2.325601,
          48.833422
        ]
      },
      "properties": {
        "id_bat": 2578,
        "libelle": "40 rue Gassendi",
        "ensemble": "",
        "arrondissement": 14,
        "image_ref": 5143,
        "terme_jantzen_bat": [
          "console",
          "fenetre",
          "porte-bois",
          "sculpture"
        ]
      }
    },
    {
      "type": "Feature",
      "geometry": {
        "type": "Point",
        "coordinates": [
          2.39021,
          48.883811
        ]
      },
      "properties": {
        "id_bat": 2580,
        "libelle": "40 rue Manin",
        "ensemble": "",
        "arrondissement": 19,
        "image_ref": 9113,
        "terme_jantzen_bat": [
          "brique",
          "décor",
          "fenetre",
          "fronton",
          "métal",
          "porte-bois"
        ]
      }
    },
    {
      "type": "Feature",
      "geometry": {
        "type": "Point",
        "coordinates": [
          2.285257,
          48.866623
        ]
      },
      "properties": {
        "id_bat": 2581,
        "libelle": "40 rue Saint-Didier",
        "ensemble": "",
        "arrondissement": 16,
        "image_ref": 14086,
        "terme_jantzen_bat": [
          "lucarne"
        ]
      }
    },
    {
      "type": "Feature",
      "geometry": {
        "type": "Point",
        "coordinates": [
          2.291682,
          48.868756
        ]
      },
      "properties": {
        "id_bat": 2591,
        "libelle": "41 avenue Kléber",
        "ensemble": "",
        "arrondissement": 16,
        "image_ref": 7505,
        "terme_jantzen_bat": [
          "fenetre",
          "porte-bois"
        ]
      }
    },
    {
      "type": "Feature",
      "geometry": {
        "type": "Point",
        "coordinates": [
          2.326935,
          48.851931
        ]
      },
      "properties": {
        "id_bat": 2594,
        "libelle": "41 boulevard Raspail",
        "ensemble": "",
        "arrondissement": 6,
        "image_ref": 12466,
        "terme_jantzen_bat": [
          "balcon",
          "console",
          "dome",
          "décor",
          "façade",
          "façade-d'angle",
          "fenetre",
          "fenetre-d'angle",
          "fronton",
          "garde-corps",
          "lucarne",
          "lucarne-d'angle",
          "marquise",
          "oeil-de-boeuf",
          "oriel",
          "porte-fer",
          "sculpture"
        ]
      }
    },
    {
      "type": "Feature",
      "geometry": {
        "type": "Point",
        "coordinates": [
          2.403226,
          48.848124
        ]
      },
      "properties": {
        "id_bat": 2595,
        "libelle": "41 cours de Vincennes",
        "ensemble": "",
        "arrondissement": 20,
        "image_ref": 16611,
        "terme_jantzen_bat": [
          "clé",
          "fenetre",
          "garde-corps"
        ]
      }
    },
    {
      "type": "Feature",
      "geometry": {
        "type": "Point",
        "coordinates": [
          2.353879,
          48.862253
        ]
      },
      "properties": {
        "id_bat": 2596,
        "libelle": "41 rue Beaubourg",
        "ensemble": "",
        "arrondissement": 3,
        "image_ref": 938,
        "terme_jantzen_bat": [
          "colonne",
          "fenetre",
          "garde-corps",
          "porte-bois"
        ]
      }
    },
    {
      "type": "Feature",
      "geometry": {
        "type": "Point",
        "coordinates": [
          2.288867,
          48.835844
        ]
      },
      "properties": {
        "id_bat": 2603,
        "libelle": "41 rue Desnouettes",
        "ensemble": "",
        "arrondissement": 15,
        "image_ref": 3739,
        "terme_jantzen_bat": [
          "façade-d'angle",
          "fenetre-d'angle",
          "lucarne-d'angle",
          "marquise",
          "pignon"
        ]
      }
    },
    {
      "type": "Feature",
      "geometry": {
        "type": "Point",
        "coordinates": [
          2.348322,
          48.894247
        ]
      },
      "properties": {
        "id_bat": 2604,
        "libelle": "41 rue du Simplon",
        "ensemble": "",
        "arrondissement": 18,
        "image_ref": 13700,
        "terme_jantzen_bat": [
          "porte-fer-hall"
        ]
      }
    },
    {
      "type": "Feature",
      "geometry": {
        "type": "Point",
        "coordinates": [
          2.35419,
          48.865771
        ]
      },
      "properties": {
        "id_bat": 2607,
        "libelle": "41 rue Réaumur",
        "ensemble": "",
        "arrondissement": 3,
        "image_ref": 12741,
        "terme_jantzen_bat": [
          "fenetre"
        ]
      }
    },
    {
      "type": "Feature",
      "geometry": {
        "type": "Point",
        "coordinates": [
          2.268772,
          48.852011
        ]
      },
      "properties": {
        "id_bat": 2608,
        "libelle": "41 rue Ribera",
        "ensemble": "",
        "arrondissement": 16,
        "image_ref": 12964,
        "terme_jantzen_bat": [
          "atlante",
          "console",
          "sculpture"
        ]
      }
    },
    {
      "type": "Feature",
      "geometry": {
        "type": "Point",
        "coordinates": [
          2.336209,
          48.874263
        ]
      },
      "properties": {
        "id_bat": 2612,
        "libelle": "42 à 44 rue de Provence",
        "ensemble": "",
        "arrondissement": 9,
        "image_ref": 12140,
        "terme_jantzen_bat": [
          "décor",
          "fenetre",
          "fronton",
          "porte-bois",
          "sculpture"
        ]
      }
    },
    {
      "type": "Feature",
      "geometry": {
        "type": "Point",
        "coordinates": [
          2.352724,
          48.835095
        ]
      },
      "properties": {
        "id_bat": 2615,
        "libelle": "42 avenue des Gobelins",
        "ensemble": "",
        "arrondissement": 13,
        "image_ref": 5359,
        "terme_jantzen_bat": [
          "atlante",
          "brique",
          "cariatide",
          "colonne",
          "décor",
          "façade",
          "fenetre",
          "sculpture",
          "toiture"
        ]
      }
    },
    {
      "type": "Feature",
      "geometry": {
        "type": "Point",
        "coordinates": [
          2.334903,
          48.826991
        ]
      },
      "properties": {
        "id_bat": 2616,
        "libelle": "42 avenue René-Coty",
        "ensemble": "",
        "arrondissement": 14,
        "image_ref": 12864,
        "terme_jantzen_bat": [
          "console",
          "décor",
          "façade",
          "façade-d'angle",
          "fenetre",
          "oeil-de-boeuf",
          "pignon"
        ]
      }
    },
    {
      "type": "Feature",
      "geometry": {
        "type": "Point",
        "coordinates": [
          2.371654,
          48.857749
        ]
      },
      "properties": {
        "id_bat": 2621,
        "libelle": "42 boulevard Richard-Lenoir",
        "ensemble": "",
        "arrondissement": 11,
        "image_ref": 12973,
        "terme_jantzen_bat": [
          "balcon",
          "clé",
          "façade",
          "garde-corps",
          "oriel",
          "porte-fer",
          "sculpture"
        ]
      }
    },
    {
      "type": "Feature",
      "geometry": {
        "type": "Point",
        "coordinates": [
          2.277495,
          48.863306
        ]
      },
      "properties": {
        "id_bat": 2625,
        "libelle": "42 rue Decamps",
        "ensemble": "",
        "arrondissement": 16,
        "image_ref": 3659,
        "terme_jantzen_bat": [
          "console",
          "dome",
          "fenetre",
          "porte-bois",
          "sculpture"
        ]
      }
    },
    {
      "type": "Feature",
      "geometry": {
        "type": "Point",
        "coordinates": [
          2.342214,
          48.863313
        ]
      },
      "properties": {
        "id_bat": 2627,
        "libelle": "42 rue du Louvre",
        "ensemble": "",
        "arrondissement": 1,
        "image_ref": 8820,
        "terme_jantzen_bat": [
          "façade-d'angle"
        ]
      }
    },
    {
      "type": "Feature",
      "geometry": {
        "type": "Point",
        "coordinates": [
          2.307923,
          48.88277
        ]
      },
      "properties": {
        "id_bat": 2628,
        "libelle": "42 rue Fortuny",
        "ensemble": "",
        "arrondissement": 17,
        "image_ref": 4744,
        "terme_jantzen_bat": [
          "cariatide",
          "décor",
          "fenetre",
          "lucarne",
          "oeil-de-boeuf",
          "sculpture"
        ]
      }
    },
    {
      "type": "Feature",
      "geometry": {
        "type": "Point",
        "coordinates": [
          2.35706,
          48.855628
        ]
      },
      "properties": {
        "id_bat": 2629,
        "libelle": "42 rue François-Miron",
        "ensemble": "",
        "arrondissement": 4,
        "image_ref": 4870,
        "terme_jantzen_bat": [
          "balcon",
          "clé",
          "façade",
          "fenetre",
          "garde-corps"
        ]
      }
    },
    {
      "type": "Feature",
      "geometry": {
        "type": "Point",
        "coordinates": [
          2.371722,
          48.857897
        ]
      },
      "properties": {
        "id_bat": 2633,
        "libelle": "42b boulevard Richard-Lenoir",
        "ensemble": "",
        "arrondissement": 11,
        "image_ref": 12978,
        "terme_jantzen_bat": [
          "décor",
          "façade",
          "fenetre",
          "garde-corps",
          "lucarne",
          "sculpture"
        ]
      }
    },
    {
      "type": "Feature",
      "geometry": {
        "type": "Point",
        "coordinates": [
          2.397085,
          48.868876
        ]
      },
      "properties": {
        "id_bat": 2635,
        "libelle": "43 à 45 rue de la Chine",
        "ensemble": "",
        "arrondissement": 20,
        "image_ref": 2534,
        "terme_jantzen_bat": [
          "console",
          "façade",
          "fenetre",
          "sculpture"
        ]
      }
    },
    {
      "type": "Feature",
      "geometry": {
        "type": "Point",
        "coordinates": [
          2.401553,
          48.845217
        ]
      },
      "properties": {
        "id_bat": 2638,
        "libelle": "43 avenue de Saint-Mandé",
        "ensemble": "",
        "arrondissement": 12,
        "image_ref": 14605,
        "terme_jantzen_bat": [
          "balcon",
          "façade-d'angle",
          "fenetre-d'angle",
          "garde-corps",
          "lucarne"
        ]
      }
    },
    {
      "type": "Feature",
      "geometry": {
        "type": "Point",
        "coordinates": [
          2.299592,
          48.875474
        ]
      },
      "properties": {
        "id_bat": 2641,
        "libelle": "43 avenue Hoche",
        "ensemble": "",
        "arrondissement": 8,
        "image_ref": 6357,
        "terme_jantzen_bat": [
          "fenetre",
          "porte-fer"
        ]
      }
    },
    {
      "type": "Feature",
      "geometry": {
        "type": "Point",
        "coordinates": [
          2.327116,
          48.851309
        ]
      },
      "properties": {
        "id_bat": 2646,
        "libelle": "43 boulevard Raspail",
        "ensemble": "",
        "arrondissement": 6,
        "image_ref": 12487,
        "terme_jantzen_bat": [
          "balcon",
          "console",
          "décor",
          "façade",
          "façade-d'angle",
          "fenetre",
          "fenetre-d'angle",
          "garde-corps",
          "loggia",
          "lucarne",
          "oeil-de-boeuf",
          "oriel",
          "pignon",
          "sculpture"
        ]
      }
    },
    {
      "type": "Feature",
      "geometry": {
        "type": "Point",
        "coordinates": [
          2.384485,
          48.870282
        ]
      },
      "properties": {
        "id_bat": 2655,
        "libelle": "43 rue des Couronnes",
        "ensemble": "",
        "arrondissement": 20,
        "image_ref": 3281,
        "terme_jantzen_bat": [
          "balcon",
          "brique",
          "céramique",
          "décor",
          "fenetre",
          "garde-corps"
        ]
      }
    },
    {
      "type": "Feature",
      "geometry": {
        "type": "Point",
        "coordinates": [
          2.348184,
          48.894284
        ]
      },
      "properties": {
        "id_bat": 2656,
        "libelle": "43 rue du Simplon",
        "ensemble": "",
        "arrondissement": 18,
        "image_ref": 13701,
        "terme_jantzen_bat": [
          "porte-fer-hall"
        ]
      }
    },
    {
      "type": "Feature",
      "geometry": {
        "type": "Point",
        "coordinates": [
          2.279237,
          48.869573
        ]
      },
      "properties": {
        "id_bat": 2657,
        "libelle": "43 rue Émile-Ménier",
        "ensemble": "",
        "arrondissement": 16,
        "image_ref": 4076,
        "terme_jantzen_bat": [
          "fenetre",
          "garde-corps"
        ]
      }
    },
    {
      "type": "Feature",
      "geometry": {
        "type": "Point",
        "coordinates": [
          2.299008,
          48.853016
        ]
      },
      "properties": {
        "id_bat": 2660,
        "libelle": "44 avenue Charles-Floquet",
        "ensemble": "",
        "arrondissement": 7,
        "image_ref": 2370,
        "terme_jantzen_bat": [
          "dome",
          "façade-d'angle",
          "lucarne-d'angle",
          "porte-fer-hall"
        ]
      }
    },
    {
      "type": "Feature",
      "geometry": {
        "type": "Point",
        "coordinates": [
          2.377998,
          48.845832
        ]
      },
      "properties": {
        "id_bat": 2661,
        "libelle": "44 avenue Daumesnil",
        "ensemble": "",
        "arrondissement": 12,
        "image_ref": 3587,
        "terme_jantzen_bat": [
          "façade-d'angle",
          "fenetre-d'angle",
          "lucarne-d'angle",
          "tourelle"
        ]
      }
    },
    {
      "type": "Feature",
      "geometry": {
        "type": "Point",
        "coordinates": [
          2.291894,
          48.869839
        ]
      },
      "properties": {
        "id_bat": 2666,
        "libelle": "44 avenue Kléber",
        "ensemble": "",
        "arrondissement": 16,
        "image_ref": 7506,
        "terme_jantzen_bat": [
          "porte-fer"
        ]
      }
    },
    {
      "type": "Feature",
      "geometry": {
        "type": "Point",
        "coordinates": [
          2.347382,
          48.837458
        ]
      },
      "properties": {
        "id_bat": 2668,
        "libelle": "44 boulevard de Port-Royal",
        "ensemble": "",
        "arrondissement": 5,
        "image_ref": 11911,
        "terme_jantzen_bat": [
          "dome",
          "façade-d'angle",
          "lucarne-d'angle"
        ]
      }
    },
    {
      "type": "Feature",
      "geometry": {
        "type": "Point",
        "coordinates": [
          2.378407,
          48.846237
        ]
      },
      "properties": {
        "id_bat": 2669,
        "libelle": "44 boulevard Diderot",
        "ensemble": "",
        "arrondissement": 12,
        "image_ref": 3762,
        "terme_jantzen_bat": [
          "balcon",
          "brique",
          "console",
          "façade",
          "fenetre",
          "lucarne",
          "sculpture"
        ]
      }
    },
    {
      "type": "Feature",
      "geometry": {
        "type": "Point",
        "coordinates": [
          2.341571,
          48.848974
        ]
      },
      "properties": {
        "id_bat": 2671,
        "libelle": "44 boulevard Saint-Michel",
        "ensemble": "",
        "arrondissement": 5,
        "image_ref": 14778,
        "terme_jantzen_bat": [
          "lucarne",
          "oeil-de-boeuf",
          "sculpture",
          "toiture"
        ]
      }
    },
    {
      "type": "Feature",
      "geometry": {
        "type": "Point",
        "coordinates": [
          2.334639,
          48.876322
        ]
      },
      "properties": {
        "id_bat": 2677,
        "libelle": "44 rue de Châteaudun",
        "ensemble": "",
        "arrondissement": 9,
        "image_ref": 2441,
        "terme_jantzen_bat": [
          "décor",
          "façade",
          "fenetre",
          "lucarne",
          "pilastre",
          "porte-fer",
          "sculpture"
        ]
      }
    },
    {
      "type": "Feature",
      "geometry": {
        "type": "Point",
        "coordinates": [
          2.276023,
          48.869069
        ]
      },
      "properties": {
        "id_bat": 2678,
        "libelle": "44 rue de la Faisanderie",
        "ensemble": "",
        "arrondissement": 16,
        "image_ref": 4338,
        "terme_jantzen_bat": [
          "balcon",
          "façade-d'angle",
          "fenetre-d'angle",
          "sculpture",
          "tourelle"
        ]
      }
    },
    {
      "type": "Feature",
      "geometry": {
        "type": "Point",
        "coordinates": [
          2.350137,
          48.875528
        ]
      },
      "properties": {
        "id_bat": 2682,
        "libelle": "44 rue de Paradis",
        "ensemble": "",
        "arrondissement": 10,
        "image_ref": 11130,
        "terme_jantzen_bat": [
          "console",
          "sculpture"
        ]
      }
    },
    {
      "type": "Feature",
      "geometry": {
        "type": "Point",
        "coordinates": [
          2.328148,
          48.858329
        ]
      },
      "properties": {
        "id_bat": 2683,
        "libelle": "44 rue de Verneuil",
        "ensemble": "",
        "arrondissement": 7,
        "image_ref": 16076,
        "terme_jantzen_bat": [
          "balcon",
          "colonne",
          "garde-corps"
        ]
      }
    },
    {
      "type": "Feature",
      "geometry": {
        "type": "Point",
        "coordinates": [
          2.349868,
          48.87394
        ]
      },
      "properties": {
        "id_bat": 2684,
        "libelle": "44 rue des Petites-Écuries",
        "ensemble": "",
        "arrondissement": 10,
        "image_ref": 11452,
        "terme_jantzen_bat": [
          "colonne",
          "porte-bois"
        ]
      }
    },
    {
      "type": "Feature",
      "geometry": {
        "type": "Point",
        "coordinates": [
          2.357134,
          48.855604
        ]
      },
      "properties": {
        "id_bat": 2688,
        "libelle": "44 rue François-Miron",
        "ensemble": "",
        "arrondissement": 4,
        "image_ref": 4874,
        "terme_jantzen_bat": [
          "fenetre",
          "lucarne"
        ]
      }
    },
    {
      "type": "Feature",
      "geometry": {
        "type": "Point",
        "coordinates": [
          2.276149,
          48.851382
        ]
      },
      "properties": {
        "id_bat": 2689,
        "libelle": "44 rue Gros",
        "ensemble": "",
        "arrondissement": 6,
        "image_ref": 5833,
        "terme_jantzen_bat": [
          "brique",
          "lucarne-d'angle"
        ]
      }
    },
    {
      "type": "Feature",
      "geometry": {
        "type": "Point",
        "coordinates": [
          2.287977,
          48.871959
        ]
      },
      "properties": {
        "id_bat": 2692,
        "libelle": "44 rue Paul-Valéry",
        "ensemble": "",
        "arrondissement": 16,
        "image_ref": 11293,
        "terme_jantzen_bat": [
          "colonne",
          "décor",
          "fenetre",
          "loggia",
          "sculpture"
        ]
      }
    },
    {
      "type": "Feature",
      "geometry": {
        "type": "Point",
        "coordinates": [
          2.35806,
          48.858028
        ]
      },
      "properties": {
        "id_bat": 2696,
        "libelle": "44 rue Vieille-du-Temple",
        "ensemble": "",
        "arrondissement": 4,
        "image_ref": 16472,
        "terme_jantzen_bat": [
          "fenetre",
          "porte-bois"
        ]
      }
    },
    {
      "type": "Feature",
      "geometry": {
        "type": "Point",
        "coordinates": [
          2.341486,
          48.871286
        ]
      },
      "properties": {
        "id_bat": 2698,
        "libelle": "44 rue Vivienne",
        "ensemble": "",
        "arrondissement": 2,
        "image_ref": 16646,
        "terme_jantzen_bat": [
          "fenetre",
          "métal",
          "oriel"
        ]
      }
    },
    {
      "type": "Feature",
      "geometry": {
        "type": "Point",
        "coordinates": [
          2.319688,
          48.881738
        ]
      },
      "properties": {
        "id_bat": 2703,
        "libelle": "45 boulevard des Batignolles",
        "ensemble": "",
        "arrondissement": 8,
        "image_ref": 854,
        "terme_jantzen_bat": [
          "brique",
          "colonne",
          "décor",
          "façade",
          "fenetre",
          "porte",
          "porte-bois",
          "sculpture"
        ]
      }
    },
    {
      "type": "Feature",
      "geometry": {
        "type": "Point",
        "coordinates": [
          2.288886,
          48.867343
        ]
      },
      "properties": {
        "id_bat": 2706,
        "libelle": "45 rue Boissière",
        "ensemble": "",
        "arrondissement": 16,
        "image_ref": 1397,
        "terme_jantzen_bat": [
          "fenetre",
          "mosaique"
        ]
      }
    },
    {
      "type": "Feature",
      "geometry": {
        "type": "Point",
        "coordinates": [
          2.28172,
          48.844034
        ]
      },
      "properties": {
        "id_bat": 2709,
        "libelle": "45 rue de la Convention",
        "ensemble": "",
        "arrondissement": 15,
        "image_ref": 2982,
        "terme_jantzen_bat": [
          "brique",
          "façade",
          "lucarne",
          "porte-fer-hall"
        ]
      }
    },
    {
      "type": "Feature",
      "geometry": {
        "type": "Point",
        "coordinates": [
          2.332907,
          48.866499
        ]
      },
      "properties": {
        "id_bat": 2717,
        "libelle": "45 rue Saint-Roch",
        "ensemble": "",
        "arrondissement": 1,
        "image_ref": 14883,
        "terme_jantzen_bat": [
          "atlante",
          "fenetre",
          "porte-fer"
        ]
      }
    },
    {
      "type": "Feature",
      "geometry": {
        "type": "Point",
        "coordinates": [
          2.357884,
          48.857991
        ]
      },
      "properties": {
        "id_bat": 2719,
        "libelle": "45 rue Vieille-du-Temple",
        "ensemble": "",
        "arrondissement": 4,
        "image_ref": 16473,
        "terme_jantzen_bat": [
          "clé",
          "fenetre",
          "oeil-de-boeuf",
          "porte-bois"
        ]
      }
    },
    {
      "type": "Feature",
      "geometry": {
        "type": "Point",
        "coordinates": [
          2.378612,
          48.84626
        ]
      },
      "properties": {
        "id_bat": 2722,
        "libelle": "46 boulevard Diderot",
        "ensemble": "",
        "arrondissement": 12,
        "image_ref": 3776,
        "terme_jantzen_bat": [
          "porte-fer"
        ]
      }
    },
    {
      "type": "Feature",
      "geometry": {
        "type": "Point",
        "coordinates": [
          2.345373,
          48.889233
        ]
      },
      "properties": {
        "id_bat": 2726,
        "libelle": "46 rue Custine",
        "ensemble": "",
        "arrondissement": 18,
        "image_ref": 3358,
        "terme_jantzen_bat": [
          "balcon",
          "console",
          "fenetre",
          "garde-corps",
          "porte-fer",
          "sculpture"
        ]
      }
    },
    {
      "type": "Feature",
      "geometry": {
        "type": "Point",
        "coordinates": [
          2.326556,
          48.854232
        ]
      },
      "properties": {
        "id_bat": 2728,
        "libelle": "46 rue de Grenelle",
        "ensemble": "",
        "arrondissement": 7,
        "image_ref": 5730,
        "terme_jantzen_bat": [
          "chimère",
          "console",
          "sculpture"
        ]
      }
    },
    {
      "type": "Feature",
      "geometry": {
        "type": "Point",
        "coordinates": [
          2.3528,
          48.842685
        ]
      },
      "properties": {
        "id_bat": 2729,
        "libelle": "46 rue de la Clef",
        "ensemble": "",
        "arrondissement": 5,
        "image_ref": 2586,
        "terme_jantzen_bat": [
          "console",
          "sculpture"
        ]
      }
    },
    {
      "type": "Feature",
      "geometry": {
        "type": "Point",
        "coordinates": [
          2.336214,
          48.885473
        ]
      },
      "properties": {
        "id_bat": 2732,
        "libelle": "46 rue des Abbesses",
        "ensemble": "",
        "arrondissement": 18,
        "image_ref": 38,
        "terme_jantzen_bat": [
          "console",
          "décor",
          "façade",
          "fenetre",
          "porte-bois",
          "sculpture"
        ]
      }
    },
    {
      "type": "Feature",
      "geometry": {
        "type": "Point",
        "coordinates": [
          2.342754,
          48.864356
        ]
      },
      "properties": {
        "id_bat": 2735,
        "libelle": "46 rue du Louvre",
        "ensemble": "",
        "arrondissement": 1,
        "image_ref": 8821,
        "terme_jantzen_bat": [
          "façade-d'angle",
          "tour"
        ]
      }
    },
    {
      "type": "Feature",
      "geometry": {
        "type": "Point",
        "coordinates": [
          2.340883,
          48.853459
        ]
      },
      "properties": {
        "id_bat": 2737,
        "libelle": "46 rue Saint-André-des-Arts",
        "ensemble": "",
        "arrondissement": 6,
        "image_ref": 13832,
        "terme_jantzen_bat": [
          "balcon",
          "clé",
          "colonne",
          "façade",
          "fenetre",
          "garde-corps",
          "sculpture"
        ]
      }
    },
    {
      "type": "Feature",
      "geometry": {
        "type": "Point",
        "coordinates": [
          2.277387,
          48.868432
        ]
      },
      "properties": {
        "id_bat": 2738,
        "libelle": "46 rue Spontini",
        "ensemble": "",
        "arrondissement": 16,
        "image_ref": 13802,
        "terme_jantzen_bat": [
          "console",
          "façade-d'angle",
          "fenetre",
          "lucarne-d'angle",
          "sculpture",
          "toiture"
        ]
      }
    },
    {
      "type": "Feature",
      "geometry": {
        "type": "Point",
        "coordinates": [
          2.304588,
          48.879283
        ]
      },
      "properties": {
        "id_bat": 2741,
        "libelle": "47 boulevard de Courcelles",
        "ensemble": "",
        "arrondissement": 17,
        "image_ref": 3248,
        "terme_jantzen_bat": [
          "fenetre",
          "porte-bois"
        ]
      }
    },
    {
      "type": "Feature",
      "geometry": {
        "type": "Point",
        "coordinates": [
          2.291568,
          48.831511
        ]
      },
      "properties": {
        "id_bat": 2742,
        "libelle": "47 boulevard Lefebvre",
        "ensemble": "",
        "arrondissement": 15,
        "image_ref": 8252,
        "terme_jantzen_bat": [
          "brique",
          "décor",
          "façade",
          "fenetre",
          "lucarne"
        ]
      }
    },
    {
      "type": "Feature",
      "geometry": {
        "type": "Point",
        "coordinates": [
          2.308621,
          48.887576
        ]
      },
      "properties": {
        "id_bat": 2743,
        "libelle": "47 boulevard Pereire",
        "ensemble": "",
        "arrondissement": 17,
        "image_ref": 11418,
        "terme_jantzen_bat": [
          "clé",
          "porte-fer"
        ]
      }
    },
    {
      "type": "Feature",
      "geometry": {
        "type": "Point",
        "coordinates": [
          2.35219,
          48.850673
        ]
      },
      "properties": {
        "id_bat": 2744,
        "libelle": "47 quai de la Tournelle",
        "ensemble": "",
        "arrondissement": 5,
        "image_ref": 15373,
        "terme_jantzen_bat": [
          "clé",
          "colonne",
          "façade",
          "fenetre",
          "lucarne",
          "oeil-de-boeuf",
          "sculpture"
        ]
      }
    },
    {
      "type": "Feature",
      "geometry": {
        "type": "Point",
        "coordinates": [
          2.324934,
          48.850439
        ]
      },
      "properties": {
        "id_bat": 2746,
        "libelle": "47 rue de Sèvres",
        "ensemble": "",
        "arrondissement": 6,
        "image_ref": 13627,
        "terme_jantzen_bat": [
          "balcon",
          "colonne",
          "console",
          "décor",
          "façade-d'angle",
          "fenetre-d'angle",
          "lucarne",
          "oeil-de-boeuf",
          "pignon",
          "sculpture"
        ]
      }
    },
    {
      "type": "Feature",
      "geometry": {
        "type": "Point",
        "coordinates": [
          2.326305,
          48.847777
        ]
      },
      "properties": {
        "id_bat": 2750,
        "libelle": "47 rue Saint-Placide",
        "ensemble": "",
        "arrondissement": 6,
        "image_ref": 14868,
        "terme_jantzen_bat": [
          "clé",
          "façade",
          "porte-bois"
        ]
      }
    },
    {
      "type": "Feature",
      "geometry": {
        "type": "Point",
        "coordinates": [
          2.358052,
          48.858156
        ]
      },
      "properties": {
        "id_bat": 2752,
        "libelle": "47 rue Vieille-du-Temple",
        "ensemble": "",
        "arrondissement": 4,
        "image_ref": 16475,
        "terme_jantzen_bat": [
          "atlante",
          "clé",
          "console",
          "décor",
          "façade",
          "fenetre",
          "lucarne",
          "porte-bois",
          "sculpture",
          "toiture"
        ]
      }
    },
    {
      "type": "Feature",
      "geometry": {
        "type": "Point",
        "coordinates": [
          2.291117,
          48.867979
        ]
      },
      "properties": {
        "id_bat": 2753,
        "libelle": "47b avenue Kléber",
        "ensemble": "",
        "arrondissement": 16,
        "image_ref": 7507,
        "terme_jantzen_bat": [
          "clé",
          "porte-fer"
        ]
      }
    },
    {
      "type": "Feature",
      "geometry": {
        "type": "Point",
        "coordinates": [
          2.288497,
          48.863502
        ]
      },
      "properties": {
        "id_bat": 2756,
        "libelle": "48 avenue du Président-Wilson",
        "ensemble": "",
        "arrondissement": 16,
        "image_ref": 12046,
        "terme_jantzen_bat": [
          "fenetre",
          "loggia",
          "lucarne"
        ]
      }
    },
    {
      "type": "Feature",
      "geometry": {
        "type": "Point",
        "coordinates": [
          2.372078,
          48.858684
        ]
      },
      "properties": {
        "id_bat": 2760,
        "libelle": "48 boulevard Richard-Lenoir",
        "ensemble": "",
        "arrondissement": 11,
        "image_ref": 12985,
        "terme_jantzen_bat": [
          "balcon",
          "dome",
          "fenetre",
          "garde-corps",
          "lucarne",
          "oeil-de-boeuf",
          "pignon",
          "sculpture"
        ]
      }
    },
    {
      "type": "Feature",
      "geometry": {
        "type": "Point",
        "coordinates": [
          2.370494,
          48.827659
        ]
      },
      "properties": {
        "id_bat": 2768,
        "libelle": "48 rue de Tolbiac",
        "ensemble": "",
        "arrondissement": 13,
        "image_ref": 15302,
        "terme_jantzen_bat": [
          "dome",
          "lucarne-d'angle"
        ]
      }
    },
    {
      "type": "Feature",
      "geometry": {
        "type": "Point",
        "coordinates": [
          2.336055,
          48.885531
        ]
      },
      "properties": {
        "id_bat": 2769,
        "libelle": "48 rue des Abbesses",
        "ensemble": "",
        "arrondissement": 18,
        "image_ref": 45,
        "terme_jantzen_bat": [
          "balcon",
          "console",
          "décor",
          "façade-d'angle",
          "fenetre-d'angle",
          "garde-corps",
          "lucarne",
          "sculpture"
        ]
      }
    },
    {
      "type": "Feature",
      "geometry": {
        "type": "Point",
        "coordinates": [
          2.363542,
          48.857791
        ]
      },
      "properties": {
        "id_bat": 2771,
        "libelle": "48 rue Madame de Sévigné",
        "ensemble": "",
        "arrondissement": 3,
        "image_ref": 13590,
        "terme_jantzen_bat": [
          "fronton",
          "lucarne",
          "sculpture"
        ]
      }
    },
    {
      "type": "Feature",
      "geometry": {
        "type": "Point",
        "coordinates": [
          2.354393,
          48.856926
        ]
      },
      "properties": {
        "id_bat": 2772,
        "libelle": "48B rue de Rivoli",
        "ensemble": "",
        "arrondissement": 4,
        "image_ref": 13110,
        "terme_jantzen_bat": [
          "atlante",
          "fenetre",
          "porte-fer",
          "sculpture"
        ]
      }
    },
    {
      "type": "Feature",
      "geometry": {
        "type": "Point",
        "coordinates": [
          2.31021,
          48.858231
        ]
      },
      "properties": {
        "id_bat": 2777,
        "libelle": "49 boulevard de La Tour-Maubourg",
        "ensemble": "",
        "arrondissement": 7,
        "image_ref": 15364,
        "terme_jantzen_bat": [
          "fenetre",
          "porte-bois"
        ]
      }
    },
    {
      "type": "Feature",
      "geometry": {
        "type": "Point",
        "coordinates": [
          2.380995,
          48.846839
        ]
      },
      "properties": {
        "id_bat": 2778,
        "libelle": "49 boulevard Diderot",
        "ensemble": "",
        "arrondissement": 12,
        "image_ref": 3777,
        "terme_jantzen_bat": [
          "balcon",
          "colonne",
          "décor",
          "façade",
          "fenetre",
          "garde-corps",
          "porte-fer",
          "sculpture"
        ]
      }
    },
    {
      "type": "Feature",
      "geometry": {
        "type": "Point",
        "coordinates": [
          2.286411,
          48.833712
        ]
      },
      "properties": {
        "id_bat": 2780,
        "libelle": "49 boulevard Victor",
        "ensemble": "",
        "arrondissement": 15,
        "image_ref": 16315,
        "terme_jantzen_bat": [
          "balcon",
          "console",
          "décor",
          "façade-d'angle",
          "fenetre-d'angle",
          "lucarne-d'angle",
          "sculpture"
        ]
      }
    },
    {
      "type": "Feature",
      "geometry": {
        "type": "Point",
        "coordinates": [
          2.286354,
          48.869479
        ]
      },
      "properties": {
        "id_bat": 2782,
        "libelle": "49 rue Copernic",
        "ensemble": "",
        "arrondissement": 16,
        "image_ref": 2992,
        "terme_jantzen_bat": [
          "porte-fer-hall"
        ]
      }
    },
    {
      "type": "Feature",
      "geometry": {
        "type": "Point",
        "coordinates": [
          2.401359,
          48.851664
        ]
      },
      "properties": {
        "id_bat": 2785,
        "libelle": "49 rue de Buzenval",
        "ensemble": "",
        "arrondissement": 20,
        "image_ref": 1810,
        "terme_jantzen_bat": [
          "brique",
          "fenetre-d'angle",
          "lucarne"
        ]
      }
    },
    {
      "type": "Feature",
      "geometry": {
        "type": "Point",
        "coordinates": [
          2.280506,
          48.86047
        ]
      },
      "properties": {
        "id_bat": 2787,
        "libelle": "49 rue de la Tour",
        "ensemble": "",
        "arrondissement": 16,
        "image_ref": 15345,
        "terme_jantzen_bat": [
          "colonne",
          "porte-fer-hall"
        ]
      }
    },
    {
      "type": "Feature",
      "geometry": {
        "type": "Point",
        "coordinates": [
          2.346809,
          48.858851
        ]
      },
      "properties": {
        "id_bat": 2788,
        "libelle": "49 rue de Rivoli",
        "ensemble": "",
        "arrondissement": 1,
        "image_ref": 13120,
        "terme_jantzen_bat": [
          "balcon",
          "cariatide",
          "console",
          "décor",
          "façade",
          "fenetre",
          "garde-corps",
          "lucarne",
          "sculpture"
        ]
      }
    },
    {
      "type": "Feature",
      "geometry": {
        "type": "Point",
        "coordinates": [
          2.325866,
          48.842313
        ]
      },
      "properties": {
        "id_bat": 2790,
        "libelle": "49 rue du Montparnasse",
        "ensemble": "",
        "arrondissement": 14,
        "image_ref": 9987,
        "terme_jantzen_bat": [
          "porte-bois"
        ]
      }
    },
    {
      "type": "Feature",
      "geometry": {
        "type": "Point",
        "coordinates": [
          2.337348,
          48.87799
        ]
      },
      "properties": {
        "id_bat": 2794,
        "libelle": "49 rue Saint-Georges",
        "ensemble": "",
        "arrondissement": 9,
        "image_ref": 14224,
        "terme_jantzen_bat": [
          "façade",
          "porte-bois"
        ]
      }
    },
    {
      "type": "Feature",
      "geometry": {
        "type": "Point",
        "coordinates": [
          2.326358,
          48.847692
        ]
      },
      "properties": {
        "id_bat": 2795,
        "libelle": "49 rue Saint-Placide",
        "ensemble": "",
        "arrondissement": 6,
        "image_ref": 14870,
        "terme_jantzen_bat": [
          "façade",
          "porte-bois"
        ]
      }
    },
    {
      "type": "Feature",
      "geometry": {
        "type": "Point",
        "coordinates": [
          2.343884,
          48.889429
        ]
      },
      "properties": {
        "id_bat": 2797,
        "libelle": "49b rue Custine",
        "ensemble": "",
        "arrondissement": 18,
        "image_ref": 3364,
        "terme_jantzen_bat": [
          "fenetre",
          "lucarne",
          "porte-fer-hall",
          "sculpture"
        ]
      }
    },
    {
      "type": "Feature",
      "geometry": {
        "type": "Point",
        "coordinates": [
          2.305975,
          48.878484
        ]
      },
      "properties": {
        "id_bat": 2808,
        "libelle": "5 avenue Van-Dyck",
        "ensemble": "",
        "arrondissement": 8,
        "image_ref": 15780,
        "terme_jantzen_bat": [
          "balcon",
          "clé",
          "façade",
          "fenetre",
          "fronton",
          "garde-corps",
          "lucarne",
          "marquise",
          "oeil-de-boeuf",
          "sculpture"
        ]
      }
    },
    {
      "type": "Feature",
      "geometry": {
        "type": "Point",
        "coordinates": [
          2.366854,
          48.861513
        ]
      },
      "properties": {
        "id_bat": 2809,
        "libelle": "5 boulevard des Filles-du-Calvaire",
        "ensemble": "",
        "arrondissement": 3,
        "image_ref": 4599,
        "terme_jantzen_bat": [
          "fronton",
          "porte-bois"
        ]
      }
    },
    {
      "type": "Feature",
      "geometry": {
        "type": "Point",
        "coordinates": [
          2.309869,
          48.877605
        ]
      },
      "properties": {
        "id_bat": 2815,
        "libelle": "5 place de Rio-de-Janeiro",
        "ensemble": "",
        "arrondissement": 8,
        "image_ref": 13063,
        "terme_jantzen_bat": [
          "clé",
          "façade",
          "fronton",
          "lucarne",
          "porte-bois",
          "sculpture"
        ]
      }
    },
    {
      "type": "Feature",
      "geometry": {
        "type": "Point",
        "coordinates": [
          2.335742,
          48.857586
        ]
      },
      "properties": {
        "id_bat": 2822,
        "libelle": "5 quai Malaquais",
        "ensemble": "",
        "arrondissement": 6,
        "image_ref": 9033,
        "terme_jantzen_bat": [
          "fenetre",
          "garde-corps"
        ]
      }
    },
    {
      "type": "Feature",
      "geometry": {
        "type": "Point",
        "coordinates": [
          2.291908,
          48.875929
        ]
      },
      "properties": {
        "id_bat": 2824,
        "libelle": "5 rue Anatole-de-La-Forge",
        "ensemble": "",
        "arrondissement": 17,
        "image_ref": 343,
        "terme_jantzen_bat": [
          "intérieur",
          "porte-fer"
        ]
      }
    },
    {
      "type": "Feature",
      "geometry": {
        "type": "Point",
        "coordinates": [
          2.299789,
          48.874991
        ]
      },
      "properties": {
        "id_bat": 2827,
        "libelle": "5 rue Beaujon",
        "ensemble": "",
        "arrondissement": 8,
        "image_ref": 987,
        "terme_jantzen_bat": [
          "dome",
          "façade-d'angle",
          "porte-bois"
        ]
      }
    },
    {
      "type": "Feature",
      "geometry": {
        "type": "Point",
        "coordinates": [
          2.335108,
          48.857124
        ]
      },
      "properties": {
        "id_bat": 2829,
        "libelle": "5 rue Bonaparte",
        "ensemble": "",
        "arrondissement": 6,
        "image_ref": 1413,
        "terme_jantzen_bat": [
          "poignée-porte",
          "porte-bois"
        ]
      }
    },
    {
      "type": "Feature",
      "geometry": {
        "type": "Point",
        "coordinates": [
          2.320053,
          48.858792
        ]
      },
      "properties": {
        "id_bat": 2830,
        "libelle": "5 rue Casimir-Périer",
        "ensemble": "",
        "arrondissement": 7,
        "image_ref": 2012,
        "terme_jantzen_bat": [
          "brique",
          "fenetre-d'angle",
          "lucarne"
        ]
      }
    },
    {
      "type": "Feature",
      "geometry": {
        "type": "Point",
        "coordinates": [
          2.337616,
          48.836874
        ]
      },
      "properties": {
        "id_bat": 2831,
        "libelle": "5 rue Cassini",
        "ensemble": "",
        "arrondissement": 14,
        "image_ref": 2024,
        "terme_jantzen_bat": [
          "brique",
          "façade",
          "fenetre",
          "verrière"
        ]
      }
    },
    {
      "type": "Feature",
      "geometry": {
        "type": "Point",
        "coordinates": [
          2.284641,
          48.85697
        ]
      },
      "properties": {
        "id_bat": 2834,
        "libelle": "5 rue Charles-Dickens",
        "ensemble": "",
        "arrondissement": 16,
        "image_ref": 2349,
        "terme_jantzen_bat": [
          "balcon",
          "fenetre-d'angle"
        ]
      }
    },
    {
      "type": "Feature",
      "geometry": {
        "type": "Point",
        "coordinates": [
          2.346758,
          48.851195
        ]
      },
      "properties": {
        "id_bat": 2837,
        "libelle": "5 rue Dante",
        "ensemble": "",
        "arrondissement": 5,
        "image_ref": 3441,
        "terme_jantzen_bat": [
          "atlante",
          "colonne",
          "console",
          "fenetre",
          "porte-fer",
          "porte-fer-hall",
          "sculpture"
        ]
      }
    },
    {
      "type": "Feature",
      "geometry": {
        "type": "Point",
        "coordinates": [
          2.398212,
          48.835773
        ]
      },
      "properties": {
        "id_bat": 2839,
        "libelle": "5 rue de Capri",
        "ensemble": "",
        "arrondissement": 12,
        "image_ref": 1929,
        "terme_jantzen_bat": [
          "porte-fer-hall"
        ]
      }
    },
    {
      "type": "Feature",
      "geometry": {
        "type": "Point",
        "coordinates": [
          2.35822,
          48.879799
        ]
      },
      "properties": {
        "id_bat": 2843,
        "libelle": "5 rue de l'Aqueduc",
        "ensemble": "",
        "arrondissement": 10,
        "image_ref": 476,
        "terme_jantzen_bat": [
          "balcon",
          "colonne",
          "façade",
          "fenetre",
          "garde-corps",
          "lucarne",
          "métal",
          "porte-bois"
        ]
      }
    },
    {
      "type": "Feature",
      "geometry": {
        "type": "Point",
        "coordinates": [
          2.341955,
          48.850587
        ]
      },
      "properties": {
        "id_bat": 2845,
        "libelle": "5 rue de l'École-de-Médecine",
        "ensemble": "",
        "arrondissement": 6,
        "image_ref": 3940,
        "terme_jantzen_bat": [
          "atlante",
          "console",
          "dome",
          "façade",
          "fronton",
          "lucarne",
          "oeil-de-boeuf",
          "porte",
          "porte-bois",
          "sculpture",
          "tourelle"
        ]
      }
    },
    {
      "type": "Feature",
      "geometry": {
        "type": "Point",
        "coordinates": [
          2.310726,
          48.876693
        ]
      },
      "properties": {
        "id_bat": 2850,
        "libelle": "5 rue de Messine",
        "ensemble": "",
        "arrondissement": 8,
        "image_ref": 9569,
        "terme_jantzen_bat": [
          "porte-fer",
          "porte-fer-hall"
        ]
      }
    },
    {
      "type": "Feature",
      "geometry": {
        "type": "Point",
        "coordinates": [
          2.362517,
          48.859604
        ]
      },
      "properties": {
        "id_bat": 2853,
        "libelle": "5 rue de Thorigny",
        "ensemble": "",
        "arrondissement": 3,
        "image_ref": 15200,
        "terme_jantzen_bat": [
          "fenetre",
          "lucarne",
          "sculpture"
        ]
      }
    },
    {
      "type": "Feature",
      "geometry": {
        "type": "Point",
        "coordinates": [
          2.290927,
          48.877886
        ]
      },
      "properties": {
        "id_bat": 2855,
        "libelle": "5 rue des Colonels-Renard",
        "ensemble": "",
        "arrondissement": 17,
        "image_ref": 2834,
        "terme_jantzen_bat": [
          "porte-fer-hall"
        ]
      }
    },
    {
      "type": "Feature",
      "geometry": {
        "type": "Point",
        "coordinates": [
          2.34672,
          48.87284
        ]
      },
      "properties": {
        "id_bat": 2858,
        "libelle": "5 rue du Conservatoire",
        "ensemble": "",
        "arrondissement": 9,
        "image_ref": 2926,
        "terme_jantzen_bat": [
          "dome",
          "façade-d'angle",
          "lucarne",
          "lucarne-d'angle"
        ]
      }
    },
    {
      "type": "Feature",
      "geometry": {
        "type": "Point",
        "coordinates": [
          2.326802,
          48.848913
        ]
      },
      "properties": {
        "id_bat": 2863,
        "libelle": "5 rue du Regard",
        "ensemble": "",
        "arrondissement": 6,
        "image_ref": 12809,
        "terme_jantzen_bat": [
          "porte-bois"
        ]
      }
    },
    {
      "type": "Feature",
      "geometry": {
        "type": "Point",
        "coordinates": [
          2.403293,
          48.86875
        ]
      },
      "properties": {
        "id_bat": 2868,
        "libelle": "5 rue Ernest-Lefèvre",
        "ensemble": "",
        "arrondissement": 20,
        "image_ref": 4130,
        "terme_jantzen_bat": [
          "clé",
          "sculpture"
        ]
      }
    },
    {
      "type": "Feature",
      "geometry": {
        "type": "Point",
        "coordinates": [
          2.356535,
          48.85586
        ]
      },
      "properties": {
        "id_bat": 2870,
        "libelle": "5 rue François-Miron",
        "ensemble": "",
        "arrondissement": 4,
        "image_ref": 4877,
        "terme_jantzen_bat": [
          "façade",
          "fenetre",
          "fronton",
          "lucarne",
          "pilastre",
          "sculpture"
        ]
      }
    },
    {
      "type": "Feature",
      "geometry": {
        "type": "Point",
        "coordinates": [
          2.33028,
          48.834569
        ]
      },
      "properties": {
        "id_bat": 2871,
        "libelle": "5 rue Froidevaux",
        "ensemble": "",
        "arrondissement": 14,
        "image_ref": 5014,
        "terme_jantzen_bat": [
          "balcon",
          "brique",
          "console",
          "décor",
          "façade",
          "fenetre",
          "garde-corps",
          "lucarne",
          "mosaique",
          "porte-fer-hall",
          "verrière"
        ]
      }
    },
    {
      "type": "Feature",
      "geometry": {
        "type": "Point",
        "coordinates": [
          2.342964,
          48.852403
        ]
      },
      "properties": {
        "id_bat": 2873,
        "libelle": "5 rue Hautefeuille",
        "ensemble": "",
        "arrondissement": 6,
        "image_ref": 6192,
        "terme_jantzen_bat": [
          "façade",
          "façade-d'angle",
          "fenetre",
          "fronton",
          "lucarne",
          "pignon",
          "sculpture",
          "tourelle"
        ]
      }
    },
    {
      "type": "Feature",
      "geometry": {
        "type": "Point",
        "coordinates": [
          2.338138,
          48.882832
        ]
      },
      "properties": {
        "id_bat": 2876,
        "libelle": "5 rue Houdon",
        "ensemble": "",
        "arrondissement": 18,
        "image_ref": 6580,
        "terme_jantzen_bat": [
          "brique",
          "clé",
          "fenetre",
          "garde-corps",
          "oriel",
          "porte-fer",
          "sculpture"
        ]
      }
    },
    {
      "type": "Feature",
      "geometry": {
        "type": "Point",
        "coordinates": [
          2.266832,
          48.859151
        ]
      },
      "properties": {
        "id_bat": 2880,
        "libelle": "5 rue Louis-Boilly",
        "ensemble": "",
        "arrondissement": 16,
        "image_ref": 8490,
        "terme_jantzen_bat": [
          "console",
          "sculpture"
        ]
      }
    },
    {
      "type": "Feature",
      "geometry": {
        "type": "Point",
        "coordinates": [
          2.281066,
          48.874079
        ]
      },
      "properties": {
        "id_bat": 2882,
        "libelle": "5 rue Marbeau",
        "ensemble": "",
        "arrondissement": 16,
        "image_ref": 9124,
        "terme_jantzen_bat": [
          "balcon",
          "fenetre",
          "garde-corps",
          "verrière"
        ]
      }
    },
    {
      "type": "Feature",
      "geometry": {
        "type": "Point",
        "coordinates": [
          2.373732,
          48.846393
        ]
      },
      "properties": {
        "id_bat": 2883,
        "libelle": "5 rue Michel-Chasles",
        "ensemble": "",
        "arrondissement": 12,
        "image_ref": 9645,
        "terme_jantzen_bat": [
          "console",
          "façade",
          "fenetre",
          "garde-corps",
          "loggia",
          "lucarne",
          "sculpture"
        ]
      }
    },
    {
      "type": "Feature",
      "geometry": {
        "type": "Point",
        "coordinates": [
          2.335754,
          48.842466
        ]
      },
      "properties": {
        "id_bat": 2884,
        "libelle": "5 rue Michelet",
        "ensemble": "",
        "arrondissement": 6,
        "image_ref": 9657,
        "terme_jantzen_bat": [
          "façade",
          "porte-bois"
        ]
      }
    },
    {
      "type": "Feature",
      "geometry": {
        "type": "Point",
        "coordinates": [
          2.36122,
          48.865418
        ]
      },
      "properties": {
        "id_bat": 2888,
        "libelle": "5 rue Paul-Dubois",
        "ensemble": "",
        "arrondissement": 3,
        "image_ref": 11284,
        "terme_jantzen_bat": [
          "console",
          "façade-d'angle",
          "sculpture"
        ]
      }
    },
    {
      "type": "Feature",
      "geometry": {
        "type": "Point",
        "coordinates": [
          2.319855,
          48.873356
        ]
      },
      "properties": {
        "id_bat": 2890,
        "libelle": "5 rue Roquépine",
        "ensemble": "",
        "arrondissement": 8,
        "image_ref": 13235,
        "terme_jantzen_bat": [
          "tourelle"
        ]
      }
    },
    {
      "type": "Feature",
      "geometry": {
        "type": "Point",
        "coordinates": [
          2.310312,
          48.846868
        ]
      },
      "properties": {
        "id_bat": 2893,
        "libelle": "5 rue Valentin-Haüy",
        "ensemble": "",
        "arrondissement": 15,
        "image_ref": 15171,
        "terme_jantzen_bat": [
          "balcon",
          "dome",
          "lucarne-d'angle",
          "porte-fer-hall"
        ]
      }
    },
    {
      "type": "Feature",
      "geometry": {
        "type": "Point",
        "coordinates": [
          2.330974,
          48.836244
        ]
      },
      "properties": {
        "id_bat": 2895,
        "libelle": "5 rue Victor-Schœlcher",
        "ensemble": "",
        "arrondissement": 14,
        "image_ref": 13419,
        "terme_jantzen_bat": [
          "clé",
          "fenetre",
          "garde-corps",
          "lucarne",
          "mosaique",
          "pignon",
          "porte-fer"
        ]
      }
    },
    {
      "type": "Feature",
      "geometry": {
        "type": "Point",
        "coordinates": [
          2.310392,
          48.847811
        ]
      },
      "properties": {
        "id_bat": 2899,
        "libelle": "50 avenue de Saxe",
        "ensemble": "",
        "arrondissement": 15,
        "image_ref": 13381,
        "terme_jantzen_bat": [
          "dome",
          "fenetre-d'angle",
          "lucarne",
          "oeil-de-boeuf",
          "porte-fer-hall"
        ]
      }
    },
    {
      "type": "Feature",
      "geometry": {
        "type": "Point",
        "coordinates": [
          2.30508,
          48.84719
        ]
      },
      "properties": {
        "id_bat": 2900,
        "libelle": "50 avenue de Ségur",
        "ensemble": "",
        "arrondissement": 15,
        "image_ref": 13499,
        "terme_jantzen_bat": [
          "brique",
          "console",
          "céramique",
          "décor",
          "métal",
          "oriel",
          "porte-fer"
        ]
      }
    },
    {
      "type": "Feature",
      "geometry": {
        "type": "Point",
        "coordinates": [
          2.308337,
          48.867826
        ]
      },
      "properties": {
        "id_bat": 2904,
        "libelle": "50 avenue Montaigne",
        "ensemble": "",
        "arrondissement": 8,
        "image_ref": 9842,
        "terme_jantzen_bat": [
          "clé",
          "console",
          "sculpture"
        ]
      }
    },
    {
      "type": "Feature",
      "geometry": {
        "type": "Point",
        "coordinates": [
          2.288136,
          48.87099
        ]
      },
      "properties": {
        "id_bat": 2905,
        "libelle": "50 avenue Victor-Hugo",
        "ensemble": "",
        "arrondissement": 16,
        "image_ref": 16371,
        "terme_jantzen_bat": [
          "façade",
          "fenetre",
          "loggia"
        ]
      }
    },
    {
      "type": "Feature",
      "geometry": {
        "type": "Point",
        "coordinates": [
          2.360573,
          48.838769
        ]
      },
      "properties": {
        "id_bat": 2906,
        "libelle": "50 boulevard de l'Hôpital",
        "ensemble": "",
        "arrondissement": 13,
        "image_ref": 6376,
        "terme_jantzen_bat": [
          "balcon",
          "dome",
          "façade-d'angle",
          "fenetre-d'angle",
          "lucarne-d'angle",
          "pignon"
        ]
      }
    },
    {
      "type": "Feature",
      "geometry": {
        "type": "Point",
        "coordinates": [
          2.262963,
          48.842014
        ]
      },
      "properties": {
        "id_bat": 2908,
        "libelle": "50 boulevard Exelmans",
        "ensemble": "",
        "arrondissement": 16,
        "image_ref": 4313,
        "terme_jantzen_bat": [
          "balcon",
          "fenetre-d'angle",
          "lucarne",
          "toiture"
        ]
      }
    },
    {
      "type": "Feature",
      "geometry": {
        "type": "Point",
        "coordinates": [
          2.364609,
          48.858282
        ]
      },
      "properties": {
        "id_bat": 2912,
        "libelle": "50 rue de Turenne",
        "ensemble": "",
        "arrondissement": 3,
        "image_ref": 15609,
        "terme_jantzen_bat": [
          "clé",
          "fenetre",
          "lucarne",
          "porte-bois",
          "sculpture"
        ]
      }
    },
    {
      "type": "Feature",
      "geometry": {
        "type": "Point",
        "coordinates": [
          2.320256,
          48.878056
        ]
      },
      "properties": {
        "id_bat": 2914,
        "libelle": "50 rue du Rocher",
        "ensemble": "",
        "arrondissement": 8,
        "image_ref": 13206,
        "terme_jantzen_bat": [
          "console",
          "fenetre",
          "porte-fer",
          "sculpture"
        ]
      }
    },
    {
      "type": "Feature",
      "geometry": {
        "type": "Point",
        "coordinates": [
          2.340599,
          48.894038
        ]
      },
      "properties": {
        "id_bat": 2915,
        "libelle": "50 rue du Ruisseau",
        "ensemble": "",
        "arrondissement": 18,
        "image_ref": 13312,
        "terme_jantzen_bat": [
          "brique",
          "décor",
          "fenetre"
        ]
      }
    },
    {
      "type": "Feature",
      "geometry": {
        "type": "Point",
        "coordinates": [
          2.307635,
          48.885468
        ]
      },
      "properties": {
        "id_bat": 2917,
        "libelle": "50 rue Jouffroy-d'Abbans",
        "ensemble": "",
        "arrondissement": 17,
        "image_ref": 7408,
        "terme_jantzen_bat": [
          "brique",
          "fenetre",
          "lucarne"
        ]
      }
    },
    {
      "type": "Feature",
      "geometry": {
        "type": "Point",
        "coordinates": [
          2.286068,
          48.877271
        ]
      },
      "properties": {
        "id_bat": 2919,
        "libelle": "50 rue Saint-Ferdinand",
        "ensemble": "",
        "arrondissement": 17,
        "image_ref": 14175,
        "terme_jantzen_bat": [
          "balcon",
          "céramique",
          "décor",
          "façade",
          "fenetre",
          "garde-corps",
          "métal",
          "oriel",
          "sculpture"
        ]
      }
    },
    {
      "type": "Feature",
      "geometry": {
        "type": "Point",
        "coordinates": [
          2.367931,
          48.857062
        ]
      },
      "properties": {
        "id_bat": 2926,
        "libelle": "51 boulevard Beaumarchais",
        "ensemble": "",
        "arrondissement": 4,
        "image_ref": 1011,
        "terme_jantzen_bat": [
          "clé",
          "poignée-porte",
          "porte-bois",
          "sculpture"
        ]
      }
    },
    {
      "type": "Feature",
      "geometry": {
        "type": "Point",
        "coordinates": [
          2.291842,
          48.831392
        ]
      },
      "properties": {
        "id_bat": 2929,
        "libelle": "51 boulevard Lefebvre",
        "ensemble": "",
        "arrondissement": 15,
        "image_ref": 8254,
        "terme_jantzen_bat": [
          "façade-d'angle",
          "fenetre-d'angle",
          "lucarne",
          "porte-fer"
        ]
      }
    },
    {
      "type": "Feature",
      "geometry": {
        "type": "Point",
        "coordinates": [
          2.381094,
          48.873179
        ]
      },
      "properties": {
        "id_bat": 2934,
        "libelle": "51 rue de Belleville",
        "ensemble": "",
        "arrondissement": 19,
        "image_ref": 1117,
        "terme_jantzen_bat": [
          "console",
          "façade",
          "fenetre",
          "pilastre",
          "porte",
          "porte-bois",
          "sculpture"
        ]
      }
    },
    {
      "type": "Feature",
      "geometry": {
        "type": "Point",
        "coordinates": [
          2.325241,
          48.858599
        ]
      },
      "properties": {
        "id_bat": 2935,
        "libelle": "51 rue de l'Université",
        "ensemble": "",
        "arrondissement": 7,
        "image_ref": 15682,
        "terme_jantzen_bat": [
          "colonne",
          "poignée-porte",
          "porte-bois"
        ]
      }
    },
    {
      "type": "Feature",
      "geometry": {
        "type": "Point",
        "coordinates": [
          2.347889,
          48.874467
        ]
      },
      "properties": {
        "id_bat": 2938,
        "libelle": "51 rue du Faubourg-Poissonnière",
        "ensemble": "",
        "arrondissement": 9,
        "image_ref": 4359,
        "terme_jantzen_bat": [
          "brique",
          "façade",
          "fenetre",
          "métal",
          "oriel"
        ]
      }
    },
    {
      "type": "Feature",
      "geometry": {
        "type": "Point",
        "coordinates": [
          2.352167,
          48.866209
        ]
      },
      "properties": {
        "id_bat": 2942,
        "libelle": "51 rue Réaumur",
        "ensemble": "",
        "arrondissement": 2,
        "image_ref": 12742,
        "terme_jantzen_bat": [
          "balcon",
          "console",
          "dome",
          "décor",
          "façade-d'angle",
          "fenetre",
          "fenetre-d'angle",
          "loggia",
          "lucarne",
          "lucarne-d'angle",
          "oeil-de-boeuf",
          "sculpture",
          "tourelle"
        ]
      }
    },
    {
      "type": "Feature",
      "geometry": {
        "type": "Point",
        "coordinates": [
          2.355594,
          48.852126
        ]
      },
      "properties": {
        "id_bat": 2943,
        "libelle": "51 rue Saint-Louis-en-l'Île",
        "ensemble": "",
        "arrondissement": 4,
        "image_ref": 14599,
        "terme_jantzen_bat": [
          "balcon",
          "clé",
          "console",
          "fenetre",
          "garde-corps",
          "porte-bois",
          "sculpture"
        ]
      }
    },
    {
      "type": "Feature",
      "geometry": {
        "type": "Point",
        "coordinates": [
          2.291321,
          48.869051
        ]
      },
      "properties": {
        "id_bat": 2945,
        "libelle": "52 avenue Kléber",
        "ensemble": "",
        "arrondissement": 16,
        "image_ref": 7509,
        "terme_jantzen_bat": [
          "atlante",
          "cariatide",
          "colonne",
          "façade-d'angle",
          "fenetre",
          "garde-corps",
          "lucarne",
          "sculpture"
        ]
      }
    },
    {
      "type": "Feature",
      "geometry": {
        "type": "Point",
        "coordinates": [
          2.315466,
          48.840833
        ]
      },
      "properties": {
        "id_bat": 2946,
        "libelle": "52 boulevard de Vaugirard",
        "ensemble": "",
        "arrondissement": 15,
        "image_ref": 15944,
        "terme_jantzen_bat": [
          "balcon",
          "console",
          "dome",
          "façade",
          "fenetre",
          "garde-corps",
          "lucarne",
          "oeil-de-boeuf",
          "porte-fer-hall",
          "sculpture"
        ]
      }
    },
    {
      "type": "Feature",
      "geometry": {
        "type": "Point",
        "coordinates": [
          2.345843,
          48.883413
        ]
      },
      "properties": {
        "id_bat": 2947,
        "libelle": "52 boulevard Marguerite-de-Rochechouart",
        "ensemble": "",
        "arrondissement": 18,
        "image_ref": 13194,
        "terme_jantzen_bat": [
          "brique",
          "console",
          "décor",
          "façade",
          "fenetre"
        ]
      }
    },
    {
      "type": "Feature",
      "geometry": {
        "type": "Point",
        "coordinates": [
          2.338519,
          48.853847
        ]
      },
      "properties": {
        "id_bat": 2950,
        "libelle": "52 rue Dauphine",
        "ensemble": "",
        "arrondissement": 6,
        "image_ref": 3602,
        "terme_jantzen_bat": [
          "console",
          "façade-d'angle",
          "fenetre-d'angle",
          "fronton",
          "garde-corps",
          "sculpture"
        ]
      }
    },
    {
      "type": "Feature",
      "geometry": {
        "type": "Point",
        "coordinates": [
          2.333628,
          48.876385
        ]
      },
      "properties": {
        "id_bat": 2951,
        "libelle": "52 rue de Châteaudun",
        "ensemble": "",
        "arrondissement": 9,
        "image_ref": 2462,
        "terme_jantzen_bat": [
          "clé",
          "façade",
          "fenetre",
          "porte-fer"
        ]
      }
    },
    {
      "type": "Feature",
      "geometry": {
        "type": "Point",
        "coordinates": [
          2.353624,
          48.857109
        ]
      },
      "properties": {
        "id_bat": 2953,
        "libelle": "52 rue de Rivoli",
        "ensemble": "",
        "arrondissement": 4,
        "image_ref": 13134,
        "terme_jantzen_bat": [
          "dome",
          "lucarne",
          "lucarne-d'angle",
          "oeil-de-boeuf"
        ]
      }
    },
    {
      "type": "Feature",
      "geometry": {
        "type": "Point",
        "coordinates": [
          2.321506,
          48.883883
        ]
      },
      "properties": {
        "id_bat": 2956,
        "libelle": "52 rue des Dames",
        "ensemble": "",
        "arrondissement": 17,
        "image_ref": 3378,
        "terme_jantzen_bat": [
          "fenetre",
          "garde-corps"
        ]
      }
    },
    {
      "type": "Feature",
      "geometry": {
        "type": "Point",
        "coordinates": [
          2.340363,
          48.853477
        ]
      },
      "properties": {
        "id_bat": 2959,
        "libelle": "52 rue Saint-André-des-Arts",
        "ensemble": "",
        "arrondissement": 6,
        "image_ref": 13841,
        "terme_jantzen_bat": [
          "balcon",
          "clé",
          "console",
          "façade",
          "façade-d'angle",
          "fenetre",
          "fenetre-d'angle",
          "garde-corps",
          "oeil-de-boeuf",
          "porte-bois",
          "sculpture"
        ]
      }
    },
    {
      "type": "Feature",
      "geometry": {
        "type": "Point",
        "coordinates": [
          2.337424,
          48.877591
        ]
      },
      "properties": {
        "id_bat": 2960,
        "libelle": "52 rue Saint-Georges",
        "ensemble": "",
        "arrondissement": 9,
        "image_ref": 14226,
        "terme_jantzen_bat": [
          "porte-bois"
        ]
      }
    },
    {
      "type": "Feature",
      "geometry": {
        "type": "Point",
        "coordinates": [
          2.295304,
          48.870598
        ]
      },
      "properties": {
        "id_bat": 2963,
        "libelle": "53 avenue d'Iéna",
        "ensemble": "",
        "arrondissement": 16,
        "image_ref": 6599,
        "terme_jantzen_bat": [
          "lucarne-d'angle"
        ]
      }
    },
    {
      "type": "Feature",
      "geometry": {
        "type": "Point",
        "coordinates": [
          2.286884,
          48.833513
        ]
      },
      "properties": {
        "id_bat": 2965,
        "libelle": "53 boulevard Victor",
        "ensemble": "",
        "arrondissement": 15,
        "image_ref": 16330,
        "terme_jantzen_bat": [
          "balcon",
          "fenetre-d'angle",
          "lucarne",
          "lucarne-d'angle"
        ]
      }
    },
    {
      "type": "Feature",
      "geometry": {
        "type": "Point",
        "coordinates": [
          2.306445,
          48.882957
        ]
      },
      "properties": {
        "id_bat": 2969,
        "libelle": "53 rue Cardinet",
        "ensemble": "",
        "arrondissement": 17,
        "image_ref": 1990,
        "terme_jantzen_bat": [
          "décor",
          "porte-bois",
          "sculpture"
        ]
      }
    },
    {
      "type": "Feature",
      "geometry": {
        "type": "Point",
        "coordinates": [
          2.274611,
          48.856691
        ]
      },
      "properties": {
        "id_bat": 2970,
        "libelle": "53 rue de Boulainvilliers",
        "ensemble": "",
        "arrondissement": 16,
        "image_ref": 1461,
        "terme_jantzen_bat": [
          "balcon",
          "dome",
          "façade-d'angle",
          "fenetre-d'angle",
          "lucarne",
          "lucarne-d'angle",
          "oeil-de-boeuf",
          "pignon"
        ]
      }
    },
    {
      "type": "Feature",
      "geometry": {
        "type": "Point",
        "coordinates": [
          2.328577,
          48.880842
        ]
      },
      "properties": {
        "id_bat": 2971,
        "libelle": "53 rue de Clichy",
        "ensemble": "",
        "arrondissement": 9,
        "image_ref": 2617,
        "terme_jantzen_bat": [
          "façade",
          "porte-fer-hall"
        ]
      }
    },
    {
      "type": "Feature",
      "geometry": {
        "type": "Point",
        "coordinates": [
          2.32202,
          48.883883
        ]
      },
      "properties": {
        "id_bat": 2974,
        "libelle": "53 rue des Dames",
        "ensemble": "",
        "arrondissement": 17,
        "image_ref": 3380,
        "terme_jantzen_bat": [
          "brique",
          "décor",
          "oeil-de-boeuf",
          "sculpture"
        ]
      }
    },
    {
      "type": "Feature",
      "geometry": {
        "type": "Point",
        "coordinates": [
          2.306787,
          48.884813
        ]
      },
      "properties": {
        "id_bat": 2979,
        "libelle": "53 rue Jouffroy-d'Abbans",
        "ensemble": "",
        "arrondissement": 17,
        "image_ref": 7409,
        "terme_jantzen_bat": [
          "façade",
          "porte-fer"
        ]
      }
    },
    {
      "type": "Feature",
      "geometry": {
        "type": "Point",
        "coordinates": [
          2.375288,
          48.880219
        ]
      },
      "properties": {
        "id_bat": 2991,
        "libelle": "54 avenue Secrétan",
        "ensemble": "",
        "arrondissement": 19,
        "image_ref": 13458,
        "terme_jantzen_bat": [
          "dome",
          "lucarne",
          "lucarne-d'angle"
        ]
      }
    },
    {
      "type": "Feature",
      "geometry": {
        "type": "Point",
        "coordinates": [
          2.272787,
          48.862792
        ]
      },
      "properties": {
        "id_bat": 2992,
        "libelle": "54 boulevard Émile-Augier",
        "ensemble": "",
        "arrondissement": 16,
        "image_ref": 4046,
        "terme_jantzen_bat": [
          "dome",
          "lucarne"
        ]
      }
    },
    {
      "type": "Feature",
      "geometry": {
        "type": "Point",
        "coordinates": [
          2.36985,
          48.827572
        ]
      },
      "properties": {
        "id_bat": 3001,
        "libelle": "54 rue de Tolbiac",
        "ensemble": "",
        "arrondissement": 13,
        "image_ref": 15303,
        "terme_jantzen_bat": [
          "lucarne"
        ]
      }
    },
    {
      "type": "Feature",
      "geometry": {
        "type": "Point",
        "coordinates": [
          2.358941,
          48.858737
        ]
      },
      "properties": {
        "id_bat": 3006,
        "libelle": "54 rue Vieille-du-Temple",
        "ensemble": "",
        "arrondissement": 3,
        "image_ref": 16499,
        "terme_jantzen_bat": [
          "façade",
          "façade-d'angle",
          "fenetre",
          "pignon",
          "tourelle"
        ]
      }
    },
    {
      "type": "Feature",
      "geometry": {
        "type": "Point",
        "coordinates": [
          2.281852,
          48.871829
        ]
      },
      "properties": {
        "id_bat": 3007,
        "libelle": "55 avenue Foch",
        "ensemble": "",
        "arrondissement": 16,
        "image_ref": 4690,
        "terme_jantzen_bat": [
          "façade",
          "fenetre",
          "lucarne",
          "porte-fer-hall",
          "sculpture"
        ]
      }
    },
    {
      "type": "Feature",
      "geometry": {
        "type": "Point",
        "coordinates": [
          2.318465,
          48.87575
        ]
      },
      "properties": {
        "id_bat": 3011,
        "libelle": "55 boulevard Malesherbes",
        "ensemble": "",
        "arrondissement": 8,
        "image_ref": 9060,
        "terme_jantzen_bat": [
          "atlante",
          "balcon",
          "façade-d'angle",
          "fenetre-d'angle",
          "fronton",
          "pignon",
          "sculpture"
        ]
      }
    },
    {
      "type": "Feature",
      "geometry": {
        "type": "Point",
        "coordinates": [
          2.351465,
          48.850895
        ]
      },
      "properties": {
        "id_bat": 3012,
        "libelle": "55 quai de la Tournelle",
        "ensemble": "",
        "arrondissement": 5,
        "image_ref": 15388,
        "terme_jantzen_bat": [
          "fronton",
          "lucarne",
          "toiture"
        ]
      }
    },
    {
      "type": "Feature",
      "geometry": {
        "type": "Point",
        "coordinates": [
          2.308504,
          48.862302
        ]
      },
      "properties": {
        "id_bat": 3013,
        "libelle": "55 quai d'Orsay",
        "ensemble": "",
        "arrondissement": 7,
        "image_ref": 10897,
        "terme_jantzen_bat": [
          "clé",
          "porte-fer",
          "sculpture"
        ]
      }
    },
    {
      "type": "Feature",
      "geometry": {
        "type": "Point",
        "coordinates": [
          2.331345,
          48.858754
        ]
      },
      "properties": {
        "id_bat": 3014,
        "libelle": "55 quai Voltaire",
        "ensemble": "",
        "arrondissement": 7,
        "image_ref": 16732,
        "terme_jantzen_bat": [
          "balcon",
          "cariatide",
          "colonne",
          "dome",
          "décor",
          "façade-d'angle",
          "fenetre-d'angle",
          "lucarne",
          "sculpture"
        ]
      }
    },
    {
      "type": "Feature",
      "geometry": {
        "type": "Point",
        "coordinates": [
          2.343518,
          48.88953
        ]
      },
      "properties": {
        "id_bat": 3016,
        "libelle": "55 rue Custine",
        "ensemble": "",
        "arrondissement": 18,
        "image_ref": 3373,
        "terme_jantzen_bat": [
          "porte-fer-hall"
        ]
      }
    },
    {
      "type": "Feature",
      "geometry": {
        "type": "Point",
        "coordinates": [
          2.351889,
          48.876969
        ]
      },
      "properties": {
        "id_bat": 3018,
        "libelle": "55 rue de Chabrol",
        "ensemble": "",
        "arrondissement": 10,
        "image_ref": 2171,
        "terme_jantzen_bat": [
          "façade",
          "fenetre-d'angle",
          "pilastre"
        ]
      }
    },
    {
      "type": "Feature",
      "geometry": {
        "type": "Point",
        "coordinates": [
          2.328529,
          48.880945
        ]
      },
      "properties": {
        "id_bat": 3019,
        "libelle": "55 rue de Clichy",
        "ensemble": "",
        "arrondissement": 9,
        "image_ref": 2619,
        "terme_jantzen_bat": [
          "colonne",
          "façade",
          "fenetre",
          "lucarne",
          "oeil-de-boeuf",
          "sculpture",
          "toiture"
        ]
      }
    },
    {
      "type": "Feature",
      "geometry": {
        "type": "Point",
        "coordinates": [
          2.257821,
          48.845248
        ]
      },
      "properties": {
        "id_bat": 3022,
        "libelle": "55 rue Molitor",
        "ensemble": "",
        "arrondissement": 16,
        "image_ref": 9716,
        "terme_jantzen_bat": [
          "chimère",
          "console",
          "fenetre",
          "lucarne-d'angle",
          "sculpture"
        ]
      }
    },
    {
      "type": "Feature",
      "geometry": {
        "type": "Point",
        "coordinates": [
          2.32657,
          48.84735
        ]
      },
      "properties": {
        "id_bat": 3024,
        "libelle": "55 rue Saint-Placide",
        "ensemble": "",
        "arrondissement": 6,
        "image_ref": 14872,
        "terme_jantzen_bat": [
          "façade",
          "fenetre",
          "métal"
        ]
      }
    },
    {
      "type": "Feature",
      "geometry": {
        "type": "Point",
        "coordinates": [
          2.306964,
          48.887371
        ]
      },
      "properties": {
        "id_bat": 3025,
        "libelle": "55b boulevard Pereire",
        "ensemble": "",
        "arrondissement": 17,
        "image_ref": 11419,
        "terme_jantzen_bat": [
          "fenetre",
          "mosaique",
          "porte-fer"
        ]
      }
    },
    {
      "type": "Feature",
      "geometry": {
        "type": "Point",
        "coordinates": [
          2.308873,
          48.868101
        ]
      },
      "properties": {
        "id_bat": 3029,
        "libelle": "56 avenue Montaigne",
        "ensemble": "",
        "arrondissement": 8,
        "image_ref": 9848,
        "terme_jantzen_bat": [
          "console",
          "garde-corps",
          "lucarne",
          "oeil-de-boeuf",
          "sculpture"
        ]
      }
    },
    {
      "type": "Feature",
      "geometry": {
        "type": "Point",
        "coordinates": [
          2.358858,
          48.873446
        ]
      },
      "properties": {
        "id_bat": 3030,
        "libelle": "56 boulevard de Magenta",
        "ensemble": "",
        "arrondissement": 10,
        "image_ref": 8969,
        "terme_jantzen_bat": [
          "atlante",
          "sculpture"
        ]
      }
    },
    {
      "type": "Feature",
      "geometry": {
        "type": "Point",
        "coordinates": [
          2.367869,
          48.857324
        ]
      },
      "properties": {
        "id_bat": 3042,
        "libelle": "57 boulevard Beaumarchais",
        "ensemble": "",
        "arrondissement": 3,
        "image_ref": 1016,
        "terme_jantzen_bat": [
          "fenetre",
          "garde-corps",
          "porte-bois"
        ]
      }
    },
    {
      "type": "Feature",
      "geometry": {
        "type": "Point",
        "coordinates": [
          2.31805,
          48.881411
        ]
      },
      "properties": {
        "id_bat": 3043,
        "libelle": "57 boulevard des Batignolles",
        "ensemble": "",
        "arrondissement": 8,
        "image_ref": 859,
        "terme_jantzen_bat": [
          "façade"
        ]
      }
    },
    {
      "type": "Feature",
      "geometry": {
        "type": "Point",
        "coordinates": [
          2.40301,
          48.877417
        ]
      },
      "properties": {
        "id_bat": 3046,
        "libelle": "57 rue de Romainville",
        "ensemble": "",
        "arrondissement": 19,
        "image_ref": 13219,
        "terme_jantzen_bat": [
          "brique",
          "décor",
          "fenetre",
          "mosaique"
        ]
      }
    },
    {
      "type": "Feature",
      "geometry": {
        "type": "Point",
        "coordinates": [
          2.356501,
          48.865661
        ]
      },
      "properties": {
        "id_bat": 3048,
        "libelle": "57 rue de Turbigo",
        "ensemble": "",
        "arrondissement": 3,
        "image_ref": 15574,
        "terme_jantzen_bat": [
          "atlante",
          "décor",
          "fenetre",
          "porte-bois",
          "sculpture"
        ]
      }
    },
    {
      "type": "Feature",
      "geometry": {
        "type": "Point",
        "coordinates": [
          2.340207,
          48.880591
        ]
      },
      "properties": {
        "id_bat": 3049,
        "libelle": "57 rue des Martyrs",
        "ensemble": "",
        "arrondissement": 9,
        "image_ref": 9301,
        "terme_jantzen_bat": [
          "fenetre-d'angle",
          "garde-corps",
          "pignon"
        ]
      }
    },
    {
      "type": "Feature",
      "geometry": {
        "type": "Point",
        "coordinates": [
          2.400754,
          48.854762
        ]
      },
      "properties": {
        "id_bat": 3050,
        "libelle": "57 rue des Vignoles",
        "ensemble": "",
        "arrondissement": 20,
        "image_ref": 16503,
        "terme_jantzen_bat": [
          "brique",
          "console",
          "décor"
        ]
      }
    },
    {
      "type": "Feature",
      "geometry": {
        "type": "Point",
        "coordinates": [
          2.359483,
          48.873183
        ]
      },
      "properties": {
        "id_bat": 3051,
        "libelle": "57 rue des Vinaigriers",
        "ensemble": "",
        "arrondissement": 10,
        "image_ref": 16609,
        "terme_jantzen_bat": [
          "balcon",
          "façade",
          "fenetre"
        ]
      }
    },
    {
      "type": "Feature",
      "geometry": {
        "type": "Point",
        "coordinates": [
          2.347957,
          48.874823
        ]
      },
      "properties": {
        "id_bat": 3052,
        "libelle": "57 rue du Faubourg-Poissonnière",
        "ensemble": "",
        "arrondissement": 9,
        "image_ref": 4363,
        "terme_jantzen_bat": [
          "façade",
          "oriel"
        ]
      }
    },
    {
      "type": "Feature",
      "geometry": {
        "type": "Point",
        "coordinates": [
          2.293044,
          48.88344
        ]
      },
      "properties": {
        "id_bat": 3053,
        "libelle": "57 rue Laugier",
        "ensemble": "",
        "arrondissement": 17,
        "image_ref": 8103,
        "terme_jantzen_bat": [
          "façade-d'angle"
        ]
      }
    },
    {
      "type": "Feature",
      "geometry": {
        "type": "Point",
        "coordinates": [
          2.332958,
          48.876427
        ]
      },
      "properties": {
        "id_bat": 3057,
        "libelle": "58 rue de Châteaudun",
        "ensemble": "",
        "arrondissement": 9,
        "image_ref": 2471,
        "terme_jantzen_bat": [
          "clé",
          "fenetre",
          "garde-corps",
          "sculpture"
        ]
      }
    },
    {
      "type": "Feature",
      "geometry": {
        "type": "Point",
        "coordinates": [
          2.308625,
          48.877521
        ]
      },
      "properties": {
        "id_bat": 3058,
        "libelle": "58 rue de Lisbonne",
        "ensemble": "",
        "arrondissement": 8,
        "image_ref": 8406,
        "terme_jantzen_bat": [
          "colonne",
          "porte-fer"
        ]
      }
    },
    {
      "type": "Feature",
      "geometry": {
        "type": "Point",
        "coordinates": [
          2.357562,
          48.860587
        ]
      },
      "properties": {
        "id_bat": 3062,
        "libelle": "58 rue des Archives",
        "ensemble": "",
        "arrondissement": 3,
        "image_ref": 545,
        "terme_jantzen_bat": [
          "façade-d'angle",
          "fenetre",
          "sculpture",
          "toiture",
          "tour"
        ]
      }
    },
    {
      "type": "Feature",
      "geometry": {
        "type": "Point",
        "coordinates": [
          2.333581,
          48.876942
        ]
      },
      "properties": {
        "id_bat": 3068,
        "libelle": "58 rue Saint-Lazare",
        "ensemble": "",
        "arrondissement": 9,
        "image_ref": 14561,
        "terme_jantzen_bat": [
          "décor",
          "façade",
          "fenetre",
          "pilastre"
        ]
      }
    },
    {
      "type": "Feature",
      "geometry": {
        "type": "Point",
        "coordinates": [
          2.285735,
          48.867427
        ]
      },
      "properties": {
        "id_bat": 3073,
        "libelle": "59 avenue Raymond-Poincaré",
        "ensemble": "",
        "arrondissement": 16,
        "image_ref": 12587,
        "terme_jantzen_bat": [
          "console",
          "décor",
          "façade",
          "fenetre",
          "lucarne",
          "sculpture",
          "toiture"
        ]
      }
    },
    {
      "type": "Feature",
      "geometry": {
        "type": "Point",
        "coordinates": [
          2.316152,
          48.848145
        ]
      },
      "properties": {
        "id_bat": 3074,
        "libelle": "59 boulevard des Invalides",
        "ensemble": "",
        "arrondissement": 7,
        "image_ref": 6905,
        "terme_jantzen_bat": [
          "balcon",
          "fronton",
          "lucarne",
          "lucarne-d'angle"
        ]
      }
    },
    {
      "type": "Feature",
      "geometry": {
        "type": "Point",
        "coordinates": [
          2.309635,
          48.833549
        ]
      },
      "properties": {
        "id_bat": 3078,
        "libelle": "59 rue de Vouillé",
        "ensemble": "",
        "arrondissement": 15,
        "image_ref": 16868,
        "terme_jantzen_bat": [
          "brique",
          "colonne",
          "céramique",
          "fenetre",
          "lucarne",
          "pignon",
          "porte-fer"
        ]
      }
    },
    {
      "type": "Feature",
      "geometry": {
        "type": "Point",
        "coordinates": [
          2.380285,
          48.881259
        ]
      },
      "properties": {
        "id_bat": 3082,
        "libelle": "59 rue Manin",
        "ensemble": "",
        "arrondissement": 19,
        "image_ref": 9115,
        "terme_jantzen_bat": [
          "balcon",
          "dome",
          "façade-d'angle",
          "fenetre-d'angle",
          "lucarne-d'angle"
        ]
      }
    },
    {
      "type": "Feature",
      "geometry": {
        "type": "Point",
        "coordinates": [
          2.315084,
          48.875661
        ]
      },
      "properties": {
        "id_bat": 3088,
        "libelle": "6 avenue de Messine",
        "ensemble": "",
        "arrondissement": 8,
        "image_ref": 9561,
        "terme_jantzen_bat": [
          "lucarne"
        ]
      }
    },
    {
      "type": "Feature",
      "geometry": {
        "type": "Point",
        "coordinates": [
          2.295527,
          48.854975
        ]
      },
      "properties": {
        "id_bat": 3090,
        "libelle": "6 avenue du Docteur-Brouardel",
        "ensemble": "",
        "arrondissement": 7,
        "image_ref": 3841,
        "terme_jantzen_bat": [
          "loggia",
          "lucarne-d'angle"
        ]
      }
    },
    {
      "type": "Feature",
      "geometry": {
        "type": "Point",
        "coordinates": [
          2.285232,
          48.856573
        ]
      },
      "properties": {
        "id_bat": 3092,
        "libelle": "6 avenue Frémiet",
        "ensemble": "",
        "arrondissement": 16,
        "image_ref": 5001,
        "terme_jantzen_bat": [
          "fenetre",
          "sculpture"
        ]
      }
    },
    {
      "type": "Feature",
      "geometry": {
        "type": "Point",
        "coordinates": [
          2.269176,
          48.847311
        ]
      },
      "properties": {
        "id_bat": 3101,
        "libelle": "6 place de l'Église-d'Auteuil",
        "ensemble": "",
        "arrondissement": 16,
        "image_ref": 4002,
        "terme_jantzen_bat": [
          "fenetre",
          "porte-bois"
        ]
      }
    },
    {
      "type": "Feature",
      "geometry": {
        "type": "Point",
        "coordinates": [
          2.283295,
          48.865719
        ]
      },
      "properties": {
        "id_bat": 3102,
        "libelle": "6 place de Mexico",
        "ensemble": "",
        "arrondissement": 16,
        "image_ref": 9610,
        "terme_jantzen_bat": [
          "dome",
          "façade-d'angle",
          "fenetre",
          "fenetre-d'angle",
          "lucarne"
        ]
      }
    },
    {
      "type": "Feature",
      "geometry": {
        "type": "Point",
        "coordinates": [
          2.340803,
          48.866012
        ]
      },
      "properties": {
        "id_bat": 3103,
        "libelle": "6 place des Victoires",
        "ensemble": "",
        "arrondissement": 2,
        "image_ref": 16286,
        "terme_jantzen_bat": [
          "clé",
          "fenetre",
          "lucarne",
          "pilastre",
          "sculpture"
        ]
      }
    },
    {
      "type": "Feature",
      "geometry": {
        "type": "Point",
        "coordinates": [
          2.293702,
          48.865019
        ]
      },
      "properties": {
        "id_bat": 3104,
        "libelle": "6 place d'Iéna",
        "ensemble": "",
        "arrondissement": 16,
        "image_ref": 6616,
        "terme_jantzen_bat": [
          "colonne",
          "dome",
          "décor",
          "façade-d'angle",
          "fenetre",
          "fenetre-d'angle",
          "tour"
        ]
      }
    },
    {
      "type": "Feature",
      "geometry": {
        "type": "Point",
        "coordinates": [
          2.311788,
          48.882123
        ]
      },
      "properties": {
        "id_bat": 3105,
        "libelle": "6 place du Général-Catroux",
        "ensemble": "",
        "arrondissement": 17,
        "image_ref": 5190,
        "terme_jantzen_bat": [
          "console",
          "façade",
          "marquise",
          "porte-fer",
          "sculpture"
        ]
      }
    },
    {
      "type": "Feature",
      "geometry": {
        "type": "Point",
        "coordinates": [
          2.395656,
          48.839187
        ]
      },
      "properties": {
        "id_bat": 3107,
        "libelle": "6 place Félix-Éboué",
        "ensemble": "",
        "arrondissement": 12,
        "image_ref": 4462,
        "terme_jantzen_bat": [
          "dome",
          "façade-d'angle",
          "fenetre",
          "lucarne",
          "oeil-de-boeuf",
          "porte-fer-hall",
          "sculpture"
        ]
      }
    },
    {
      "type": "Feature",
      "geometry": {
        "type": "Point",
        "coordinates": [
          2.352171,
          48.87782
        ]
      },
      "properties": {
        "id_bat": 3108,
        "libelle": "6 place Franz-Liszt",
        "ensemble": "",
        "arrondissement": 10,
        "image_ref": 4984,
        "terme_jantzen_bat": [
          "atlante",
          "clé",
          "colonne",
          "décor",
          "façade-d'angle",
          "fenetre",
          "garde-corps",
          "lucarne",
          "sculpture"
        ]
      }
    },
    {
      "type": "Feature",
      "geometry": {
        "type": "Point",
        "coordinates": [
          2.331283,
          48.891059
        ]
      },
      "properties": {
        "id_bat": 3109,
        "libelle": "6 place Jacques-Froment",
        "ensemble": "",
        "arrondissement": 18,
        "image_ref": 7153,
        "terme_jantzen_bat": [
          "décor",
          "fenetre",
          "garde-corps",
          "sculpture"
        ]
      }
    },
    {
      "type": "Feature",
      "geometry": {
        "type": "Point",
        "coordinates": [
          2.306168,
          48.885296
        ]
      },
      "properties": {
        "id_bat": 3112,
        "libelle": "6 rue Ampère",
        "ensemble": "",
        "arrondissement": 17,
        "image_ref": 318,
        "terme_jantzen_bat": [
          "fenetre",
          "oeil-de-boeuf",
          "porte-bois"
        ]
      }
    },
    {
      "type": "Feature",
      "geometry": {
        "type": "Point",
        "coordinates": [
          2.332852,
          48.88949
        ]
      },
      "properties": {
        "id_bat": 3115,
        "libelle": "6 rue Armand-Gauthier",
        "ensemble": "",
        "arrondissement": 18,
        "image_ref": 573,
        "terme_jantzen_bat": [
          "fenetre",
          "porte-bois"
        ]
      }
    },
    {
      "type": "Feature",
      "geometry": {
        "type": "Point",
        "coordinates": [
          2.351775,
          48.863311
        ]
      },
      "properties": {
        "id_bat": 3117,
        "libelle": "6 rue aux Ours",
        "ensemble": "",
        "arrondissement": 3,
        "image_ref": 10975,
        "terme_jantzen_bat": [
          "fenetre",
          "lucarne",
          "porte-fer"
        ]
      }
    },
    {
      "type": "Feature",
      "geometry": {
        "type": "Point",
        "coordinates": [
          2.275619,
          48.866328
        ]
      },
      "properties": {
        "id_bat": 3118,
        "libelle": "6 rue Benjamin-Godard",
        "ensemble": "",
        "arrondissement": 16,
        "image_ref": 1147,
        "terme_jantzen_bat": [
          "porte-fer-hall"
        ]
      }
    },
    {
      "type": "Feature",
      "geometry": {
        "type": "Point",
        "coordinates": [
          2.348472,
          48.879578
        ]
      },
      "properties": {
        "id_bat": 3121,
        "libelle": "6 rue Condorcet",
        "ensemble": "",
        "arrondissement": 9,
        "image_ref": 2901,
        "terme_jantzen_bat": [
          "lucarne",
          "oeil-de-boeuf"
        ]
      }
    },
    {
      "type": "Feature",
      "geometry": {
        "type": "Point",
        "coordinates": [
          2.342084,
          48.852675
        ]
      },
      "properties": {
        "id_bat": 3122,
        "libelle": "6 rue Danton",
        "ensemble": "",
        "arrondissement": 6,
        "image_ref": 3472,
        "terme_jantzen_bat": [
          "façade",
          "fenetre",
          "lucarne"
        ]
      }
    },
    {
      "type": "Feature",
      "geometry": {
        "type": "Point",
        "coordinates": [
          2.288657,
          48.834313
        ]
      },
      "properties": {
        "id_bat": 3124,
        "libelle": "6 rue de Cadix",
        "ensemble": "",
        "arrondissement": 15,
        "image_ref": 1824,
        "terme_jantzen_bat": [
          "console",
          "porte-fer",
          "porte-fer-hall",
          "sculpture"
        ]
      }
    },
    {
      "type": "Feature",
      "geometry": {
        "type": "Point",
        "coordinates": [
          2.398405,
          48.83573
        ]
      },
      "properties": {
        "id_bat": 3125,
        "libelle": "6 rue de Capri",
        "ensemble": "",
        "arrondissement": 12,
        "image_ref": 1930,
        "terme_jantzen_bat": [
          "porte-bois"
        ]
      }
    },
    {
      "type": "Feature",
      "geometry": {
        "type": "Point",
        "coordinates": [
          2.335479,
          48.870228
        ]
      },
      "properties": {
        "id_bat": 3129,
        "libelle": "6 rue de Hanovre",
        "ensemble": "",
        "arrondissement": 2,
        "image_ref": 5924,
        "terme_jantzen_bat": [
          "décor",
          "façade",
          "intérieur",
          "mosaique",
          "métal",
          "oriel",
          "porte-fer",
          "verrière"
        ]
      }
    },
    {
      "type": "Feature",
      "geometry": {
        "type": "Point",
        "coordinates": [
          2.34713,
          48.853884
        ]
      },
      "properties": {
        "id_bat": 3130,
        "libelle": "6 rue de la Cité",
        "ensemble": "",
        "arrondissement": 4,
        "image_ref": 2554,
        "terme_jantzen_bat": [
          "lucarne",
          "oeil-de-boeuf",
          "sculpture",
          "toiture"
        ]
      }
    },
    {
      "type": "Feature",
      "geometry": {
        "type": "Point",
        "coordinates": [
          2.33097,
          48.842448
        ]
      },
      "properties": {
        "id_bat": 3131,
        "libelle": "6 rue de la Grande-Chaumière",
        "ensemble": "",
        "arrondissement": 6,
        "image_ref": 5450,
        "terme_jantzen_bat": [
          "brique",
          "façade",
          "porte-bois",
          "verrière"
        ]
      }
    },
    {
      "type": "Feature",
      "geometry": {
        "type": "Point",
        "coordinates": [
          2.321683,
          48.878724
        ]
      },
      "properties": {
        "id_bat": 3136,
        "libelle": "6 rue de Madrid",
        "ensemble": "",
        "arrondissement": 8,
        "image_ref": 8955,
        "terme_jantzen_bat": [
          "console",
          "sculpture"
        ]
      }
    },
    {
      "type": "Feature",
      "geometry": {
        "type": "Point",
        "coordinates": [
          2.311137,
          48.876831
        ]
      },
      "properties": {
        "id_bat": 3137,
        "libelle": "6 rue de Messine",
        "ensemble": "",
        "arrondissement": 8,
        "image_ref": 9492,
        "terme_jantzen_bat": [
          "balcon",
          "colonne",
          "console",
          "fenetre",
          "garde-corps",
          "sculpture"
        ]
      }
    },
    {
      "type": "Feature",
      "geometry": {
        "type": "Point",
        "coordinates": [
          2.30878,
          48.887369
        ]
      },
      "properties": {
        "id_bat": 3138,
        "libelle": "6 rue de Monbel",
        "ensemble": "",
        "arrondissement": 17,
        "image_ref": 9726,
        "terme_jantzen_bat": [
          "balcon",
          "décor",
          "fenetre",
          "porte-fer-hall",
          "sculpture"
        ]
      }
    },
    {
      "type": "Feature",
      "geometry": {
        "type": "Point",
        "coordinates": [
          2.329133,
          48.852064
        ]
      },
      "properties": {
        "id_bat": 3141,
        "libelle": "6 rue de Sèvres",
        "ensemble": "",
        "arrondissement": 7,
        "image_ref": 13635,
        "terme_jantzen_bat": [
          "fenetre",
          "fronton"
        ]
      }
    },
    {
      "type": "Feature",
      "geometry": {
        "type": "Point",
        "coordinates": [
          2.337018,
          48.850915
        ]
      },
      "properties": {
        "id_bat": 3142,
        "libelle": "6 rue de Tournon",
        "ensemble": "",
        "arrondissement": 6,
        "image_ref": 15414,
        "terme_jantzen_bat": [
          "fronton",
          "lucarne",
          "porte-bois",
          "sculpture"
        ]
      }
    },
    {
      "type": "Feature",
      "geometry": {
        "type": "Point",
        "coordinates": [
          2.291031,
          48.877779
        ]
      },
      "properties": {
        "id_bat": 3143,
        "libelle": "6 rue des Colonels-Renard",
        "ensemble": "",
        "arrondissement": 17,
        "image_ref": 2835,
        "terme_jantzen_bat": [
          "porte-fer",
          "porte-fer-hall"
        ]
      }
    },
    {
      "type": "Feature",
      "geometry": {
        "type": "Point",
        "coordinates": [
          2.339578,
          48.869661
        ]
      },
      "properties": {
        "id_bat": 3144,
        "libelle": "6 rue des Colonnes",
        "ensemble": "",
        "arrondissement": 2,
        "image_ref": 2841,
        "terme_jantzen_bat": [
          "colonne",
          "façade",
          "fenetre"
        ]
      }
    },
    {
      "type": "Feature",
      "geometry": {
        "type": "Point",
        "coordinates": [
          2.297267,
          48.850214
        ]
      },
      "properties": {
        "id_bat": 3147,
        "libelle": "6 rue d'Ouessant",
        "ensemble": "",
        "arrondissement": 15,
        "image_ref": 10964,
        "terme_jantzen_bat": [
          "console",
          "sculpture"
        ]
      }
    },
    {
      "type": "Feature",
      "geometry": {
        "type": "Point",
        "coordinates": [
          2.274896,
          48.865999
        ]
      },
      "properties": {
        "id_bat": 3152,
        "libelle": "6 rue Dufrenoy",
        "ensemble": "",
        "arrondissement": 16,
        "image_ref": 3881,
        "terme_jantzen_bat": [
          "colonne",
          "console",
          "fenetre",
          "loggia",
          "porte-fer-hall",
          "sculpture"
        ]
      }
    },
    {
      "type": "Feature",
      "geometry": {
        "type": "Point",
        "coordinates": [
          2.293241,
          48.868871
        ]
      },
      "properties": {
        "id_bat": 3153,
        "libelle": "6 rue Dumont-d'Urville",
        "ensemble": "",
        "arrondissement": 16,
        "image_ref": 3892,
        "terme_jantzen_bat": [
          "balcon",
          "brique",
          "décor",
          "fenetre",
          "fronton",
          "lucarne",
          "sculpture"
        ]
      }
    },
    {
      "type": "Feature",
      "geometry": {
        "type": "Point",
        "coordinates": [
          2.404939,
          48.835116
        ]
      },
      "properties": {
        "id_bat": 3155,
        "libelle": "6 rue Ernest-Lacoste",
        "ensemble": "",
        "arrondissement": 12,
        "image_ref": 4128,
        "terme_jantzen_bat": [
          "décor",
          "mosaique",
          "porte-fer-hall"
        ]
      }
    },
    {
      "type": "Feature",
      "geometry": {
        "type": "Point",
        "coordinates": [
          2.280973,
          48.859365
        ]
      },
      "properties": {
        "id_bat": 3157,
        "libelle": "6 rue Eugène-Manuel",
        "ensemble": "",
        "arrondissement": 16,
        "image_ref": 4261,
        "terme_jantzen_bat": [
          "brique",
          "fenetre"
        ]
      }
    },
    {
      "type": "Feature",
      "geometry": {
        "type": "Point",
        "coordinates": [
          2.351105,
          48.835114
        ]
      },
      "properties": {
        "id_bat": 3161,
        "libelle": "6 rue Gustave-Geffroy",
        "ensemble": "",
        "arrondissement": 13,
        "image_ref": 5862,
        "terme_jantzen_bat": [
          "lucarne",
          "toiture",
          "tourelle"
        ]
      }
    },
    {
      "type": "Feature",
      "geometry": {
        "type": "Point",
        "coordinates": [
          2.267363,
          48.852353
        ]
      },
      "properties": {
        "id_bat": 3162,
        "libelle": "6 rue Jasmin",
        "ensemble": "",
        "arrondissement": 16,
        "image_ref": 7191,
        "terme_jantzen_bat": [
          "décor",
          "façade-d'angle",
          "fenetre",
          "fenetre-d'angle",
          "porte",
          "porte-fer-hall",
          "sculpture"
        ]
      }
    },
    {
      "type": "Feature",
      "geometry": {
        "type": "Point",
        "coordinates": [
          2.335378,
          48.83384
        ]
      },
      "properties": {
        "id_bat": 3168,
        "libelle": "6 rue Leclerc",
        "ensemble": "",
        "arrondissement": 14,
        "image_ref": 8177,
        "terme_jantzen_bat": [
          "brique",
          "décor",
          "façade-d'angle",
          "fenetre",
          "lucarne",
          "oeil-de-boeuf",
          "sculpture"
        ]
      }
    },
    {
      "type": "Feature",
      "geometry": {
        "type": "Point",
        "coordinates": [
          2.32131,
          48.82851
        ]
      },
      "properties": {
        "id_bat": 3169,
        "libelle": "6 rue Louis-Morard",
        "ensemble": "",
        "arrondissement": 14,
        "image_ref": 8505,
        "terme_jantzen_bat": [
          "brique",
          "décor",
          "fenetre",
          "oriel"
        ]
      }
    },
    {
      "type": "Feature",
      "geometry": {
        "type": "Point",
        "coordinates": [
          2.328625,
          48.827425
        ]
      },
      "properties": {
        "id_bat": 3170,
        "libelle": "6 rue Marguerin",
        "ensemble": "",
        "arrondissement": 14,
        "image_ref": 9257,
        "terme_jantzen_bat": [
          "porte-bois"
        ]
      }
    },
    {
      "type": "Feature",
      "geometry": {
        "type": "Point",
        "coordinates": [
          2.326966,
          48.893951
        ]
      },
      "properties": {
        "id_bat": 3171,
        "libelle": "6 rue Maria-Deraismes",
        "ensemble": "",
        "arrondissement": 17,
        "image_ref": 9270,
        "terme_jantzen_bat": [
          "porte-fer-hall"
        ]
      }
    },
    {
      "type": "Feature",
      "geometry": {
        "type": "Point",
        "coordinates": [
          2.273357,
          48.85632
        ]
      },
      "properties": {
        "id_bat": 3172,
        "libelle": "6 rue Marietta-Martin",
        "ensemble": "",
        "arrondissement": 16,
        "image_ref": 9281,
        "terme_jantzen_bat": [
          "balcon",
          "brique",
          "décor",
          "façade-d'angle",
          "fenetre-d'angle",
          "lucarne-d'angle",
          "pignon"
        ]
      }
    },
    {
      "type": "Feature",
      "geometry": {
        "type": "Point",
        "coordinates": [
          2.338215,
          48.869524
        ]
      },
      "properties": {
        "id_bat": 3174,
        "libelle": "6 rue Ménars",
        "ensemble": "",
        "arrondissement": 2,
        "image_ref": 9464,
        "terme_jantzen_bat": [
          "brique",
          "décor",
          "façade",
          "fenetre",
          "métal"
        ]
      }
    },
    {
      "type": "Feature",
      "geometry": {
        "type": "Point",
        "coordinates": [
          2.366872,
          48.856853
        ]
      },
      "properties": {
        "id_bat": 3180,
        "libelle": "6 rue Roger-Verlomme",
        "ensemble": "",
        "arrondissement": 3,
        "image_ref": 13213,
        "terme_jantzen_bat": [
          "fenetre",
          "lucarne",
          "pignon"
        ]
      }
    },
    {
      "type": "Feature",
      "geometry": {
        "type": "Point",
        "coordinates": [
          2.30141,
          48.85908
        ]
      },
      "properties": {
        "id_bat": 3183,
        "libelle": "6 rue Sédillot",
        "ensemble": "",
        "arrondissement": 7,
        "image_ref": 13485,
        "terme_jantzen_bat": [
          "fenetre"
        ]
      }
    },
    {
      "type": "Feature",
      "geometry": {
        "type": "Point",
        "coordinates": [
          2.289864,
          48.876694
        ]
      },
      "properties": {
        "id_bat": 3184,
        "libelle": "6 rue Villaret-de-Joyeuse",
        "ensemble": "",
        "arrondissement": 17,
        "image_ref": 16548,
        "terme_jantzen_bat": [
          "brique",
          "clé",
          "console",
          "façade",
          "façade-d'angle",
          "fenetre",
          "loggia",
          "lucarne",
          "lucarne-d'angle",
          "porte-fer",
          "sculpture",
          "toiture"
        ]
      }
    },
    {
      "type": "Feature",
      "geometry": {
        "type": "Point",
        "coordinates": [
          2.286268,
          48.858272
        ]
      },
      "properties": {
        "id_bat": 3186,
        "libelle": "6 square Alboni",
        "ensemble": "",
        "arrondissement": 16,
        "image_ref": 187,
        "terme_jantzen_bat": [
          "porte-fer"
        ]
      }
    },
    {
      "type": "Feature",
      "geometry": {
        "type": "Point",
        "coordinates": [
          2.290887,
          48.868452
        ]
      },
      "properties": {
        "id_bat": 3189,
        "libelle": "60 avenue Kléber",
        "ensemble": "",
        "arrondissement": 16,
        "image_ref": 7515,
        "terme_jantzen_bat": [
          "balcon",
          "brique",
          "console",
          "décor",
          "façade",
          "façade-d'angle",
          "fenetre",
          "sculpture"
        ]
      }
    },
    {
      "type": "Feature",
      "geometry": {
        "type": "Point",
        "coordinates": [
          2.334775,
          48.883366
        ]
      },
      "properties": {
        "id_bat": 3193,
        "libelle": "60 boulevard de Clichy",
        "ensemble": "",
        "arrondissement": 18,
        "image_ref": 2645,
        "terme_jantzen_bat": [
          "brique",
          "console",
          "décor",
          "façade",
          "fronton",
          "lucarne",
          "oriel",
          "porte-fer",
          "sculpture",
          "verrière"
        ]
      }
    },
    {
      "type": "Feature",
      "geometry": {
        "type": "Point",
        "coordinates": [
          2.283191,
          48.843125
        ]
      },
      "properties": {
        "id_bat": 3198,
        "libelle": "60 rue de la Convention",
        "ensemble": "",
        "arrondissement": 15,
        "image_ref": 2987,
        "terme_jantzen_bat": [
          "marquise",
          "porte-fer",
          "porte-fer-hall"
        ]
      }
    },
    {
      "type": "Feature",
      "geometry": {
        "type": "Point",
        "coordinates": [
          2.334008,
          48.875294
        ]
      },
      "properties": {
        "id_bat": 3199,
        "libelle": "60 rue de la Victoire",
        "ensemble": "",
        "arrondissement": 9,
        "image_ref": 16233,
        "terme_jantzen_bat": [
          "cariatide",
          "console",
          "décor",
          "façade",
          "fenetre",
          "pilastre",
          "porte-bois",
          "porte-fer",
          "sculpture"
        ]
      }
    },
    {
      "type": "Feature",
      "geometry": {
        "type": "Point",
        "coordinates": [
          2.31127,
          48.884721
        ]
      },
      "properties": {
        "id_bat": 3202,
        "libelle": "60 rue de Tocqueville",
        "ensemble": "",
        "arrondissement": 17,
        "image_ref": 15266,
        "terme_jantzen_bat": [
          "fenetre",
          "oriel"
        ]
      }
    },
    {
      "type": "Feature",
      "geometry": {
        "type": "Point",
        "coordinates": [
          2.364636,
          48.859063
        ]
      },
      "properties": {
        "id_bat": 3203,
        "libelle": "60 rue de Turenne",
        "ensemble": "",
        "arrondissement": 3,
        "image_ref": 15619,
        "terme_jantzen_bat": [
          "balcon",
          "clé",
          "console",
          "façade",
          "fenetre",
          "fronton",
          "garde-corps",
          "lucarne",
          "pignon",
          "porte-bois",
          "sculpture"
        ]
      }
    },
    {
      "type": "Feature",
      "geometry": {
        "type": "Point",
        "coordinates": [
          2.357272,
          48.859963
        ]
      },
      "properties": {
        "id_bat": 3205,
        "libelle": "60 rue des Francs-Bourgeois",
        "ensemble": "",
        "arrondissement": 3,
        "image_ref": 4961,
        "terme_jantzen_bat": [
          "colonne",
          "façade",
          "fenetre",
          "fronton",
          "porte-bois",
          "sculpture",
          "toiture"
        ]
      }
    },
    {
      "type": "Feature",
      "geometry": {
        "type": "Point",
        "coordinates": [
          2.27409,
          48.856848
        ]
      },
      "properties": {
        "id_bat": 3206,
        "libelle": "60 rue des Vignes",
        "ensemble": "",
        "arrondissement": 16,
        "image_ref": 16502,
        "terme_jantzen_bat": [
          "porte-fer-hall"
        ]
      }
    },
    {
      "type": "Feature",
      "geometry": {
        "type": "Point",
        "coordinates": [
          2.30621,
          48.884752
        ]
      },
      "properties": {
        "id_bat": 3207,
        "libelle": "60 rue Jouffroy-d'Abbans",
        "ensemble": "",
        "arrondissement": 17,
        "image_ref": 7412,
        "terme_jantzen_bat": [
          "brique",
          "décor",
          "façade",
          "fenetre",
          "garde-corps",
          "lucarne",
          "pilastre",
          "sculpture"
        ]
      }
    },
    {
      "type": "Feature",
      "geometry": {
        "type": "Point",
        "coordinates": [
          2.306641,
          48.843891
        ]
      },
      "properties": {
        "id_bat": 3209,
        "libelle": "60 rue Lecourbe",
        "ensemble": "",
        "arrondissement": 15,
        "image_ref": 8222,
        "terme_jantzen_bat": [
          "console",
          "fenetre",
          "sculpture"
        ]
      }
    },
    {
      "type": "Feature",
      "geometry": {
        "type": "Point",
        "coordinates": [
          2.333258,
          48.876926
        ]
      },
      "properties": {
        "id_bat": 3211,
        "libelle": "60 rue Saint-Lazare",
        "ensemble": "",
        "arrondissement": 9,
        "image_ref": 14565,
        "terme_jantzen_bat": [
          "balcon",
          "chimère",
          "clé",
          "console",
          "décor",
          "façade",
          "fenetre",
          "garde-corps",
          "porte-bois",
          "porte-fer",
          "sculpture"
        ]
      }
    },
    {
      "type": "Feature",
      "geometry": {
        "type": "Point",
        "coordinates": [
          2.298947,
          48.852578
        ]
      },
      "properties": {
        "id_bat": 3214,
        "libelle": "61 avenue de Suffren",
        "ensemble": "",
        "arrondissement": 7,
        "image_ref": 14986,
        "terme_jantzen_bat": [
          "lucarne"
        ]
      }
    },
    {
      "type": "Feature",
      "geometry": {
        "type": "Point",
        "coordinates": [
          2.31443,
          48.841345
        ]
      },
      "properties": {
        "id_bat": 3218,
        "libelle": "61 boulevard Pasteur",
        "ensemble": "",
        "arrondissement": 15,
        "image_ref": 11220,
        "terme_jantzen_bat": [
          "fenetre",
          "porte-fer"
        ]
      }
    },
    {
      "type": "Feature",
      "geometry": {
        "type": "Point",
        "coordinates": [
          2.301145,
          48.885192
        ]
      },
      "properties": {
        "id_bat": 3220,
        "libelle": "61 rue Ampère",
        "ensemble": "",
        "arrondissement": 17,
        "image_ref": 319,
        "terme_jantzen_bat": [
          "fenetre",
          "porte-bois"
        ]
      }
    },
    {
      "type": "Feature",
      "geometry": {
        "type": "Point",
        "coordinates": [
          2.358971,
          48.862047
        ]
      },
      "properties": {
        "id_bat": 3224,
        "libelle": "61 rue des Archives",
        "ensemble": "",
        "arrondissement": 3,
        "image_ref": 554,
        "terme_jantzen_bat": [
          "clé",
          "porte-fer"
        ]
      }
    },
    {
      "type": "Feature",
      "geometry": {
        "type": "Point",
        "coordinates": [
          2.268057,
          48.849564
        ]
      },
      "properties": {
        "id_bat": 3226,
        "libelle": "61 rue Jean-de-La-Fontaine",
        "ensemble": "",
        "arrondissement": 16,
        "image_ref": 7771,
        "terme_jantzen_bat": [
          "balcon",
          "dome",
          "décor",
          "façade-d'angle",
          "fenetre",
          "fenetre-d'angle",
          "lucarne",
          "lucarne-d'angle",
          "oeil-de-boeuf",
          "sculpture"
        ]
      }
    },
    {
      "type": "Feature",
      "geometry": {
        "type": "Point",
        "coordinates": [
          2.350806,
          48.866446
        ]
      },
      "properties": {
        "id_bat": 3230,
        "libelle": "61 rue Réaumur",
        "ensemble": "",
        "arrondissement": 2,
        "image_ref": 12758,
        "terme_jantzen_bat": [
          "décor",
          "façade",
          "fenetre",
          "sculpture"
        ]
      }
    },
    {
      "type": "Feature",
      "geometry": {
        "type": "Point",
        "coordinates": [
          2.334631,
          48.883409
        ]
      },
      "properties": {
        "id_bat": 3236,
        "libelle": "62 boulevard de Clichy",
        "ensemble": "",
        "arrondissement": 18,
        "image_ref": 2664,
        "terme_jantzen_bat": [
          "décor",
          "fenetre",
          "sculpture"
        ]
      }
    },
    {
      "type": "Feature",
      "geometry": {
        "type": "Point",
        "coordinates": [
          2.318427,
          48.885692
        ]
      },
      "properties": {
        "id_bat": 3240,
        "libelle": "62 rue Boursault",
        "ensemble": "",
        "arrondissement": 17,
        "image_ref": 1512,
        "terme_jantzen_bat": [
          "balcon",
          "brique",
          "console",
          "décor",
          "façade",
          "fenetre",
          "garde-corps",
          "loggia",
          "lucarne",
          "métal",
          "oriel",
          "porte-fer-hall",
          "sculpture"
        ]
      }
    },
    {
      "type": "Feature",
      "geometry": {
        "type": "Point",
        "coordinates": [
          2.326144,
          48.85841
        ]
      },
      "properties": {
        "id_bat": 3243,
        "libelle": "62 rue de l'Université",
        "ensemble": "",
        "arrondissement": 7,
        "image_ref": 15686,
        "terme_jantzen_bat": [
          "lucarne"
        ]
      }
    },
    {
      "type": "Feature",
      "geometry": {
        "type": "Point",
        "coordinates": [
          2.325313,
          48.855808
        ]
      },
      "properties": {
        "id_bat": 3244,
        "libelle": "62 rue du Bac",
        "ensemble": "",
        "arrondissement": 7,
        "image_ref": 749,
        "terme_jantzen_bat": [
          "balcon",
          "décor",
          "façade-d'angle",
          "fenetre",
          "fenetre-d'angle",
          "garde-corps",
          "toiture"
        ]
      }
    },
    {
      "type": "Feature",
      "geometry": {
        "type": "Point",
        "coordinates": [
          2.272911,
          48.854938
        ]
      },
      "properties": {
        "id_bat": 3246,
        "libelle": "62 rue du Ranelagh",
        "ensemble": "",
        "arrondissement": 16,
        "image_ref": 12257,
        "terme_jantzen_bat": [
          "oriel"
        ]
      }
    },
    {
      "type": "Feature",
      "geometry": {
        "type": "Point",
        "coordinates": [
          2.363701,
          48.85441
        ]
      },
      "properties": {
        "id_bat": 3250,
        "libelle": "62 rue Saint-Antoine",
        "ensemble": "",
        "arrondissement": 4,
        "image_ref": 13876,
        "terme_jantzen_bat": [
          "chimère",
          "clé",
          "décor",
          "façade",
          "fenetre",
          "fenetre-d'angle",
          "fronton",
          "lucarne",
          "lucarne-d'angle",
          "oeil-de-boeuf",
          "pignon",
          "porte-bois",
          "sculpture",
          "toiture"
        ]
      }
    },
    {
      "type": "Feature",
      "geometry": {
        "type": "Point",
        "coordinates": [
          2.280827,
          48.860432
        ]
      },
      "properties": {
        "id_bat": 3253,
        "libelle": "62b rue de la Tour",
        "ensemble": "",
        "arrondissement": 16,
        "image_ref": 15349,
        "terme_jantzen_bat": [
          "balcon",
          "fenetre",
          "lucarne"
        ]
      }
    },
    {
      "type": "Feature",
      "geometry": {
        "type": "Point",
        "coordinates": [
          2.300372,
          48.842723
        ]
      },
      "properties": {
        "id_bat": 3254,
        "libelle": "63 à 65 rue de l'Amiral-Roussin",
        "ensemble": "",
        "arrondissement": 15,
        "image_ref": 309,
        "terme_jantzen_bat": [
          "brique",
          "façade",
          "lucarne",
          "pignon"
        ]
      }
    },
    {
      "type": "Feature",
      "geometry": {
        "type": "Point",
        "coordinates": [
          2.295649,
          48.881927
        ]
      },
      "properties": {
        "id_bat": 3258,
        "libelle": "63 avenue Niel",
        "ensemble": "",
        "arrondissement": 17,
        "image_ref": 10274,
        "terme_jantzen_bat": [
          "intérieur",
          "lucarne-d'angle",
          "porte-fer",
          "porte-fer-hall"
        ]
      }
    },
    {
      "type": "Feature",
      "geometry": {
        "type": "Point",
        "coordinates": [
          2.400228,
          48.846243
        ]
      },
      "properties": {
        "id_bat": 3259,
        "libelle": "63 boulevard de Picpus",
        "ensemble": "",
        "arrondissement": 12,
        "image_ref": 11638,
        "terme_jantzen_bat": [
          "clé",
          "dome",
          "façade-d'angle",
          "fenetre",
          "fenetre-d'angle",
          "garde-corps",
          "pilastre",
          "porte-fer",
          "tour"
        ]
      }
    },
    {
      "type": "Feature",
      "geometry": {
        "type": "Point",
        "coordinates": [
          2.362952,
          48.872368
        ]
      },
      "properties": {
        "id_bat": 3264,
        "libelle": "63 rue de Lancry",
        "ensemble": "",
        "arrondissement": 10,
        "image_ref": 7879,
        "terme_jantzen_bat": [
          "console",
          "fenetre",
          "porte-bois",
          "sculpture"
        ]
      }
    },
    {
      "type": "Feature",
      "geometry": {
        "type": "Point",
        "coordinates": [
          2.406016,
          48.852321
        ]
      },
      "properties": {
        "id_bat": 3268,
        "libelle": "63 rue des Pyrénées",
        "ensemble": "",
        "arrondissement": 20,
        "image_ref": 12181,
        "terme_jantzen_bat": [
          "console",
          "sculpture"
        ]
      }
    },
    {
      "type": "Feature",
      "geometry": {
        "type": "Point",
        "coordinates": [
          2.28593,
          48.840423
        ]
      },
      "properties": {
        "id_bat": 3272,
        "libelle": "64 avenue Félix-Faure",
        "ensemble": "",
        "arrondissement": 15,
        "image_ref": 4481,
        "terme_jantzen_bat": [
          "balcon",
          "console",
          "façade-d'angle",
          "fenetre",
          "fenetre-d'angle",
          "porte-fer-hall",
          "sculpture"
        ]
      }
    },
    {
      "type": "Feature",
      "geometry": {
        "type": "Point",
        "coordinates": [
          2.373208,
          48.848812
        ]
      },
      "properties": {
        "id_bat": 3273,
        "libelle": "64 avenue Ledru-Rollin",
        "ensemble": "",
        "arrondissement": 12,
        "image_ref": 8238,
        "terme_jantzen_bat": [
          "fenetre",
          "porte-bois"
        ]
      }
    },
    {
      "type": "Feature",
      "geometry": {
        "type": "Point",
        "coordinates": [
          2.30771,
          48.880312
        ]
      },
      "properties": {
        "id_bat": 3274,
        "libelle": "64 boulevard de Courcelles",
        "ensemble": "",
        "arrondissement": 17,
        "image_ref": 3249,
        "terme_jantzen_bat": [
          "balcon",
          "console",
          "fenetre",
          "garde-corps",
          "porte-bois",
          "sculpture"
        ]
      }
    },
    {
      "type": "Feature",
      "geometry": {
        "type": "Point",
        "coordinates": [
          2.328157,
          48.873773
        ]
      },
      "properties": {
        "id_bat": 3275,
        "libelle": "64 boulevard Haussmann",
        "ensemble": "",
        "arrondissement": 9,
        "image_ref": 6063,
        "terme_jantzen_bat": [
          "colonne",
          "dome",
          "décor",
          "fenetre",
          "fenetre-d'angle",
          "garde-corps",
          "lucarne",
          "mosaique",
          "métal",
          "oeil-de-boeuf",
          "sculpture",
          "toiture",
          "tourelle",
          "verrière"
        ]
      }
    },
    {
      "type": "Feature",
      "geometry": {
        "type": "Point",
        "coordinates": [
          2.310962,
          48.88495
        ]
      },
      "properties": {
        "id_bat": 3279,
        "libelle": "64 rue de Tocqueville",
        "ensemble": "",
        "arrondissement": 17,
        "image_ref": 15268,
        "terme_jantzen_bat": [
          "fenetre",
          "lucarne",
          "sculpture",
          "toiture"
        ]
      }
    },
    {
      "type": "Feature",
      "geometry": {
        "type": "Point",
        "coordinates": [
          2.278197,
          48.863768
        ]
      },
      "properties": {
        "id_bat": 3283,
        "libelle": "65 avenue Georges-Mandel",
        "ensemble": "",
        "arrondissement": 16,
        "image_ref": 5268,
        "terme_jantzen_bat": [
          "fronton",
          "lucarne",
          "marquise",
          "porte-fer"
        ]
      }
    },
    {
      "type": "Feature",
      "geometry": {
        "type": "Point",
        "coordinates": [
          2.295722,
          48.882071
        ]
      },
      "properties": {
        "id_bat": 3284,
        "libelle": "65 avenue Niel",
        "ensemble": "",
        "arrondissement": 17,
        "image_ref": 10277,
        "terme_jantzen_bat": [
          "colonne",
          "fronton",
          "lucarne",
          "lucarne-d'angle",
          "porte-fer"
        ]
      }
    },
    {
      "type": "Feature",
      "geometry": {
        "type": "Point",
        "coordinates": [
          2.293386,
          48.850721
        ]
      },
      "properties": {
        "id_bat": 3286,
        "libelle": "65 boulevard de Grenelle",
        "ensemble": "",
        "arrondissement": 15,
        "image_ref": 5795,
        "terme_jantzen_bat": [
          "brique",
          "façade",
          "fenetre",
          "garde-corps"
        ]
      }
    },
    {
      "type": "Feature",
      "geometry": {
        "type": "Point",
        "coordinates": [
          2.349299,
          48.879704
        ]
      },
      "properties": {
        "id_bat": 3288,
        "libelle": "65 rue de Maubeuge",
        "ensemble": "",
        "arrondissement": 10,
        "image_ref": 9402,
        "terme_jantzen_bat": [
          "balcon",
          "décor",
          "façade",
          "fenetre",
          "garde-corps",
          "lucarne",
          "porte-bois"
        ]
      }
    },
    {
      "type": "Feature",
      "geometry": {
        "type": "Point",
        "coordinates": [
          2.350449,
          48.866512
        ]
      },
      "properties": {
        "id_bat": 3290,
        "libelle": "65 rue Réaumur",
        "ensemble": "",
        "arrondissement": 2,
        "image_ref": 12764,
        "terme_jantzen_bat": [
          "façade",
          "métal",
          "toiture",
          "verrière"
        ]
      }
    },
    {
      "type": "Feature",
      "geometry": {
        "type": "Point",
        "coordinates": [
          2.335808,
          48.880855
        ]
      },
      "properties": {
        "id_bat": 3300,
        "libelle": "66 rue Catherine-de-La-Rochefoucauld",
        "ensemble": "",
        "arrondissement": 9,
        "image_ref": 7946,
        "terme_jantzen_bat": [
          "fenetre",
          "porte-bois"
        ]
      }
    },
    {
      "type": "Feature",
      "geometry": {
        "type": "Point",
        "coordinates": [
          2.313064,
          48.840784
        ]
      },
      "properties": {
        "id_bat": 3301,
        "libelle": "66 rue Falguière",
        "ensemble": "",
        "arrondissement": 15,
        "image_ref": 4344,
        "terme_jantzen_bat": [
          "brique",
          "décor",
          "façade-d'angle",
          "fenetre-d'angle",
          "lucarne",
          "lucarne-d'angle",
          "mosaique",
          "porte-fer",
          "toiture"
        ]
      }
    },
    {
      "type": "Feature",
      "geometry": {
        "type": "Point",
        "coordinates": [
          2.307121,
          48.84851
        ]
      },
      "properties": {
        "id_bat": 3306,
        "libelle": "67 avenue de Ségur",
        "ensemble": "",
        "arrondissement": 7,
        "image_ref": 13511,
        "terme_jantzen_bat": [
          "balcon",
          "façade-d'angle",
          "fenetre-d'angle",
          "lucarne",
          "porte"
        ]
      }
    },
    {
      "type": "Feature",
      "geometry": {
        "type": "Point",
        "coordinates": [
          2.316658,
          48.847224
        ]
      },
      "properties": {
        "id_bat": 3309,
        "libelle": "67 boulevard des Invalides",
        "ensemble": "",
        "arrondissement": 7,
        "image_ref": 6909,
        "terme_jantzen_bat": [
          "façade",
          "fronton",
          "lucarne",
          "lucarne-d'angle"
        ]
      }
    },
    {
      "type": "Feature",
      "geometry": {
        "type": "Point",
        "coordinates": [
          2.325189,
          48.873875
        ]
      },
      "properties": {
        "id_bat": 3310,
        "libelle": "67 boulevard Haussmann",
        "ensemble": "",
        "arrondissement": 8,
        "image_ref": 6136,
        "terme_jantzen_bat": [
          "cariatide",
          "clé",
          "console",
          "façade",
          "fenetre",
          "garde-corps",
          "porte-fer",
          "sculpture"
        ]
      }
    },
    {
      "type": "Feature",
      "geometry": {
        "type": "Point",
        "coordinates": [
          2.327675,
          48.84937
        ]
      },
      "properties": {
        "id_bat": 3312,
        "libelle": "67 boulevard Raspail",
        "ensemble": "",
        "arrondissement": 6,
        "image_ref": 12527,
        "terme_jantzen_bat": [
          "brique",
          "décor",
          "fenetre",
          "lucarne",
          "porte-fer",
          "sculpture",
          "toiture"
        ]
      }
    },
    {
      "type": "Feature",
      "geometry": {
        "type": "Point",
        "coordinates": [
          2.34572,
          48.850617
        ]
      },
      "properties": {
        "id_bat": 3313,
        "libelle": "67 boulevard Saint-Germain",
        "ensemble": "",
        "arrondissement": 5,
        "image_ref": 14394,
        "terme_jantzen_bat": [
          "console",
          "dome",
          "façade-d'angle",
          "fenetre-d'angle",
          "fronton",
          "lucarne",
          "lucarne-d'angle",
          "oeil-de-boeuf",
          "sculpture",
          "toiture",
          "tourelle"
        ]
      }
    },
    {
      "type": "Feature",
      "geometry": {
        "type": "Point",
        "coordinates": [
          2.305461,
          48.877809
        ]
      },
      "properties": {
        "id_bat": 3317,
        "libelle": "67 rue de Courcelles",
        "ensemble": "",
        "arrondissement": 8,
        "image_ref": 3169,
        "terme_jantzen_bat": [
          "décor",
          "façade",
          "fenetre",
          "fronton",
          "porte-bois",
          "sculpture"
        ]
      }
    },
    {
      "type": "Feature",
      "geometry": {
        "type": "Point",
        "coordinates": [
          2.308875,
          48.886379
        ]
      },
      "properties": {
        "id_bat": 3322,
        "libelle": "67 rue de Tocqueville",
        "ensemble": "",
        "arrondissement": 17,
        "image_ref": 15271,
        "terme_jantzen_bat": [
          "fenetre",
          "porte-fer"
        ]
      }
    },
    {
      "type": "Feature",
      "geometry": {
        "type": "Point",
        "coordinates": [
          2.393252,
          48.836293
        ]
      },
      "properties": {
        "id_bat": 3323,
        "libelle": "67 rue des Meuniers",
        "ensemble": "",
        "arrondissement": 12,
        "image_ref": 9598,
        "terme_jantzen_bat": [
          "brique",
          "console",
          "décor",
          "façade-d'angle",
          "fenetre",
          "fenetre-d'angle",
          "lucarne",
          "lucarne-d'angle",
          "mosaique",
          "métal",
          "porte-fer"
        ]
      }
    },
    {
      "type": "Feature",
      "geometry": {
        "type": "Point",
        "coordinates": [
          2.347929,
          48.830268
        ]
      },
      "properties": {
        "id_bat": 3330,
        "libelle": "68 boulevard Auguste-Blanqui",
        "ensemble": "",
        "arrondissement": 13,
        "image_ref": 671,
        "terme_jantzen_bat": [
          "fenetre"
        ]
      }
    },
    {
      "type": "Feature",
      "geometry": {
        "type": "Point",
        "coordinates": [
          2.368184,
          48.858203
        ]
      },
      "properties": {
        "id_bat": 3331,
        "libelle": "68 boulevard Beaumarchais",
        "ensemble": "",
        "arrondissement": 11,
        "image_ref": 1025,
        "terme_jantzen_bat": [
          "balcon",
          "façade",
          "fenetre",
          "garde-corps",
          "porte-bois",
          "sculpture"
        ]
      }
    },
    {
      "type": "Feature",
      "geometry": {
        "type": "Point",
        "coordinates": [
          2.318284,
          48.885826
        ]
      },
      "properties": {
        "id_bat": 3335,
        "libelle": "68 rue Boursault",
        "ensemble": "",
        "arrondissement": 17,
        "image_ref": 1546,
        "terme_jantzen_bat": [
          "balcon",
          "clé",
          "façade",
          "fenetre",
          "garde-corps",
          "sculpture"
        ]
      }
    },
    {
      "type": "Feature",
      "geometry": {
        "type": "Point",
        "coordinates": [
          2.358384,
          48.855423
        ]
      },
      "properties": {
        "id_bat": 3337,
        "libelle": "68 rue François-Miron",
        "ensemble": "",
        "arrondissement": 4,
        "image_ref": 4884,
        "terme_jantzen_bat": [
          "balcon",
          "colonne",
          "console",
          "décor",
          "façade",
          "fenetre",
          "intérieur",
          "oeil-de-boeuf",
          "pilastre",
          "porte",
          "porte-bois",
          "sculpture"
        ]
      }
    },
    {
      "type": "Feature",
      "geometry": {
        "type": "Point",
        "coordinates": [
          2.344216,
          48.864322
        ]
      },
      "properties": {
        "id_bat": 3338,
        "libelle": "68 rue Jean-Jacques-Rousseau",
        "ensemble": "",
        "arrondissement": 1,
        "image_ref": 7304,
        "terme_jantzen_bat": [
          "fenetre",
          "pilastre",
          "sculpture"
        ]
      }
    },
    {
      "type": "Feature",
      "geometry": {
        "type": "Point",
        "coordinates": [
          2.311245,
          48.873111
        ]
      },
      "properties": {
        "id_bat": 3339,
        "libelle": "68 rue La Boétie",
        "ensemble": "",
        "arrondissement": 8,
        "image_ref": 7575,
        "terme_jantzen_bat": [
          "balcon",
          "dome",
          "façade-d'angle",
          "fenetre-d'angle",
          "pilastre"
        ]
      }
    },
    {
      "type": "Feature",
      "geometry": {
        "type": "Point",
        "coordinates": [
          2.30688,
          48.880134
        ]
      },
      "properties": {
        "id_bat": 3346,
        "libelle": "68b boulevard de Courcelles",
        "ensemble": "",
        "arrondissement": 17,
        "image_ref": 3255,
        "terme_jantzen_bat": [
          "colonne",
          "dome",
          "façade",
          "lucarne",
          "porte-fer"
        ]
      }
    },
    {
      "type": "Feature",
      "geometry": {
        "type": "Point",
        "coordinates": [
          2.310593,
          48.872673
        ]
      },
      "properties": {
        "id_bat": 3352,
        "libelle": "69 rue La Boétie",
        "ensemble": "",
        "arrondissement": 8,
        "image_ref": 7578,
        "terme_jantzen_bat": [
          "fenetre",
          "lucarne",
          "toiture",
          "verrière"
        ]
      }
    },
    {
      "type": "Feature",
      "geometry": {
        "type": "Point",
        "coordinates": [
          2.349958,
          48.866607
        ]
      },
      "properties": {
        "id_bat": 3354,
        "libelle": "69 rue Réaumur",
        "ensemble": "",
        "arrondissement": 2,
        "image_ref": 12767,
        "terme_jantzen_bat": [
          "verrière"
        ]
      }
    },
    {
      "type": "Feature",
      "geometry": {
        "type": "Point",
        "coordinates": [
          2.308031,
          48.877224
        ]
      },
      "properties": {
        "id_bat": 3356,
        "libelle": "7 à 9 rue Rembrandt",
        "ensemble": "",
        "arrondissement": 8,
        "image_ref": 12831,
        "terme_jantzen_bat": [
          "clé",
          "console",
          "façade",
          "fenetre",
          "garde-corps",
          "métal",
          "oriel",
          "sculpture"
        ]
      }
    },
    {
      "type": "Feature",
      "geometry": {
        "type": "Point",
        "coordinates": [
          2.367788,
          48.866697
        ]
      },
      "properties": {
        "id_bat": 3358,
        "libelle": "7 avenue de la République",
        "ensemble": "",
        "arrondissement": 11,
        "image_ref": 12938,
        "terme_jantzen_bat": [
          "tourelle"
        ]
      }
    },
    {
      "type": "Feature",
      "geometry": {
        "type": "Point",
        "coordinates": [
          2.398237,
          48.848573
        ]
      },
      "properties": {
        "id_bat": 3359,
        "libelle": "7 avenue du Trône",
        "ensemble": "",
        "arrondissement": 11,
        "image_ref": 15527,
        "terme_jantzen_bat": [
          "balcon",
          "console",
          "dome",
          "fenetre",
          "garde-corps",
          "lucarne",
          "lucarne-d'angle",
          "sculpture"
        ]
      }
    },
    {
      "type": "Feature",
      "geometry": {
        "type": "Point",
        "coordinates": [
          2.297056,
          48.885975
        ]
      },
      "properties": {
        "id_bat": 3360,
        "libelle": "7 avenue Gourgaud",
        "ensemble": "",
        "arrondissement": 17,
        "image_ref": 5386,
        "terme_jantzen_bat": [
          "façade",
          "fenetre",
          "porte-bois"
        ]
      }
    },
    {
      "type": "Feature",
      "geometry": {
        "type": "Point",
        "coordinates": [
          2.368581,
          48.854354
        ]
      },
      "properties": {
        "id_bat": 3363,
        "libelle": "7 boulevard Beaumarchais",
        "ensemble": "",
        "arrondissement": 3,
        "image_ref": 1033,
        "terme_jantzen_bat": [
          "balcon",
          "façade",
          "fenetre",
          "garde-corps",
          "porte-bois"
        ]
      }
    },
    {
      "type": "Feature",
      "geometry": {
        "type": "Point",
        "coordinates": [
          2.326197,
          48.883064
        ]
      },
      "properties": {
        "id_bat": 3365,
        "libelle": "7 boulevard des Batignolles",
        "ensemble": "",
        "arrondissement": 17,
        "image_ref": 844,
        "terme_jantzen_bat": [
          "lucarne"
        ]
      }
    },
    {
      "type": "Feature",
      "geometry": {
        "type": "Point",
        "coordinates": [
          2.317856,
          48.856417
        ]
      },
      "properties": {
        "id_bat": 3367,
        "libelle": "7 cité Martignac",
        "ensemble": "",
        "arrondissement": 7,
        "image_ref": 9294,
        "terme_jantzen_bat": [
          "poignée-porte",
          "porte-bois"
        ]
      }
    },
    {
      "type": "Feature",
      "geometry": {
        "type": "Point",
        "coordinates": [
          2.323051,
          48.869459
        ]
      },
      "properties": {
        "id_bat": 3370,
        "libelle": "7 place de la Madeleine",
        "ensemble": "",
        "arrondissement": 8,
        "image_ref": 8932,
        "terme_jantzen_bat": [
          "décor",
          "façade",
          "fenetre",
          "sculpture"
        ]
      }
    },
    {
      "type": "Feature",
      "geometry": {
        "type": "Point",
        "coordinates": [
          2.305009,
          48.878954
        ]
      },
      "properties": {
        "id_bat": 3374,
        "libelle": "7 rue Alfred-de-Vigny",
        "ensemble": "",
        "arrondissement": 8,
        "image_ref": 218,
        "terme_jantzen_bat": [
          "fenetre",
          "garde-corps"
        ]
      }
    },
    {
      "type": "Feature",
      "geometry": {
        "type": "Point",
        "coordinates": [
          2.322796,
          48.827084
        ]
      },
      "properties": {
        "id_bat": 3375,
        "libelle": "7 rue Antoine-Chantin",
        "ensemble": "",
        "arrondissement": 14,
        "image_ref": 448,
        "terme_jantzen_bat": [
          "balcon",
          "décor",
          "façade",
          "fenetre",
          "garde-corps",
          "marquise",
          "oriel",
          "porte-fer",
          "verrière"
        ]
      }
    },
    {
      "type": "Feature",
      "geometry": {
        "type": "Point",
        "coordinates": [
          2.275425,
          48.866341
        ]
      },
      "properties": {
        "id_bat": 3380,
        "libelle": "7 rue Benjamin-Godard",
        "ensemble": "",
        "arrondissement": 16,
        "image_ref": 1148,
        "terme_jantzen_bat": [
          "colonne"
        ]
      }
    },
    {
      "type": "Feature",
      "geometry": {
        "type": "Point",
        "coordinates": [
          2.320537,
          48.88299
        ]
      },
      "properties": {
        "id_bat": 3383,
        "libelle": "7 rue Boursault",
        "ensemble": "",
        "arrondissement": 17,
        "image_ref": 1560,
        "terme_jantzen_bat": [
          "façade",
          "fenetre",
          "lucarne",
          "porte-fer",
          "porte-fer-hall",
          "toiture"
        ]
      }
    },
    {
      "type": "Feature",
      "geometry": {
        "type": "Point",
        "coordinates": [
          2.320308,
          48.885903
        ]
      },
      "properties": {
        "id_bat": 3384,
        "libelle": "7 rue Bridaine",
        "ensemble": "",
        "arrondissement": 17,
        "image_ref": 1721,
        "terme_jantzen_bat": [
          "fenetre",
          "garde-corps",
          "sculpture"
        ]
      }
    },
    {
      "type": "Feature",
      "geometry": {
        "type": "Point",
        "coordinates": [
          2.337492,
          48.836918
        ]
      },
      "properties": {
        "id_bat": 3385,
        "libelle": "7 rue Cassini",
        "ensemble": "",
        "arrondissement": 14,
        "image_ref": 2028,
        "terme_jantzen_bat": [
          "façade",
          "fenetre",
          "porte-fer",
          "verrière"
        ]
      }
    },
    {
      "type": "Feature",
      "geometry": {
        "type": "Point",
        "coordinates": [
          2.346559,
          48.851116
        ]
      },
      "properties": {
        "id_bat": 3389,
        "libelle": "7 rue Dante",
        "ensemble": "",
        "arrondissement": 5,
        "image_ref": 3445,
        "terme_jantzen_bat": [
          "console",
          "fenetre",
          "sculpture"
        ]
      }
    },
    {
      "type": "Feature",
      "geometry": {
        "type": "Point",
        "coordinates": [
          2.327564,
          48.834135
        ]
      },
      "properties": {
        "id_bat": 3391,
        "libelle": "7 rue Danville",
        "ensemble": "",
        "arrondissement": 14,
        "image_ref": 3501,
        "terme_jantzen_bat": [
          "balcon",
          "porte-fer-hall"
        ]
      }
    },
    {
      "type": "Feature",
      "geometry": {
        "type": "Point",
        "coordinates": [
          2.398359,
          48.835891
        ]
      },
      "properties": {
        "id_bat": 3394,
        "libelle": "7 rue de Capri",
        "ensemble": "",
        "arrondissement": 12,
        "image_ref": 1931,
        "terme_jantzen_bat": [
          "porte-fer"
        ]
      }
    },
    {
      "type": "Feature",
      "geometry": {
        "type": "Point",
        "coordinates": [
          2.358367,
          48.85475
        ]
      },
      "properties": {
        "id_bat": 3395,
        "libelle": "7 rue de Jouy",
        "ensemble": "",
        "arrondissement": 4,
        "image_ref": 7455,
        "terme_jantzen_bat": [
          "fenetre"
        ]
      }
    },
    {
      "type": "Feature",
      "geometry": {
        "type": "Point",
        "coordinates": [
          2.330695,
          48.868932
        ]
      },
      "properties": {
        "id_bat": 3397,
        "libelle": "7 rue de la Paix",
        "ensemble": "",
        "arrondissement": 2,
        "image_ref": 10998,
        "terme_jantzen_bat": [
          "lucarne"
        ]
      }
    },
    {
      "type": "Feature",
      "geometry": {
        "type": "Point",
        "coordinates": [
          2.347395,
          48.844538
        ]
      },
      "properties": {
        "id_bat": 3401,
        "libelle": "7 rue de l'Estrapade",
        "ensemble": "",
        "arrondissement": 5,
        "image_ref": 4146,
        "terme_jantzen_bat": [
          "façade",
          "fenetre",
          "garde-corps",
          "porte-bois"
        ]
      }
    },
    {
      "type": "Feature",
      "geometry": {
        "type": "Point",
        "coordinates": [
          2.339593,
          48.848492
        ]
      },
      "properties": {
        "id_bat": 3402,
        "libelle": "7 rue de Médicis",
        "ensemble": "",
        "arrondissement": 6,
        "image_ref": 9444,
        "terme_jantzen_bat": [
          "cariatide",
          "fenetre",
          "fronton",
          "porte-bois",
          "sculpture"
        ]
      }
    },
    {
      "type": "Feature",
      "geometry": {
        "type": "Point",
        "coordinates": [
          2.28405,
          48.870907
        ]
      },
      "properties": {
        "id_bat": 3405,
        "libelle": "7 rue de Sfax",
        "ensemble": "",
        "arrondissement": 16,
        "image_ref": 13660,
        "terme_jantzen_bat": [
          "fenetre",
          "porte-bois"
        ]
      }
    },
    {
      "type": "Feature",
      "geometry": {
        "type": "Point",
        "coordinates": [
          2.295417,
          48.875191
        ]
      },
      "properties": {
        "id_bat": 3407,
        "libelle": "7 rue de Tilsitt",
        "ensemble": "",
        "arrondissement": 17,
        "image_ref": 15224,
        "terme_jantzen_bat": [
          "atlante",
          "cariatide",
          "clé",
          "décor",
          "façade",
          "fenetre",
          "fronton",
          "lucarne",
          "pilastre",
          "porte-fer",
          "sculpture",
          "toiture"
        ]
      }
    },
    {
      "type": "Feature",
      "geometry": {
        "type": "Point",
        "coordinates": [
          2.342064,
          48.891775
        ]
      },
      "properties": {
        "id_bat": 3408,
        "libelle": "7 rue de Trétaigne",
        "ensemble": "",
        "arrondissement": 18,
        "image_ref": 15489,
        "terme_jantzen_bat": [
          "brique",
          "fenetre",
          "mosaique",
          "oriel",
          "porte-bois"
        ]
      }
    },
    {
      "type": "Feature",
      "geometry": {
        "type": "Point",
        "coordinates": [
          2.391954,
          48.875955
        ]
      },
      "properties": {
        "id_bat": 3409,
        "libelle": "7 rue des Fêtes",
        "ensemble": "",
        "arrondissement": 19,
        "image_ref": 4553,
        "terme_jantzen_bat": [
          "console",
          "fenetre",
          "sculpture"
        ]
      }
    },
    {
      "type": "Feature",
      "geometry": {
        "type": "Point",
        "coordinates": [
          2.340959,
          48.854617
        ]
      },
      "properties": {
        "id_bat": 3410,
        "libelle": "7 rue des Grands-Augustins",
        "ensemble": "",
        "arrondissement": 6,
        "image_ref": 5175,
        "terme_jantzen_bat": [
          "fenetre",
          "lucarne",
          "lucarne-d'angle",
          "oeil-de-boeuf"
        ]
      }
    },
    {
      "type": "Feature",
      "geometry": {
        "type": "Point",
        "coordinates": [
          2.34677,
          48.873173
        ]
      },
      "properties": {
        "id_bat": 3414,
        "libelle": "7 rue du Conservatoire",
        "ensemble": "",
        "arrondissement": 9,
        "image_ref": 2930,
        "terme_jantzen_bat": [
          "façade",
          "fenetre",
          "garde-corps"
        ]
      }
    },
    {
      "type": "Feature",
      "geometry": {
        "type": "Point",
        "coordinates": [
          2.341816,
          48.86657
        ]
      },
      "properties": {
        "id_bat": 3418,
        "libelle": "7 rue du Mail",
        "ensemble": "",
        "arrondissement": 2,
        "image_ref": 8975,
        "terme_jantzen_bat": [
          "colonne",
          "décor",
          "fenetre",
          "pilastre",
          "sculpture"
        ]
      }
    },
    {
      "type": "Feature",
      "geometry": {
        "type": "Point",
        "coordinates": [
          2.326834,
          48.848691
        ]
      },
      "properties": {
        "id_bat": 3419,
        "libelle": "7 rue du Regard",
        "ensemble": "",
        "arrondissement": 6,
        "image_ref": 12812,
        "terme_jantzen_bat": [
          "porte-bois"
        ]
      }
    },
    {
      "type": "Feature",
      "geometry": {
        "type": "Point",
        "coordinates": [
          2.262,
          48.847431
        ]
      },
      "properties": {
        "id_bat": 3421,
        "libelle": "7 rue Erlanger",
        "ensemble": "",
        "arrondissement": 16,
        "image_ref": 4123,
        "terme_jantzen_bat": [
          "façade-d'angle",
          "pilastre"
        ]
      }
    },
    {
      "type": "Feature",
      "geometry": {
        "type": "Point",
        "coordinates": [
          2.333124,
          48.88982
        ]
      },
      "properties": {
        "id_bat": 3423,
        "libelle": "7 rue Félix-Ziem",
        "ensemble": "",
        "arrondissement": 18,
        "image_ref": 4498,
        "terme_jantzen_bat": [
          "balcon",
          "colonne",
          "fenetre-d'angle",
          "lucarne-d'angle"
        ]
      }
    },
    {
      "type": "Feature",
      "geometry": {
        "type": "Point",
        "coordinates": [
          2.28918,
          48.870384
        ]
      },
      "properties": {
        "id_bat": 3424,
        "libelle": "7 rue Georges-Ville",
        "ensemble": "",
        "arrondissement": 16,
        "image_ref": 5337,
        "terme_jantzen_bat": [
          "dome"
        ]
      }
    },
    {
      "type": "Feature",
      "geometry": {
        "type": "Point",
        "coordinates": [
          2.307502,
          48.848113
        ]
      },
      "properties": {
        "id_bat": 3427,
        "libelle": "7 rue José-Maria-de-Heredia",
        "ensemble": "",
        "arrondissement": 7,
        "image_ref": 7341,
        "terme_jantzen_bat": [
          "balcon",
          "dome",
          "façade-d'angle",
          "lucarne",
          "lucarne-d'angle"
        ]
      }
    },
    {
      "type": "Feature",
      "geometry": {
        "type": "Point",
        "coordinates": [
          2.286431,
          48.860188
        ]
      },
      "properties": {
        "id_bat": 3431,
        "libelle": "7 rue Le Tasse",
        "ensemble": "",
        "arrondissement": 16,
        "image_ref": 8324,
        "terme_jantzen_bat": [
          "porte-fer"
        ]
      }
    },
    {
      "type": "Feature",
      "geometry": {
        "type": "Point",
        "coordinates": [
          2.321775,
          48.836705
        ]
      },
      "properties": {
        "id_bat": 3432,
        "libelle": "7 rue Lebouis",
        "ensemble": "",
        "arrondissement": 14,
        "image_ref": 8149,
        "terme_jantzen_bat": [
          "colonne",
          "décor",
          "façade",
          "façade-d'angle",
          "fenetre",
          "loggia",
          "lucarne",
          "oriel",
          "porte",
          "porte-fer",
          "verrière"
        ]
      }
    },
    {
      "type": "Feature",
      "geometry": {
        "type": "Point",
        "coordinates": [
          2.266605,
          48.859206
        ]
      },
      "properties": {
        "id_bat": 3435,
        "libelle": "7 rue Louis-Boilly",
        "ensemble": "",
        "arrondissement": 16,
        "image_ref": 8491,
        "terme_jantzen_bat": [
          "console",
          "porte-fer-hall",
          "sculpture"
        ]
      }
    },
    {
      "type": "Feature",
      "geometry": {
        "type": "Point",
        "coordinates": [
          2.328707,
          48.827237
        ]
      },
      "properties": {
        "id_bat": 3437,
        "libelle": "7 rue Marguerin",
        "ensemble": "",
        "arrondissement": 14,
        "image_ref": 9258,
        "terme_jantzen_bat": [
          "façade-d'angle"
        ]
      }
    },
    {
      "type": "Feature",
      "geometry": {
        "type": "Point",
        "coordinates": [
          2.382912,
          48.883317
        ]
      },
      "properties": {
        "id_bat": 3439,
        "libelle": "7 rue Meynadier",
        "ensemble": "",
        "arrondissement": 19,
        "image_ref": 9637,
        "terme_jantzen_bat": [
          "fenetre",
          "porte-bois"
        ]
      }
    },
    {
      "type": "Feature",
      "geometry": {
        "type": "Point",
        "coordinates": [
          2.358865,
          48.864756
        ]
      },
      "properties": {
        "id_bat": 3441,
        "libelle": "7 rue Réaumur",
        "ensemble": "",
        "arrondissement": 3,
        "image_ref": 12768,
        "terme_jantzen_bat": [
          "porte-bois"
        ]
      }
    },
    {
      "type": "Feature",
      "geometry": {
        "type": "Point",
        "coordinates": [
          2.32524,
          48.871402
        ]
      },
      "properties": {
        "id_bat": 3445,
        "libelle": "7 rue Tronchet",
        "ensemble": "",
        "arrondissement": 8,
        "image_ref": 15516,
        "terme_jantzen_bat": [
          "clé",
          "colonne",
          "décor",
          "façade",
          "fenetre",
          "lucarne",
          "pilastre",
          "sculpture"
        ]
      }
    },
    {
      "type": "Feature",
      "geometry": {
        "type": "Point",
        "coordinates": [
          2.330674,
          48.835361
        ]
      },
      "properties": {
        "id_bat": 3448,
        "libelle": "7 rue Victor-Considérant",
        "ensemble": "",
        "arrondissement": 14,
        "image_ref": 16338,
        "terme_jantzen_bat": [
          "chimère",
          "clé",
          "console",
          "fenetre",
          "garde-corps",
          "porte-bois",
          "sculpture"
        ]
      }
    },
    {
      "type": "Feature",
      "geometry": {
        "type": "Point",
        "coordinates": [
          2.28976,
          48.876888
        ]
      },
      "properties": {
        "id_bat": 3449,
        "libelle": "7 rue Villaret-de-Joyeuse",
        "ensemble": "",
        "arrondissement": 17,
        "image_ref": 16561,
        "terme_jantzen_bat": [
          "façade",
          "fenetre",
          "lucarne",
          "oriel"
        ]
      }
    },
    {
      "type": "Feature",
      "geometry": {
        "type": "Point",
        "coordinates": [
          2.293712,
          48.879622
        ]
      },
      "properties": {
        "id_bat": 3450,
        "libelle": "7 rue Villebois-Mareuil",
        "ensemble": "",
        "arrondissement": 17,
        "image_ref": 16565,
        "terme_jantzen_bat": [
          "console",
          "dome",
          "fenetre-d'angle",
          "lucarne-d'angle",
          "sculpture"
        ]
      }
    },
    {
      "type": "Feature",
      "geometry": {
        "type": "Point",
        "coordinates": [
          2.279779,
          48.860237
        ]
      },
      "properties": {
        "id_bat": 3451,
        "libelle": "7 rue Vital",
        "ensemble": "",
        "arrondissement": 16,
        "image_ref": 16636,
        "terme_jantzen_bat": [
          "colonne",
          "fenetre",
          "porte-bois"
        ]
      }
    },
    {
      "type": "Feature",
      "geometry": {
        "type": "Point",
        "coordinates": [
          2.339245,
          48.867573
        ]
      },
      "properties": {
        "id_bat": 3452,
        "libelle": "7 rue Vivienne",
        "ensemble": "",
        "arrondissement": 2,
        "image_ref": 16655,
        "terme_jantzen_bat": [
          "colonne",
          "décor",
          "fenetre",
          "lucarne",
          "oeil-de-boeuf",
          "sculpture"
        ]
      }
    },
    {
      "type": "Feature",
      "geometry": {
        "type": "Point",
        "coordinates": [
          2.304978,
          48.870982
        ]
      },
      "properties": {
        "id_bat": 3454,
        "libelle": "70 avenue des Champs-Élysées",
        "ensemble": "",
        "arrondissement": 8,
        "image_ref": 2264,
        "terme_jantzen_bat": [
          "balcon",
          "façade",
          "fenetre",
          "fenetre-d'angle",
          "lucarne",
          "marquise",
          "porte-fer",
          "toiture"
        ]
      }
    },
    {
      "type": "Feature",
      "geometry": {
        "type": "Point",
        "coordinates": [
          2.310982,
          48.873034
        ]
      },
      "properties": {
        "id_bat": 3459,
        "libelle": "70 rue La Boétie",
        "ensemble": "",
        "arrondissement": 8,
        "image_ref": 7583,
        "terme_jantzen_bat": [
          "façade",
          "fenetre",
          "oriel",
          "sculpture",
          "verrière"
        ]
      }
    },
    {
      "type": "Feature",
      "geometry": {
        "type": "Point",
        "coordinates": [
          2.268933,
          48.853593
        ]
      },
      "properties": {
        "id_bat": 3463,
        "libelle": "71 avenue Mozart",
        "ensemble": "",
        "arrondissement": 16,
        "image_ref": 10100,
        "terme_jantzen_bat": [
          "colonne",
          "console",
          "décor",
          "fenetre",
          "porte-bois",
          "sculpture"
        ]
      }
    },
    {
      "type": "Feature",
      "geometry": {
        "type": "Point",
        "coordinates": [
          2.327723,
          48.849202
        ]
      },
      "properties": {
        "id_bat": 3464,
        "libelle": "71 boulevard Raspail",
        "ensemble": "",
        "arrondissement": 6,
        "image_ref": 12534,
        "terme_jantzen_bat": [
          "balcon",
          "céramique",
          "décor",
          "fenetre",
          "garde-corps",
          "oriel",
          "sculpture"
        ]
      }
    },
    {
      "type": "Feature",
      "geometry": {
        "type": "Point",
        "coordinates": [
          2.376365,
          48.893271
        ]
      },
      "properties": {
        "id_bat": 3465,
        "libelle": "71 rue Archereau",
        "ensemble": "",
        "arrondissement": 19,
        "image_ref": 543,
        "terme_jantzen_bat": [
          "brique",
          "céramique",
          "fenetre"
        ]
      }
    },
    {
      "type": "Feature",
      "geometry": {
        "type": "Point",
        "coordinates": [
          2.324054,
          48.855237
        ]
      },
      "properties": {
        "id_bat": 3467,
        "libelle": "71 rue de Grenelle",
        "ensemble": "",
        "arrondissement": 7,
        "image_ref": 5758,
        "terme_jantzen_bat": [
          "façade",
          "porte",
          "porte-bois"
        ]
      }
    },
    {
      "type": "Feature",
      "geometry": {
        "type": "Point",
        "coordinates": [
          2.355617,
          48.860956
        ]
      },
      "properties": {
        "id_bat": 3470,
        "libelle": "71 rue du Temple",
        "ensemble": "",
        "arrondissement": 3,
        "image_ref": 15039,
        "terme_jantzen_bat": [
          "façade",
          "fronton",
          "lucarne",
          "porte-bois"
        ]
      }
    },
    {
      "type": "Feature",
      "geometry": {
        "type": "Point",
        "coordinates": [
          2.318765,
          48.887439
        ]
      },
      "properties": {
        "id_bat": 3472,
        "libelle": "71 rue Truffaut",
        "ensemble": "",
        "arrondissement": 17,
        "image_ref": 15559,
        "terme_jantzen_bat": [
          "porte-bois"
        ]
      }
    },
    {
      "type": "Feature",
      "geometry": {
        "type": "Point",
        "coordinates": [
          2.357383,
          48.871785
        ]
      },
      "properties": {
        "id_bat": 3486,
        "libelle": "72 rue du Faubourg-Saint-Martin",
        "ensemble": "",
        "arrondissement": 10,
        "image_ref": 4416,
        "terme_jantzen_bat": [
          "chimère",
          "clé",
          "colonne",
          "décor",
          "fenetre",
          "fenetre-d'angle",
          "fronton",
          "lucarne",
          "lucarne-d'angle",
          "pilastre",
          "porte-fer",
          "sculpture",
          "toiture",
          "tourelle"
        ]
      }
    },
    {
      "type": "Feature",
      "geometry": {
        "type": "Point",
        "coordinates": [
          2.319948,
          48.849503
        ]
      },
      "properties": {
        "id_bat": 3489,
        "libelle": "72 rue Vaneau",
        "ensemble": "",
        "arrondissement": 7,
        "image_ref": 15820,
        "terme_jantzen_bat": [
          "loggia",
          "porte-fer-hall"
        ]
      }
    },
    {
      "type": "Feature",
      "geometry": {
        "type": "Point",
        "coordinates": [
          2.354535,
          48.833388
        ]
      },
      "properties": {
        "id_bat": 3490,
        "libelle": "73 avenue des Gobelins",
        "ensemble": "",
        "arrondissement": 13,
        "image_ref": 5379,
        "terme_jantzen_bat": [
          "loggia",
          "sculpture"
        ]
      }
    },
    {
      "type": "Feature",
      "geometry": {
        "type": "Point",
        "coordinates": [
          2.320672,
          48.881409
        ]
      },
      "properties": {
        "id_bat": 3494,
        "libelle": "73 rue de Rome",
        "ensemble": "",
        "arrondissement": 17,
        "image_ref": 13226,
        "terme_jantzen_bat": [
          "brique",
          "décor",
          "façade-d'angle",
          "fenetre",
          "lucarne",
          "oeil-de-boeuf",
          "tourelle"
        ]
      }
    },
    {
      "type": "Feature",
      "geometry": {
        "type": "Point",
        "coordinates": [
          2.304626,
          48.871092
        ]
      },
      "properties": {
        "id_bat": 3499,
        "libelle": "74 avenue des Champs-Élysées",
        "ensemble": "",
        "arrondissement": 8,
        "image_ref": 2272,
        "terme_jantzen_bat": [
          "balcon",
          "façade",
          "garde-corps",
          "lucarne"
        ]
      }
    },
    {
      "type": "Feature",
      "geometry": {
        "type": "Point",
        "coordinates": [
          2.365276,
          48.834237
        ]
      },
      "properties": {
        "id_bat": 3503,
        "libelle": "74 boulevard Vincent-Auriol",
        "ensemble": "",
        "arrondissement": 13,
        "image_ref": 16614,
        "terme_jantzen_bat": [
          "balcon",
          "brique",
          "colonne",
          "fenetre",
          "garde-corps"
        ]
      }
    },
    {
      "type": "Feature",
      "geometry": {
        "type": "Point",
        "coordinates": [
          2.334964,
          48.891457
        ]
      },
      "properties": {
        "id_bat": 3505,
        "libelle": "74 rue Damrémont",
        "ensemble": "",
        "arrondissement": 18,
        "image_ref": 3410,
        "terme_jantzen_bat": [
          "console",
          "sculpture"
        ]
      }
    },
    {
      "type": "Feature",
      "geometry": {
        "type": "Point",
        "coordinates": [
          2.358831,
          48.855384
        ]
      },
      "properties": {
        "id_bat": 3506,
        "libelle": "74 rue François-Miron",
        "ensemble": "",
        "arrondissement": 4,
        "image_ref": 4904,
        "terme_jantzen_bat": [
          "fenetre",
          "garde-corps"
        ]
      }
    },
    {
      "type": "Feature",
      "geometry": {
        "type": "Point",
        "coordinates": [
          2.408699,
          48.856913
        ]
      },
      "properties": {
        "id_bat": 3511,
        "libelle": "74 rue Saint-Blaise",
        "ensemble": "",
        "arrondissement": 20,
        "image_ref": 14002,
        "terme_jantzen_bat": [
          "porte-fer"
        ]
      }
    },
    {
      "type": "Feature",
      "geometry": {
        "type": "Point",
        "coordinates": [
          2.330261,
          48.87612
        ]
      },
      "properties": {
        "id_bat": 3512,
        "libelle": "74 rue Saint-Lazare",
        "ensemble": "",
        "arrondissement": 9,
        "image_ref": 14580,
        "terme_jantzen_bat": [
          "façade",
          "fenetre",
          "lucarne"
        ]
      }
    },
    {
      "type": "Feature",
      "geometry": {
        "type": "Point",
        "coordinates": [
          2.2969,
          48.871283
        ]
      },
      "properties": {
        "id_bat": 3513,
        "libelle": "75 avenue Marceau",
        "ensemble": "",
        "arrondissement": 16,
        "image_ref": 9201,
        "terme_jantzen_bat": [
          "balcon",
          "dome",
          "façade-d'angle",
          "fenetre-d'angle",
          "lucarne-d'angle",
          "marquise",
          "porte-fer"
        ]
      }
    },
    {
      "type": "Feature",
      "geometry": {
        "type": "Point",
        "coordinates": [
          2.29907,
          48.879655
        ]
      },
      "properties": {
        "id_bat": 3521,
        "libelle": "75t avenue de Wagram",
        "ensemble": "",
        "arrondissement": 17,
        "image_ref": 17060,
        "terme_jantzen_bat": [
          "colonne",
          "dome",
          "décor",
          "façade",
          "façade-d'angle",
          "fenetre",
          "fenetre-d'angle",
          "lucarne",
          "lucarne-d'angle",
          "oeil-de-boeuf",
          "porte-fer",
          "sculpture"
        ]
      }
    },
    {
      "type": "Feature",
      "geometry": {
        "type": "Point",
        "coordinates": [
          2.356918,
          48.826358
        ]
      },
      "properties": {
        "id_bat": 3523,
        "libelle": "76 avenue d'Italie",
        "ensemble": "",
        "arrondissement": 13,
        "image_ref": 7086,
        "terme_jantzen_bat": [
          "chimère",
          "clé",
          "console",
          "façade-d'angle",
          "fenetre",
          "porte-fer-hall",
          "sculpture"
        ]
      }
    },
    {
      "type": "Feature",
      "geometry": {
        "type": "Point",
        "coordinates": [
          2.286592,
          48.846481
        ]
      },
      "properties": {
        "id_bat": 3524,
        "libelle": "76 avenue Émile-Zola",
        "ensemble": "",
        "arrondissement": 15,
        "image_ref": 4109,
        "terme_jantzen_bat": [
          "porte-bois"
        ]
      }
    },
    {
      "type": "Feature",
      "geometry": {
        "type": "Point",
        "coordinates": [
          2.341459,
          48.856832
        ]
      },
      "properties": {
        "id_bat": 3532,
        "libelle": "76 quai des Orfèvres",
        "ensemble": "",
        "arrondissement": 1,
        "image_ref": 10874,
        "terme_jantzen_bat": [
          "clé",
          "fronton",
          "lucarne"
        ]
      }
    },
    {
      "type": "Feature",
      "geometry": {
        "type": "Point",
        "coordinates": [
          2.350691,
          48.858888
        ]
      },
      "properties": {
        "id_bat": 3535,
        "libelle": "76 rue de la Verrerie",
        "ensemble": "",
        "arrondissement": 4,
        "image_ref": 16086,
        "terme_jantzen_bat": [
          "clé",
          "fenetre",
          "porte-bois",
          "sculpture"
        ]
      }
    },
    {
      "type": "Feature",
      "geometry": {
        "type": "Point",
        "coordinates": [
          2.359736,
          48.862465
        ]
      },
      "properties": {
        "id_bat": 3538,
        "libelle": "76 rue des Archives",
        "ensemble": "",
        "arrondissement": 3,
        "image_ref": 555,
        "terme_jantzen_bat": [
          "chimère",
          "clé",
          "porte-bois"
        ]
      }
    },
    {
      "type": "Feature",
      "geometry": {
        "type": "Point",
        "coordinates": [
          2.374806,
          48.864662
        ]
      },
      "properties": {
        "id_bat": 3541,
        "libelle": "77 avenue Parmentier",
        "ensemble": "",
        "arrondissement": 11,
        "image_ref": 11143,
        "terme_jantzen_bat": [
          "colonne",
          "façade",
          "fenetre",
          "loggia",
          "oriel",
          "porte-fer-hall"
        ]
      }
    },
    {
      "type": "Feature",
      "geometry": {
        "type": "Point",
        "coordinates": [
          2.277784,
          48.859284
        ]
      },
      "properties": {
        "id_bat": 3542,
        "libelle": "77 avenue Paul-Doumer",
        "ensemble": "",
        "arrondissement": 16,
        "image_ref": 11257,
        "terme_jantzen_bat": [
          "balcon",
          "brique",
          "clé",
          "colonne",
          "console",
          "décor",
          "façade",
          "façade-d'angle",
          "fenetre",
          "fenetre-d'angle",
          "loggia",
          "lucarne",
          "lucarne-d'angle",
          "oeil-de-boeuf",
          "oriel",
          "pignon",
          "porte-fer",
          "sculpture"
        ]
      }
    },
    {
      "type": "Feature",
      "geometry": {
        "type": "Point",
        "coordinates": [
          2.349673,
          48.862028
        ]
      },
      "properties": {
        "id_bat": 3550,
        "libelle": "77 rue Rambuteau",
        "ensemble": "",
        "arrondissement": 1,
        "image_ref": 12231,
        "terme_jantzen_bat": [
          "façade",
          "fenetre",
          "fronton",
          "pilastre",
          "porte",
          "porte-bois",
          "sculpture"
        ]
      }
    },
    {
      "type": "Feature",
      "geometry": {
        "type": "Point",
        "coordinates": [
          2.297051,
          48.871881
        ]
      },
      "properties": {
        "id_bat": 3555,
        "libelle": "78 avenue Marceau",
        "ensemble": "",
        "arrondissement": 8,
        "image_ref": 9214,
        "terme_jantzen_bat": [
          "cariatide",
          "décor",
          "façade",
          "fenetre",
          "lucarne",
          "porte-bois",
          "sculpture"
        ]
      }
    },
    {
      "type": "Feature",
      "geometry": {
        "type": "Point",
        "coordinates": [
          2.286308,
          48.869143
        ]
      },
      "properties": {
        "id_bat": 3560,
        "libelle": "78 rue Boissière",
        "ensemble": "",
        "arrondissement": 16,
        "image_ref": 1399,
        "terme_jantzen_bat": [
          "colonne",
          "console",
          "fenetre",
          "porte-bois",
          "sculpture"
        ]
      }
    },
    {
      "type": "Feature",
      "geometry": {
        "type": "Point",
        "coordinates": [
          2.38042,
          48.864299
        ]
      },
      "properties": {
        "id_bat": 3563,
        "libelle": "79 avenue de la République",
        "ensemble": "",
        "arrondissement": 11,
        "image_ref": 12939,
        "terme_jantzen_bat": [
          "fenetre",
          "fronton",
          "lucarne",
          "sculpture"
        ]
      }
    },
    {
      "type": "Feature",
      "geometry": {
        "type": "Point",
        "coordinates": [
          2.327878,
          48.848667
        ]
      },
      "properties": {
        "id_bat": 3564,
        "libelle": "79 boulevard Raspail",
        "ensemble": "",
        "arrondissement": 6,
        "image_ref": 12545,
        "terme_jantzen_bat": [
          "porte-fer"
        ]
      }
    },
    {
      "type": "Feature",
      "geometry": {
        "type": "Point",
        "coordinates": [
          2.30592,
          48.855945
        ]
      },
      "properties": {
        "id_bat": 3566,
        "libelle": "79 rue Bosquet",
        "ensemble": "",
        "arrondissement": 7,
        "image_ref": 1436,
        "terme_jantzen_bat": [
          "façade",
          "fenetre",
          "porte-bois",
          "sculpture"
        ]
      }
    },
    {
      "type": "Feature",
      "geometry": {
        "type": "Point",
        "coordinates": [
          2.356184,
          48.861376
        ]
      },
      "properties": {
        "id_bat": 3567,
        "libelle": "79 rue du Temple",
        "ensemble": "",
        "arrondissement": 3,
        "image_ref": 15045,
        "terme_jantzen_bat": [
          "clé",
          "console",
          "lucarne",
          "porte-bois",
          "sculpture"
        ]
      }
    },
    {
      "type": "Feature",
      "geometry": {
        "type": "Point",
        "coordinates": [
          2.331608,
          48.846004
        ]
      },
      "properties": {
        "id_bat": 3569,
        "libelle": "79 rue Madame",
        "ensemble": "",
        "arrondissement": 6,
        "image_ref": 8898,
        "terme_jantzen_bat": [
          "atlante",
          "cariatide",
          "console",
          "décor",
          "façade",
          "métal",
          "oriel",
          "sculpture"
        ]
      }
    },
    {
      "type": "Feature",
      "geometry": {
        "type": "Point",
        "coordinates": [
          2.308208,
          48.877432
        ]
      },
      "properties": {
        "id_bat": 3571,
        "libelle": "7A rue Rembrandt",
        "ensemble": "",
        "arrondissement": 8,
        "image_ref": 12816,
        "terme_jantzen_bat": [
          "console",
          "décor",
          "métal",
          "oriel"
        ]
      }
    },
    {
      "type": "Feature",
      "geometry": {
        "type": "Point",
        "coordinates": [
          2.332594,
          48.887817
        ]
      },
      "properties": {
        "id_bat": 3572,
        "libelle": "7b rue Damrémont",
        "ensemble": "",
        "arrondissement": 18,
        "image_ref": 3413,
        "terme_jantzen_bat": [
          "colonne",
          "décor",
          "fenetre",
          "porte-fer",
          "porte-fer-hall",
          "sculpture"
        ]
      }
    },
    {
      "type": "Feature",
      "geometry": {
        "type": "Point",
        "coordinates": [
          2.373724,
          48.846696
        ]
      },
      "properties": {
        "id_bat": 3573,
        "libelle": "7b rue Michel-Chasles",
        "ensemble": "",
        "arrondissement": 12,
        "image_ref": 9652,
        "terme_jantzen_bat": [
          "dome",
          "fenetre-d'angle",
          "porte-fer-hall"
        ]
      }
    },
    {
      "type": "Feature",
      "geometry": {
        "type": "Point",
        "coordinates": [
          2.284151,
          48.857879
        ]
      },
      "properties": {
        "id_bat": 3574,
        "libelle": "7b rue Raynouard",
        "ensemble": "",
        "arrondissement": 16,
        "image_ref": 12638,
        "terme_jantzen_bat": [
          "fenetre",
          "lucarne"
        ]
      }
    },
    {
      "type": "Feature",
      "geometry": {
        "type": "Point",
        "coordinates": [
          2.340926,
          48.866069
        ]
      },
      "properties": {
        "id_bat": 3577,
        "libelle": "8 à 12 place des Victoires",
        "ensemble": "",
        "arrondissement": 2,
        "image_ref": 16292,
        "terme_jantzen_bat": [
          "clé",
          "façade",
          "fenetre",
          "garde-corps",
          "lucarne",
          "sculpture"
        ]
      }
    },
    {
      "type": "Feature",
      "geometry": {
        "type": "Point",
        "coordinates": [
          2.285068,
          48.875101
        ]
      },
      "properties": {
        "id_bat": 3581,
        "libelle": "8 avenue Alphand",
        "ensemble": "",
        "arrondissement": 16,
        "image_ref": 236,
        "terme_jantzen_bat": [
          "cariatide",
          "clé",
          "console",
          "fenetre",
          "porte-fer",
          "porte-fer-hall",
          "sculpture"
        ]
      }
    },
    {
      "type": "Feature",
      "geometry": {
        "type": "Point",
        "coordinates": [
          2.310898,
          48.846935
        ]
      },
      "properties": {
        "id_bat": 3594,
        "libelle": "8 place de Breteuil",
        "ensemble": "",
        "arrondissement": 15,
        "image_ref": 1709,
        "terme_jantzen_bat": [
          "dome",
          "façade-d'angle",
          "lucarne-d'angle",
          "sculpture",
          "toiture"
        ]
      }
    },
    {
      "type": "Feature",
      "geometry": {
        "type": "Point",
        "coordinates": [
          2.332569,
          48.871055
        ]
      },
      "properties": {
        "id_bat": 3595,
        "libelle": "8 place de l'Opéra",
        "ensemble": "",
        "arrondissement": 9,
        "image_ref": 10839,
        "terme_jantzen_bat": [
          "lucarne"
        ]
      }
    },
    {
      "type": "Feature",
      "geometry": {
        "type": "Point",
        "coordinates": [
          2.328747,
          48.826784
        ]
      },
      "properties": {
        "id_bat": 3599,
        "libelle": "8 rue Adolphe-Focillon",
        "ensemble": "",
        "arrondissement": 14,
        "image_ref": 120,
        "terme_jantzen_bat": [
          "balcon",
          "décor",
          "façade",
          "porte-fer-hall",
          "sculpture"
        ]
      }
    },
    {
      "type": "Feature",
      "geometry": {
        "type": "Point",
        "coordinates": [
          2.305258,
          48.878815
        ]
      },
      "properties": {
        "id_bat": 3600,
        "libelle": "8 rue Alfred-de-Vigny",
        "ensemble": "",
        "arrondissement": 8,
        "image_ref": 219,
        "terme_jantzen_bat": [
          "brique",
          "cariatide",
          "façade",
          "fenetre",
          "lucarne",
          "sculpture",
          "tourelle"
        ]
      }
    },
    {
      "type": "Feature",
      "geometry": {
        "type": "Point",
        "coordinates": [
          2.294359,
          48.850736
        ]
      },
      "properties": {
        "id_bat": 3602,
        "libelle": "8 rue Auguste-Bartholdi",
        "ensemble": "",
        "arrondissement": 15,
        "image_ref": 659,
        "terme_jantzen_bat": [
          "console",
          "décor",
          "fenetre",
          "porte-fer-hall",
          "sculpture"
        ]
      }
    },
    {
      "type": "Feature",
      "geometry": {
        "type": "Point",
        "coordinates": [
          2.327501,
          48.833144
        ]
      },
      "properties": {
        "id_bat": 3607,
        "libelle": "8 rue Charles-Divry",
        "ensemble": "",
        "arrondissement": 14,
        "image_ref": 2355,
        "terme_jantzen_bat": [
          "chimère",
          "clé",
          "porte-fer",
          "sculpture"
        ]
      }
    },
    {
      "type": "Feature",
      "geometry": {
        "type": "Point",
        "coordinates": [
          2.341924,
          48.85259
        ]
      },
      "properties": {
        "id_bat": 3611,
        "libelle": "8 rue Danton",
        "ensemble": "",
        "arrondissement": 6,
        "image_ref": 3489,
        "terme_jantzen_bat": [
          "brique",
          "clé",
          "colonne",
          "dome",
          "façade-d'angle",
          "fenetre",
          "fenetre-d'angle",
          "pilastre",
          "porte-fer",
          "sculpture"
        ]
      }
    },
    {
      "type": "Feature",
      "geometry": {
        "type": "Point",
        "coordinates": [
          2.336722,
          48.877982
        ]
      },
      "properties": {
        "id_bat": 3612,
        "libelle": "8 rue d'Aumale",
        "ensemble": "",
        "arrondissement": 9,
        "image_ref": 691,
        "terme_jantzen_bat": [
          "lucarne",
          "poignée-porte",
          "porte-bois"
        ]
      }
    },
    {
      "type": "Feature",
      "geometry": {
        "type": "Point",
        "coordinates": [
          2.288882,
          48.834189
        ]
      },
      "properties": {
        "id_bat": 3614,
        "libelle": "8 rue de Cadix",
        "ensemble": "",
        "arrondissement": 15,
        "image_ref": 1827,
        "terme_jantzen_bat": [
          "clé",
          "colonne",
          "console",
          "sculpture"
        ]
      }
    },
    {
      "type": "Feature",
      "geometry": {
        "type": "Point",
        "coordinates": [
          2.347347,
          48.860345
        ]
      },
      "properties": {
        "id_bat": 3615,
        "libelle": "8 rue de la Ferronnerie",
        "ensemble": "",
        "arrondissement": 1,
        "image_ref": 4539,
        "terme_jantzen_bat": [
          "façade",
          "fenetre",
          "fronton"
        ]
      }
    },
    {
      "type": "Feature",
      "geometry": {
        "type": "Point",
        "coordinates": [
          2.330992,
          48.868831
        ]
      },
      "properties": {
        "id_bat": 3617,
        "libelle": "8 rue de la Paix",
        "ensemble": "",
        "arrondissement": 2,
        "image_ref": 11001,
        "terme_jantzen_bat": [
          "cariatide",
          "façade",
          "fenetre",
          "fronton",
          "lucarne",
          "sculpture"
        ]
      }
    },
    {
      "type": "Feature",
      "geometry": {
        "type": "Point",
        "coordinates": [
          2.275915,
          48.867243
        ]
      },
      "properties": {
        "id_bat": 3620,
        "libelle": "8 rue de Lota",
        "ensemble": "",
        "arrondissement": 16,
        "image_ref": 8478,
        "terme_jantzen_bat": [
          "brique",
          "céramique",
          "décor",
          "fenetre"
        ]
      }
    },
    {
      "type": "Feature",
      "geometry": {
        "type": "Point",
        "coordinates": [
          2.321466,
          48.878678
        ]
      },
      "properties": {
        "id_bat": 3622,
        "libelle": "8 rue de Madrid",
        "ensemble": "",
        "arrondissement": 8,
        "image_ref": 8957,
        "terme_jantzen_bat": [
          "clé",
          "console",
          "façade",
          "fenetre",
          "garde-corps",
          "porte-fer-hall",
          "sculpture"
        ]
      }
    },
    {
      "type": "Feature",
      "geometry": {
        "type": "Point",
        "coordinates": [
          2.336067,
          48.86401
        ]
      },
      "properties": {
        "id_bat": 3626,
        "libelle": "8 rue de Richelieu",
        "ensemble": "",
        "arrondissement": 1,
        "image_ref": 13024,
        "terme_jantzen_bat": [
          "balcon",
          "colonne",
          "décor",
          "façade-d'angle",
          "fenetre-d'angle",
          "loggia",
          "lucarne",
          "lucarne-d'angle",
          "pignon",
          "porte",
          "sculpture"
        ]
      }
    },
    {
      "type": "Feature",
      "geometry": {
        "type": "Point",
        "coordinates": [
          2.337043,
          48.850588
        ]
      },
      "properties": {
        "id_bat": 3627,
        "libelle": "8 rue de Tournon",
        "ensemble": "",
        "arrondissement": 6,
        "image_ref": 15418,
        "terme_jantzen_bat": [
          "atlante",
          "balcon",
          "console",
          "décor",
          "façade",
          "fenetre",
          "garde-corps",
          "porte-bois",
          "sculpture"
        ]
      }
    },
    {
      "type": "Feature",
      "geometry": {
        "type": "Point",
        "coordinates": [
          2.338393,
          48.866479
        ]
      },
      "properties": {
        "id_bat": 3629,
        "libelle": "8 rue des Petits-Champs",
        "ensemble": "",
        "arrondissement": 2,
        "image_ref": 11567,
        "terme_jantzen_bat": [
          "brique",
          "décor",
          "façade",
          "fenetre",
          "fronton",
          "lucarne",
          "oeil-de-boeuf",
          "pignon",
          "sculpture",
          "toiture"
        ]
      }
    },
    {
      "type": "Feature",
      "geometry": {
        "type": "Point",
        "coordinates": [
          2.300435,
          48.879106
        ]
      },
      "properties": {
        "id_bat": 3631,
        "libelle": "8 rue des Renaudes",
        "ensemble": "",
        "arrondissement": 17,
        "image_ref": 12860,
        "terme_jantzen_bat": [
          "brique",
          "console",
          "fenetre",
          "garde-corps"
        ]
      }
    },
    {
      "type": "Feature",
      "geometry": {
        "type": "Point",
        "coordinates": [
          2.326933,
          48.874803
        ]
      },
      "properties": {
        "id_bat": 3634,
        "libelle": "8 rue du Havre",
        "ensemble": "",
        "arrondissement": 8,
        "image_ref": 6224,
        "terme_jantzen_bat": [
          "lucarne",
          "tourelle"
        ]
      }
    },
    {
      "type": "Feature",
      "geometry": {
        "type": "Point",
        "coordinates": [
          2.301926,
          48.859796
        ]
      },
      "properties": {
        "id_bat": 3638,
        "libelle": "8 rue Edmond-Valentin",
        "ensemble": "",
        "arrondissement": 7,
        "image_ref": 3995,
        "terme_jantzen_bat": [
          "console",
          "oeil-de-boeuf",
          "porte-fer",
          "sculpture"
        ]
      }
    },
    {
      "type": "Feature",
      "geometry": {
        "type": "Point",
        "coordinates": [
          2.361468,
          48.858202
        ]
      },
      "properties": {
        "id_bat": 3639,
        "libelle": "8 rue Elzévir",
        "ensemble": "",
        "arrondissement": 3,
        "image_ref": 4019,
        "terme_jantzen_bat": [
          "fenetre",
          "fronton",
          "lucarne"
        ]
      }
    },
    {
      "type": "Feature",
      "geometry": {
        "type": "Point",
        "coordinates": [
          2.329893,
          48.832526
        ]
      },
      "properties": {
        "id_bat": 3640,
        "libelle": "8 rue Ernest-Cresson",
        "ensemble": "",
        "arrondissement": 14,
        "image_ref": 4125,
        "terme_jantzen_bat": [
          "console",
          "fenetre",
          "sculpture"
        ]
      }
    },
    {
      "type": "Feature",
      "geometry": {
        "type": "Point",
        "coordinates": [
          2.333282,
          48.889914
        ]
      },
      "properties": {
        "id_bat": 3642,
        "libelle": "8 rue Félix-Ziem",
        "ensemble": "",
        "arrondissement": 18,
        "image_ref": 4503,
        "terme_jantzen_bat": [
          "fenetre",
          "sculpture"
        ]
      }
    },
    {
      "type": "Feature",
      "geometry": {
        "type": "Point",
        "coordinates": [
          2.387964,
          48.876301
        ]
      },
      "properties": {
        "id_bat": 3643,
        "libelle": "8 rue Fessart",
        "ensemble": "",
        "arrondissement": 19,
        "image_ref": 4546,
        "terme_jantzen_bat": [
          "balcon",
          "brique",
          "console",
          "fenetre",
          "fenetre-d'angle",
          "lucarne",
          "lucarne-d'angle",
          "porte-bois",
          "sculpture",
          "toiture"
        ]
      }
    },
    {
      "type": "Feature",
      "geometry": {
        "type": "Point",
        "coordinates": [
          2.33579,
          48.850045
        ]
      },
      "properties": {
        "id_bat": 3644,
        "libelle": "8 rue Garancière",
        "ensemble": "",
        "arrondissement": 6,
        "image_ref": 5104,
        "terme_jantzen_bat": [
          "façade",
          "fenetre",
          "pilastre",
          "porte",
          "porte-bois",
          "sculpture"
        ]
      }
    },
    {
      "type": "Feature",
      "geometry": {
        "type": "Point",
        "coordinates": [
          2.329288,
          48.845985
        ]
      },
      "properties": {
        "id_bat": 3645,
        "libelle": "8 rue Huysmans",
        "ensemble": "",
        "arrondissement": 6,
        "image_ref": 6593,
        "terme_jantzen_bat": [
          "porte-fer-hall"
        ]
      }
    },
    {
      "type": "Feature",
      "geometry": {
        "type": "Point",
        "coordinates": [
          2.307329,
          48.848011
        ]
      },
      "properties": {
        "id_bat": 3646,
        "libelle": "8 rue José-Maria-de-Heredia",
        "ensemble": "",
        "arrondissement": 7,
        "image_ref": 7345,
        "terme_jantzen_bat": [
          "brique",
          "façade",
          "loggia",
          "lucarne",
          "pignon"
        ]
      }
    },
    {
      "type": "Feature",
      "geometry": {
        "type": "Point",
        "coordinates": [
          2.334194,
          48.842065
        ]
      },
      "properties": {
        "id_bat": 3647,
        "libelle": "8 rue Le Verrier",
        "ensemble": "",
        "arrondissement": 6,
        "image_ref": 8332,
        "terme_jantzen_bat": [
          "porte-bois"
        ]
      }
    },
    {
      "type": "Feature",
      "geometry": {
        "type": "Point",
        "coordinates": [
          2.321189,
          48.828556
        ]
      },
      "properties": {
        "id_bat": 3648,
        "libelle": "8 rue Louis-Morard",
        "ensemble": "",
        "arrondissement": 14,
        "image_ref": 8508,
        "terme_jantzen_bat": [
          "brique",
          "céramique",
          "décor",
          "façade",
          "fenetre"
        ]
      }
    },
    {
      "type": "Feature",
      "geometry": {
        "type": "Point",
        "coordinates": [
          2.374021,
          48.846758
        ]
      },
      "properties": {
        "id_bat": 3651,
        "libelle": "8 rue Michel-Chasles",
        "ensemble": "",
        "arrondissement": 12,
        "image_ref": 9654,
        "terme_jantzen_bat": [
          "console",
          "sculpture"
        ]
      }
    },
    {
      "type": "Feature",
      "geometry": {
        "type": "Point",
        "coordinates": [
          2.308851,
          48.877946
        ]
      },
      "properties": {
        "id_bat": 3652,
        "libelle": "8 rue Murillo",
        "ensemble": "",
        "arrondissement": 8,
        "image_ref": 10171,
        "terme_jantzen_bat": [
          "fenetre",
          "lucarne",
          "toiture"
        ]
      }
    },
    {
      "type": "Feature",
      "geometry": {
        "type": "Point",
        "coordinates": [
          2.373508,
          48.846771
        ]
      },
      "properties": {
        "id_bat": 3653,
        "libelle": "8 rue Parrot",
        "ensemble": "",
        "arrondissement": 12,
        "image_ref": 11171,
        "terme_jantzen_bat": [
          "chimère",
          "clé",
          "porte-fer"
        ]
      }
    },
    {
      "type": "Feature",
      "geometry": {
        "type": "Point",
        "coordinates": [
          2.324673,
          48.824249
        ]
      },
      "properties": {
        "id_bat": 3655,
        "libelle": "8 rue Poirier-de-Narçay",
        "ensemble": "",
        "arrondissement": 14,
        "image_ref": 11808,
        "terme_jantzen_bat": [
          "clé",
          "porte-bois"
        ]
      }
    },
    {
      "type": "Feature",
      "geometry": {
        "type": "Point",
        "coordinates": [
          2.309925,
          48.846448
        ]
      },
      "properties": {
        "id_bat": 3656,
        "libelle": "8 rue Rosa-Bonheur",
        "ensemble": "",
        "arrondissement": 15,
        "image_ref": 13258,
        "terme_jantzen_bat": [
          "brique",
          "céramique",
          "décor",
          "façade",
          "fenetre",
          "métal",
          "oriel",
          "sculpture"
        ]
      }
    },
    {
      "type": "Feature",
      "geometry": {
        "type": "Point",
        "coordinates": [
          2.361306,
          48.853021
        ]
      },
      "properties": {
        "id_bat": 3658,
        "libelle": "8 rue Saint-Paul",
        "ensemble": "",
        "arrondissement": 4,
        "image_ref": 14834,
        "terme_jantzen_bat": [
          "fenetre-d'angle",
          "tourelle"
        ]
      }
    },
    {
      "type": "Feature",
      "geometry": {
        "type": "Point",
        "coordinates": [
          2.301491,
          48.858958
        ]
      },
      "properties": {
        "id_bat": 3659,
        "libelle": "8 rue Sédillot",
        "ensemble": "",
        "arrondissement": 7,
        "image_ref": 13486,
        "terme_jantzen_bat": [
          "fenetre",
          "oriel"
        ]
      }
    },
    {
      "type": "Feature",
      "geometry": {
        "type": "Point",
        "coordinates": [
          2.335858,
          48.866101
        ]
      },
      "properties": {
        "id_bat": 3660,
        "libelle": "8 rue Thérèse",
        "ensemble": "",
        "arrondissement": 1,
        "image_ref": 15194,
        "terme_jantzen_bat": [
          "fenetre",
          "oriel",
          "porte-bois"
        ]
      }
    },
    {
      "type": "Feature",
      "geometry": {
        "type": "Point",
        "coordinates": [
          2.309697,
          48.846906
        ]
      },
      "properties": {
        "id_bat": 3661,
        "libelle": "8 rue Valentin-Haüy",
        "ensemble": "",
        "arrondissement": 15,
        "image_ref": 15766,
        "terme_jantzen_bat": [
          "brique",
          "clé",
          "console",
          "céramique",
          "décor",
          "fenetre",
          "garde-corps",
          "sculpture"
        ]
      }
    },
    {
      "type": "Feature",
      "geometry": {
        "type": "Point",
        "coordinates": [
          2.284563,
          48.87747
        ]
      },
      "properties": {
        "id_bat": 3663,
        "libelle": "80 avenue de la Grande-Armée",
        "ensemble": "",
        "arrondissement": 17,
        "image_ref": 5441,
        "terme_jantzen_bat": [
          "dome",
          "façade-d'angle",
          "fenetre-d'angle",
          "lucarne",
          "oeil-de-boeuf",
          "toiture"
        ]
      }
    },
    {
      "type": "Feature",
      "geometry": {
        "type": "Point",
        "coordinates": [
          2.343026,
          48.882862
        ]
      },
      "properties": {
        "id_bat": 3667,
        "libelle": "80 boulevard Marguerite-de-Rochechouart",
        "ensemble": "",
        "arrondissement": 18,
        "image_ref": 13201,
        "terme_jantzen_bat": [
          "fenetre"
        ]
      }
    },
    {
      "type": "Feature",
      "geometry": {
        "type": "Point",
        "coordinates": [
          2.346299,
          48.850782
        ]
      },
      "properties": {
        "id_bat": 3668,
        "libelle": "80 boulevard Saint-Germain",
        "ensemble": "",
        "arrondissement": 5,
        "image_ref": 14410,
        "terme_jantzen_bat": [
          "cariatide",
          "clé",
          "façade",
          "fenetre",
          "poignée-porte",
          "porte-bois",
          "sculpture"
        ]
      }
    },
    {
      "type": "Feature",
      "geometry": {
        "type": "Point",
        "coordinates": [
          2.376119,
          48.850997
        ]
      },
      "properties": {
        "id_bat": 3672,
        "libelle": "80 rue Traversière",
        "ensemble": "",
        "arrondissement": 12,
        "image_ref": 15472,
        "terme_jantzen_bat": [
          "balcon",
          "dome",
          "décor",
          "façade-d'angle",
          "fenetre",
          "fenetre-d'angle",
          "sculpture"
        ]
      }
    },
    {
      "type": "Feature",
      "geometry": {
        "type": "Point",
        "coordinates": [
          2.299432,
          48.880153
        ]
      },
      "properties": {
        "id_bat": 3674,
        "libelle": "81 avenue de Wagram",
        "ensemble": "",
        "arrondissement": 17,
        "image_ref": 17072,
        "terme_jantzen_bat": [
          "fenetre"
        ]
      }
    },
    {
      "type": "Feature",
      "geometry": {
        "type": "Point",
        "coordinates": [
          2.311015,
          48.846299
        ]
      },
      "properties": {
        "id_bat": 3679,
        "libelle": "82 avenue de Breteuil",
        "ensemble": "",
        "arrondissement": 15,
        "image_ref": 1684,
        "terme_jantzen_bat": [
          "balcon",
          "clé",
          "garde-corps",
          "porte-fer"
        ]
      }
    },
    {
      "type": "Feature",
      "geometry": {
        "type": "Point",
        "coordinates": [
          2.296633,
          48.882957
        ]
      },
      "properties": {
        "id_bat": 3681,
        "libelle": "82 avenue Niel",
        "ensemble": "",
        "arrondissement": 17,
        "image_ref": 10282,
        "terme_jantzen_bat": [
          "décor",
          "façade",
          "fenetre",
          "intérieur",
          "lucarne",
          "porte-fer",
          "sculpture"
        ]
      }
    },
    {
      "type": "Feature",
      "geometry": {
        "type": "Point",
        "coordinates": [
          2.27515,
          48.869762
        ]
      },
      "properties": {
        "id_bat": 3682,
        "libelle": "82 boulevard Flandrin",
        "ensemble": "",
        "arrondissement": 16,
        "image_ref": 4666,
        "terme_jantzen_bat": [
          "fenetre",
          "porte-bois"
        ]
      }
    },
    {
      "type": "Feature",
      "geometry": {
        "type": "Point",
        "coordinates": [
          2.331742,
          48.87519
        ]
      },
      "properties": {
        "id_bat": 3687,
        "libelle": "82 rue de la Victoire",
        "ensemble": "",
        "arrondissement": 9,
        "image_ref": 16240,
        "terme_jantzen_bat": [
          "console",
          "fenetre",
          "oeil-de-boeuf",
          "sculpture"
        ]
      }
    },
    {
      "type": "Feature",
      "geometry": {
        "type": "Point",
        "coordinates": [
          2.349061,
          48.879456
        ]
      },
      "properties": {
        "id_bat": 3689,
        "libelle": "82 rue de Maubeuge",
        "ensemble": "",
        "arrondissement": 9,
        "image_ref": 9410,
        "terme_jantzen_bat": [
          "fenetre",
          "porte-bois"
        ]
      }
    },
    {
      "type": "Feature",
      "geometry": {
        "type": "Point",
        "coordinates": [
          2.359257,
          48.855327
        ]
      },
      "properties": {
        "id_bat": 3692,
        "libelle": "82 rue François-Miron",
        "ensemble": "",
        "arrondissement": 4,
        "image_ref": 4905,
        "terme_jantzen_bat": [
          "balcon",
          "console",
          "façade",
          "fenetre",
          "fronton",
          "garde-corps",
          "porte-bois",
          "sculpture"
        ]
      }
    },
    {
      "type": "Feature",
      "geometry": {
        "type": "Point",
        "coordinates": [
          2.332095,
          48.841915
        ]
      },
      "properties": {
        "id_bat": 3693,
        "libelle": "82 rue Notre-Dame-des-Champs",
        "ensemble": "",
        "arrondissement": 6,
        "image_ref": 10211,
        "terme_jantzen_bat": [
          "cariatide",
          "décor",
          "fenetre",
          "fenetre-d'angle",
          "porte-fer-hall",
          "sculpture"
        ]
      }
    },
    {
      "type": "Feature",
      "geometry": {
        "type": "Point",
        "coordinates": [
          2.350923,
          48.866686
        ]
      },
      "properties": {
        "id_bat": 3694,
        "libelle": "82 rue Réaumur",
        "ensemble": "",
        "arrondissement": 2,
        "image_ref": 12769,
        "terme_jantzen_bat": [
          "dome",
          "décor",
          "fenetre-d'angle",
          "fronton",
          "lucarne",
          "mosaique",
          "pignon",
          "pilastre",
          "sculpture"
        ]
      }
    },
    {
      "type": "Feature",
      "geometry": {
        "type": "Point",
        "coordinates": [
          2.329495,
          48.876011
        ]
      },
      "properties": {
        "id_bat": 3695,
        "libelle": "82 rue Saint-Lazare",
        "ensemble": "",
        "arrondissement": 9,
        "image_ref": 14584,
        "terme_jantzen_bat": [
          "console",
          "façade",
          "lucarne",
          "oeil-de-boeuf",
          "sculpture"
        ]
      }
    },
    {
      "type": "Feature",
      "geometry": {
        "type": "Point",
        "coordinates": [
          2.275045,
          48.864099
        ]
      },
      "properties": {
        "id_bat": 3696,
        "libelle": "83 avenue Henri-Martin",
        "ensemble": "",
        "arrondissement": 16,
        "image_ref": 6322,
        "terme_jantzen_bat": [
          "clé",
          "colonne",
          "dome",
          "fenetre",
          "loggia",
          "lucarne",
          "sculpture"
        ]
      }
    },
    {
      "type": "Feature",
      "geometry": {
        "type": "Point",
        "coordinates": [
          2.296329,
          48.88326
        ]
      },
      "properties": {
        "id_bat": 3698,
        "libelle": "83 avenue Niel",
        "ensemble": "",
        "arrondissement": 17,
        "image_ref": 10285,
        "terme_jantzen_bat": [
          "décor",
          "façade-d'angle",
          "fenetre",
          "fenetre-d'angle",
          "sculpture",
          "tourelle"
        ]
      }
    },
    {
      "type": "Feature",
      "geometry": {
        "type": "Point",
        "coordinates": [
          2.367513,
          48.858796
        ]
      },
      "properties": {
        "id_bat": 3700,
        "libelle": "83 boulevard Beaumarchais",
        "ensemble": "",
        "arrondissement": 3,
        "image_ref": 1040,
        "terme_jantzen_bat": [
          "façade",
          "fenetre",
          "garde-corps"
        ]
      }
    },
    {
      "type": "Feature",
      "geometry": {
        "type": "Point",
        "coordinates": [
          2.341003,
          48.851768
        ]
      },
      "properties": {
        "id_bat": 3701,
        "libelle": "83 boulevard Saint-Germain",
        "ensemble": "",
        "arrondissement": 6,
        "image_ref": 14419,
        "terme_jantzen_bat": [
          "colonne",
          "façade",
          "fenetre"
        ]
      }
    },
    {
      "type": "Feature",
      "geometry": {
        "type": "Point",
        "coordinates": [
          2.345939,
          48.882184
        ]
      },
      "properties": {
        "id_bat": 3702,
        "libelle": "83 rue de Dunkerque",
        "ensemble": "",
        "arrondissement": 9,
        "image_ref": 3895,
        "terme_jantzen_bat": [
          "balcon",
          "clé",
          "décor",
          "fenetre",
          "fronton",
          "sculpture"
        ]
      }
    },
    {
      "type": "Feature",
      "geometry": {
        "type": "Point",
        "coordinates": [
          2.318967,
          48.830963
        ]
      },
      "properties": {
        "id_bat": 3703,
        "libelle": "83 rue de Gergovie",
        "ensemble": "",
        "arrondissement": 14,
        "image_ref": 5347,
        "terme_jantzen_bat": [
          "fenetre"
        ]
      }
    },
    {
      "type": "Feature",
      "geometry": {
        "type": "Point",
        "coordinates": [
          2.296787,
          48.883257
        ]
      },
      "properties": {
        "id_bat": 3706,
        "libelle": "84 avenue Niel",
        "ensemble": "",
        "arrondissement": 17,
        "image_ref": 10291,
        "terme_jantzen_bat": [
          "décor",
          "façade-d'angle",
          "fenetre",
          "fenetre-d'angle",
          "garde-corps",
          "oeil-de-boeuf",
          "oriel",
          "porte-fer",
          "sculpture"
        ]
      }
    },
    {
      "type": "Feature",
      "geometry": {
        "type": "Point",
        "coordinates": [
          2.326886,
          48.827292
        ]
      },
      "properties": {
        "id_bat": 3709,
        "libelle": "85 avenue du Général-Leclerc",
        "ensemble": "",
        "arrondissement": 14,
        "image_ref": 5222,
        "terme_jantzen_bat": [
          "fenetre",
          "porte-fer"
        ]
      }
    },
    {
      "type": "Feature",
      "geometry": {
        "type": "Point",
        "coordinates": [
          2.302212,
          48.879882
        ]
      },
      "properties": {
        "id_bat": 3713,
        "libelle": "85 rue de Courcelles",
        "ensemble": "",
        "arrondissement": 17,
        "image_ref": 3174,
        "terme_jantzen_bat": [
          "colonne",
          "céramique",
          "décor",
          "façade",
          "fenetre",
          "loggia",
          "métal",
          "oriel",
          "porte-fer-hall",
          "sculpture"
        ]
      }
    },
    {
      "type": "Feature",
      "geometry": {
        "type": "Point",
        "coordinates": [
          2.285808,
          48.842175
        ]
      },
      "properties": {
        "id_bat": 3715,
        "libelle": "85 rue de la Convention",
        "ensemble": "",
        "arrondissement": 15,
        "image_ref": 2990,
        "terme_jantzen_bat": [
          "balcon",
          "dome",
          "façade-d'angle",
          "lucarne-d'angle"
        ]
      }
    },
    {
      "type": "Feature",
      "geometry": {
        "type": "Point",
        "coordinates": [
          2.331541,
          48.874993
        ]
      },
      "properties": {
        "id_bat": 3717,
        "libelle": "85 rue de la Victoire",
        "ensemble": "",
        "arrondissement": 9,
        "image_ref": 16243,
        "terme_jantzen_bat": [
          "console",
          "fenetre",
          "fenetre-d'angle",
          "garde-corps",
          "lucarne",
          "oeil-de-boeuf",
          "sculpture"
        ]
      }
    },
    {
      "type": "Feature",
      "geometry": {
        "type": "Point",
        "coordinates": [
          2.322689,
          48.84743
        ]
      },
      "properties": {
        "id_bat": 3719,
        "libelle": "85 rue du Cherche-Midi",
        "ensemble": "",
        "arrondissement": 6,
        "image_ref": 2522,
        "terme_jantzen_bat": [
          "fenetre",
          "garde-corps",
          "porte-bois",
          "sculpture"
        ]
      }
    },
    {
      "type": "Feature",
      "geometry": {
        "type": "Point",
        "coordinates": [
          2.26542,
          48.848448
        ]
      },
      "properties": {
        "id_bat": 3722,
        "libelle": "85 rue Jean-de-La-Fontaine",
        "ensemble": "",
        "arrondissement": 16,
        "image_ref": 7780,
        "terme_jantzen_bat": [
          "colonne",
          "fenetre",
          "loggia",
          "porte-fer"
        ]
      }
    },
    {
      "type": "Feature",
      "geometry": {
        "type": "Point",
        "coordinates": [
          2.310961,
          48.845843
        ]
      },
      "properties": {
        "id_bat": 3724,
        "libelle": "86 avenue de Breteuil",
        "ensemble": "",
        "arrondissement": 15,
        "image_ref": 1687,
        "terme_jantzen_bat": [
          "console",
          "décor",
          "façade",
          "fenetre",
          "garde-corps",
          "loggia",
          "lucarne",
          "sculpture"
        ]
      }
    },
    {
      "type": "Feature",
      "geometry": {
        "type": "Point",
        "coordinates": [
          2.324348,
          48.874281
        ]
      },
      "properties": {
        "id_bat": 3728,
        "libelle": "86 boulevard Haussmann",
        "ensemble": "",
        "arrondissement": 8,
        "image_ref": 6150,
        "terme_jantzen_bat": [
          "lucarne"
        ]
      }
    },
    {
      "type": "Feature",
      "geometry": {
        "type": "Point",
        "coordinates": [
          2.375125,
          48.860584
        ]
      },
      "properties": {
        "id_bat": 3731,
        "libelle": "86 boulevard Voltaire",
        "ensemble": "",
        "arrondissement": 11,
        "image_ref": 16690,
        "terme_jantzen_bat": [
          "balcon",
          "clé",
          "dome",
          "façade-d'angle",
          "fenetre-d'angle",
          "garde-corps",
          "lucarne-d'angle",
          "oeil-de-boeuf",
          "sculpture",
          "toiture"
        ]
      }
    },
    {
      "type": "Feature",
      "geometry": {
        "type": "Point",
        "coordinates": [
          2.350022,
          48.879741
        ]
      },
      "properties": {
        "id_bat": 3736,
        "libelle": "86 rue de Maubeuge",
        "ensemble": "",
        "arrondissement": 10,
        "image_ref": 9411,
        "terme_jantzen_bat": [
          "fenetre",
          "porte-bois"
        ]
      }
    },
    {
      "type": "Feature",
      "geometry": {
        "type": "Point",
        "coordinates": [
          2.30212,
          48.879972
        ]
      },
      "properties": {
        "id_bat": 3740,
        "libelle": "87 à 89 rue de Courcelles",
        "ensemble": "",
        "arrondissement": 17,
        "image_ref": 3193,
        "terme_jantzen_bat": [
          "colonne",
          "décor",
          "façade",
          "loggia",
          "lucarne",
          "oriel",
          "porte-fer",
          "sculpture"
        ]
      }
    },
    {
      "type": "Feature",
      "geometry": {
        "type": "Point",
        "coordinates": [
          2.32745,
          48.893564
        ]
      },
      "properties": {
        "id_bat": 3742,
        "libelle": "87 avenue de Saint-Ouen",
        "ensemble": "",
        "arrondissement": 17,
        "image_ref": 14830,
        "terme_jantzen_bat": [
          "façade-d'angle",
          "lucarne-d'angle",
          "toiture"
        ]
      }
    },
    {
      "type": "Feature",
      "geometry": {
        "type": "Point",
        "coordinates": [
          2.333635,
          48.835318
        ]
      },
      "properties": {
        "id_bat": 3743,
        "libelle": "87 avenue Denfert-Rochereau",
        "ensemble": "",
        "arrondissement": 14,
        "image_ref": 3677,
        "terme_jantzen_bat": [
          "porte-fer-hall"
        ]
      }
    },
    {
      "type": "Feature",
      "geometry": {
        "type": "Point",
        "coordinates": [
          2.32179,
          48.856207
        ]
      },
      "properties": {
        "id_bat": 3749,
        "libelle": "87 rue de Grenelle",
        "ensemble": "",
        "arrondissement": 7,
        "image_ref": 5782,
        "terme_jantzen_bat": [
          "colonne",
          "lucarne",
          "porte-bois"
        ]
      }
    },
    {
      "type": "Feature",
      "geometry": {
        "type": "Point",
        "coordinates": [
          2.355773,
          48.876891
        ]
      },
      "properties": {
        "id_bat": 3751,
        "libelle": "88 boulevard de Magenta",
        "ensemble": "",
        "arrondissement": 10,
        "image_ref": 8972,
        "terme_jantzen_bat": [
          "porte-bois"
        ]
      }
    },
    {
      "type": "Feature",
      "geometry": {
        "type": "Point",
        "coordinates": [
          2.324094,
          48.874316
        ]
      },
      "properties": {
        "id_bat": 3752,
        "libelle": "88 boulevard Haussmann",
        "ensemble": "",
        "arrondissement": 8,
        "image_ref": 6151,
        "terme_jantzen_bat": [
          "dome",
          "façade-d'angle",
          "fenetre-d'angle",
          "fronton",
          "lucarne",
          "lucarne-d'angle",
          "oeil-de-boeuf",
          "sculpture"
        ]
      }
    },
    {
      "type": "Feature",
      "geometry": {
        "type": "Point",
        "coordinates": [
          2.337648,
          48.841959
        ]
      },
      "properties": {
        "id_bat": 3753,
        "libelle": "88 boulevard Saint-Michel",
        "ensemble": "",
        "arrondissement": 6,
        "image_ref": 14792,
        "terme_jantzen_bat": [
          "cariatide",
          "colonne",
          "console",
          "fenetre",
          "fenetre-d'angle",
          "fronton",
          "porte-bois",
          "sculpture"
        ]
      }
    },
    {
      "type": "Feature",
      "geometry": {
        "type": "Point",
        "coordinates": [
          2.328821,
          48.875927
        ]
      },
      "properties": {
        "id_bat": 3755,
        "libelle": "88 rue Saint-Lazare",
        "ensemble": "",
        "arrondissement": 9,
        "image_ref": 14591,
        "terme_jantzen_bat": [
          "colonne",
          "porte-fer"
        ]
      }
    },
    {
      "type": "Feature",
      "geometry": {
        "type": "Point",
        "coordinates": [
          2.300268,
          48.881302
        ]
      },
      "properties": {
        "id_bat": 3756,
        "libelle": "89 avenue de Wagram",
        "ensemble": "",
        "arrondissement": 17,
        "image_ref": 17074,
        "terme_jantzen_bat": [
          "dome",
          "façade",
          "façade-d'angle"
        ]
      }
    },
    {
      "type": "Feature",
      "geometry": {
        "type": "Point",
        "coordinates": [
          2.288288,
          48.864076
        ]
      },
      "properties": {
        "id_bat": 3758,
        "libelle": "89 avenue Kléber",
        "ensemble": "",
        "arrondissement": 16,
        "image_ref": 7537,
        "terme_jantzen_bat": [
          "fenetre",
          "porte-bois"
        ]
      }
    },
    {
      "type": "Feature",
      "geometry": {
        "type": "Point",
        "coordinates": [
          2.322419,
          48.847289
        ]
      },
      "properties": {
        "id_bat": 3762,
        "libelle": "89 rue du Cherche-Midi",
        "ensemble": "",
        "arrondissement": 6,
        "image_ref": 2528,
        "terme_jantzen_bat": [
          "balcon",
          "façade",
          "garde-corps",
          "porte"
        ]
      }
    },
    {
      "type": "Feature",
      "geometry": {
        "type": "Point",
        "coordinates": [
          2.384632,
          48.892851
        ]
      },
      "properties": {
        "id_bat": 3764,
        "libelle": "8b rue de l'Argonne",
        "ensemble": "",
        "arrondissement": 19,
        "image_ref": 563,
        "terme_jantzen_bat": [
          "brique",
          "décor",
          "fenetre"
        ]
      }
    },
    {
      "type": "Feature",
      "geometry": {
        "type": "Point",
        "coordinates": [
          2.320995,
          48.828506
        ]
      },
      "properties": {
        "id_bat": 3765,
        "libelle": "9 à 19 rue Louis-Morard",
        "ensemble": "",
        "arrondissement": 14,
        "image_ref": 8511,
        "terme_jantzen_bat": [
          "brique",
          "façade",
          "oriel"
        ]
      }
    },
    {
      "type": "Feature",
      "geometry": {
        "type": "Point",
        "coordinates": [
          2.260441,
          48.84073
        ]
      },
      "properties": {
        "id_bat": 3767,
        "libelle": "9 avenue de la Frillière",
        "ensemble": "",
        "arrondissement": 16,
        "image_ref": 7785,
        "terme_jantzen_bat": [
          "brique",
          "colonne",
          "décor",
          "façade",
          "sculpture"
        ]
      }
    },
    {
      "type": "Feature",
      "geometry": {
        "type": "Point",
        "coordinates": [
          2.27758,
          48.850601
        ]
      },
      "properties": {
        "id_bat": 3768,
        "libelle": "9 avenue de Versailles",
        "ensemble": "",
        "arrondissement": 16,
        "image_ref": 16182,
        "terme_jantzen_bat": [
          "porte-bois",
          "sculpture"
        ]
      }
    },
    {
      "type": "Feature",
      "geometry": {
        "type": "Point",
        "coordinates": [
          2.28549,
          48.863817
        ]
      },
      "properties": {
        "id_bat": 3769,
        "libelle": "9 avenue d'Eylau",
        "ensemble": "",
        "arrondissement": 16,
        "image_ref": 4323,
        "terme_jantzen_bat": [
          "lucarne",
          "toiture"
        ]
      }
    },
    {
      "type": "Feature",
      "geometry": {
        "type": "Point",
        "coordinates": [
          2.301433,
          48.856174
        ]
      },
      "properties": {
        "id_bat": 3770,
        "libelle": "9 avenue Émile-Deschanel",
        "ensemble": "",
        "arrondissement": 7,
        "image_ref": 4066,
        "terme_jantzen_bat": [
          "console",
          "sculpture"
        ]
      }
    },
    {
      "type": "Feature",
      "geometry": {
        "type": "Point",
        "coordinates": [
          2.294487,
          48.879646
        ]
      },
      "properties": {
        "id_bat": 3772,
        "libelle": "9 avenue Niel",
        "ensemble": "",
        "arrondissement": 17,
        "image_ref": 10301,
        "terme_jantzen_bat": [
          "dome",
          "intérieur",
          "lucarne",
          "oeil-de-boeuf",
          "porte-fer"
        ]
      }
    },
    {
      "type": "Feature",
      "geometry": {
        "type": "Point",
        "coordinates": [
          2.338731,
          48.881978
        ]
      },
      "properties": {
        "id_bat": 3774,
        "libelle": "9 boulevard de Clichy",
        "ensemble": "",
        "arrondissement": 9,
        "image_ref": 2667,
        "terme_jantzen_bat": [
          "céramique",
          "décor",
          "façade",
          "fenetre",
          "lucarne",
          "métal",
          "sculpture",
          "verrière"
        ]
      }
    },
    {
      "type": "Feature",
      "geometry": {
        "type": "Point",
        "coordinates": [
          2.326006,
          48.883025
        ]
      },
      "properties": {
        "id_bat": 3775,
        "libelle": "9 boulevard des Batignolles",
        "ensemble": "",
        "arrondissement": 17,
        "image_ref": 846,
        "terme_jantzen_bat": [
          "dome",
          "façade-d'angle",
          "fenetre",
          "fenetre-d'angle",
          "lucarne",
          "porte-fer"
        ]
      }
    },
    {
      "type": "Feature",
      "geometry": {
        "type": "Point",
        "coordinates": [
          2.323165,
          48.869615
        ]
      },
      "properties": {
        "id_bat": 3779,
        "libelle": "9 place de la Madeleine",
        "ensemble": "",
        "arrondissement": 8,
        "image_ref": 8934,
        "terme_jantzen_bat": [
          "cariatide",
          "console",
          "fenetre",
          "fronton",
          "porte-bois",
          "sculpture"
        ]
      }
    },
    {
      "type": "Feature",
      "geometry": {
        "type": "Point",
        "coordinates": [
          2.298151,
          48.878595
        ]
      },
      "properties": {
        "id_bat": 3780,
        "libelle": "9 place des Ternes",
        "ensemble": "",
        "arrondissement": 17,
        "image_ref": 15158,
        "terme_jantzen_bat": [
          "balcon",
          "décor",
          "façade-d'angle",
          "fenetre",
          "garde-corps",
          "sculpture"
        ]
      }
    },
    {
      "type": "Feature",
      "geometry": {
        "type": "Point",
        "coordinates": [
          2.341718,
          48.865798
        ]
      },
      "properties": {
        "id_bat": 3781,
        "libelle": "9 place des Victoires",
        "ensemble": "",
        "arrondissement": 2,
        "image_ref": 16300,
        "terme_jantzen_bat": [
          "fenetre",
          "lucarne"
        ]
      }
    },
    {
      "type": "Feature",
      "geometry": {
        "type": "Point",
        "coordinates": [
          2.307977,
          48.865972
        ]
      },
      "properties": {
        "id_bat": 3782,
        "libelle": "9 place François-Ier",
        "ensemble": "",
        "arrondissement": 8,
        "image_ref": 4820,
        "terme_jantzen_bat": [
          "cariatide",
          "façade",
          "façade-d'angle",
          "fronton",
          "lucarne",
          "lucarne-d'angle",
          "sculpture"
        ]
      }
    },
    {
      "type": "Feature",
      "geometry": {
        "type": "Point",
        "coordinates": [
          2.328382,
          48.867453
        ]
      },
      "properties": {
        "id_bat": 3784,
        "libelle": "9 place Vendôme",
        "ensemble": "",
        "arrondissement": 1,
        "image_ref": 16045,
        "terme_jantzen_bat": [
          "façade",
          "fenetre",
          "lucarne",
          "oeil-de-boeuf"
        ]
      }
    },
    {
      "type": "Feature",
      "geometry": {
        "type": "Point",
        "coordinates": [
          2.351805,
          48.853737
        ]
      },
      "properties": {
        "id_bat": 3785,
        "libelle": "9 quai aux Fleurs",
        "ensemble": "",
        "arrondissement": 4,
        "image_ref": 4676,
        "terme_jantzen_bat": [
          "clé",
          "poignée-porte",
          "porte-bois"
        ]
      }
    },
    {
      "type": "Feature",
      "geometry": {
        "type": "Point",
        "coordinates": [
          2.308955,
          48.868916
        ]
      },
      "properties": {
        "id_bat": 3788,
        "libelle": "9 rond-point des Champs-Élysées-Marcel-Dassault",
        "ensemble": "",
        "arrondissement": 8,
        "image_ref": 2284,
        "terme_jantzen_bat": [
          "lucarne",
          "oeil-de-boeuf",
          "porte-fer"
        ]
      }
    },
    {
      "type": "Feature",
      "geometry": {
        "type": "Point",
        "coordinates": [
          2.38021,
          48.882492
        ]
      },
      "properties": {
        "id_bat": 3790,
        "libelle": "9 rue Armand-Carrel",
        "ensemble": "",
        "arrondissement": 19,
        "image_ref": 569,
        "terme_jantzen_bat": [
          "fenetre-d'angle"
        ]
      }
    },
    {
      "type": "Feature",
      "geometry": {
        "type": "Point",
        "coordinates": [
          2.288451,
          48.87435
        ]
      },
      "properties": {
        "id_bat": 3793,
        "libelle": "9 rue Chalgrin",
        "ensemble": "",
        "arrondissement": 16,
        "image_ref": 2177,
        "terme_jantzen_bat": [
          "fenetre",
          "garde-corps",
          "porte-fer"
        ]
      }
    },
    {
      "type": "Feature",
      "geometry": {
        "type": "Point",
        "coordinates": [
          2.382698,
          48.852535
        ]
      },
      "properties": {
        "id_bat": 3794,
        "libelle": "9 rue Chanzy",
        "ensemble": "",
        "arrondissement": 11,
        "image_ref": 2298,
        "terme_jantzen_bat": [
          "fenetre",
          "lucarne"
        ]
      }
    },
    {
      "type": "Feature",
      "geometry": {
        "type": "Point",
        "coordinates": [
          2.333851,
          48.880639
        ]
      },
      "properties": {
        "id_bat": 3795,
        "libelle": "9 rue Chaptal",
        "ensemble": "",
        "arrondissement": 9,
        "image_ref": 2314,
        "terme_jantzen_bat": [
          "décor",
          "fenetre",
          "porte-bois",
          "sculpture"
        ]
      }
    },
    {
      "type": "Feature",
      "geometry": {
        "type": "Point",
        "coordinates": [
          2.296469,
          48.866472
        ]
      },
      "properties": {
        "id_bat": 3797,
        "libelle": "9 rue de Chaillot",
        "ensemble": "",
        "arrondissement": 16,
        "image_ref": 2174,
        "terme_jantzen_bat": [
          "porte-fer-hall"
        ]
      }
    },
    {
      "type": "Feature",
      "geometry": {
        "type": "Point",
        "coordinates": [
          2.339705,
          48.848362
        ]
      },
      "properties": {
        "id_bat": 3804,
        "libelle": "9 rue de Médicis",
        "ensemble": "",
        "arrondissement": 6,
        "image_ref": 9451,
        "terme_jantzen_bat": [
          "colonne",
          "porte",
          "porte-bois",
          "sculpture"
        ]
      }
    },
    {
      "type": "Feature",
      "geometry": {
        "type": "Point",
        "coordinates": [
          2.293558,
          48.872561
        ]
      },
      "properties": {
        "id_bat": 3807,
        "libelle": "9 rue de Presbourg",
        "ensemble": "",
        "arrondissement": 16,
        "image_ref": 11946,
        "terme_jantzen_bat": [
          "balcon",
          "clé",
          "colonne",
          "décor",
          "façade",
          "façade-d'angle",
          "fenetre",
          "fenetre-d'angle",
          "garde-corps",
          "loggia",
          "lucarne",
          "lucarne-d'angle",
          "oriel",
          "pignon",
          "sculpture",
          "toiture"
        ]
      }
    },
    {
      "type": "Feature",
      "geometry": {
        "type": "Point",
        "coordinates": [
          2.270985,
          48.84995
        ]
      },
      "properties": {
        "id_bat": 3814,
        "libelle": "9 rue du Père-Brottier",
        "ensemble": "",
        "arrondissement": 16,
        "image_ref": 11332,
        "terme_jantzen_bat": [
          "console",
          "décor",
          "fenetre",
          "porte-fer",
          "porte-fer-hall",
          "sculpture"
        ]
      }
    },
    {
      "type": "Feature",
      "geometry": {
        "type": "Point",
        "coordinates": [
          2.344613,
          48.870473
        ]
      },
      "properties": {
        "id_bat": 3817,
        "libelle": "9 rue d'Uzès",
        "ensemble": "",
        "arrondissement": 2,
        "image_ref": 15709,
        "terme_jantzen_bat": [
          "cariatide",
          "colonne",
          "fenetre",
          "métal",
          "sculpture",
          "verrière"
        ]
      }
    },
    {
      "type": "Feature",
      "geometry": {
        "type": "Point",
        "coordinates": [
          2.299531,
          48.887065
        ]
      },
      "properties": {
        "id_bat": 3818,
        "libelle": "9 rue Eugène-Flachat",
        "ensemble": "",
        "arrondissement": 17,
        "image_ref": 4071,
        "terme_jantzen_bat": [
          "décor",
          "fenetre",
          "sculpture",
          "verrière"
        ]
      }
    },
    {
      "type": "Feature",
      "geometry": {
        "type": "Point",
        "coordinates": [
          2.271192,
          48.862532
        ]
      },
      "properties": {
        "id_bat": 3819,
        "libelle": "9 rue Eugène-Labiche",
        "ensemble": "",
        "arrondissement": 16,
        "image_ref": 4241,
        "terme_jantzen_bat": [
          "porte-fer-hall"
        ]
      }
    },
    {
      "type": "Feature",
      "geometry": {
        "type": "Point",
        "coordinates": [
          2.333066,
          48.889962
        ]
      },
      "properties": {
        "id_bat": 3821,
        "libelle": "9 rue Félix-Ziem",
        "ensemble": "",
        "arrondissement": 18,
        "image_ref": 4504,
        "terme_jantzen_bat": [
          "console",
          "sculpture"
        ]
      }
    },
    {
      "type": "Feature",
      "geometry": {
        "type": "Point",
        "coordinates": [
          2.351318,
          48.878725
        ]
      },
      "properties": {
        "id_bat": 3822,
        "libelle": "9 rue Fénelon",
        "ensemble": "",
        "arrondissement": 10,
        "image_ref": 4506,
        "terme_jantzen_bat": [
          "clé",
          "céramique",
          "décor",
          "façade",
          "fenetre",
          "garde-corps",
          "pilastre",
          "porte-bois"
        ]
      }
    },
    {
      "type": "Feature",
      "geometry": {
        "type": "Point",
        "coordinates": [
          2.306233,
          48.88211
        ]
      },
      "properties": {
        "id_bat": 3823,
        "libelle": "9 rue Fortuny",
        "ensemble": "",
        "arrondissement": 17,
        "image_ref": 4750,
        "terme_jantzen_bat": [
          "brique",
          "céramique",
          "décor",
          "fenetre",
          "lucarne",
          "métal",
          "oriel"
        ]
      }
    },
    {
      "type": "Feature",
      "geometry": {
        "type": "Point",
        "coordinates": [
          2.347988,
          48.851504
        ]
      },
      "properties": {
        "id_bat": 3828,
        "libelle": "9 rue Lagrange",
        "ensemble": "",
        "arrondissement": 5,
        "image_ref": 7794,
        "terme_jantzen_bat": [
          "oriel"
        ]
      }
    },
    {
      "type": "Feature",
      "geometry": {
        "type": "Point",
        "coordinates": [
          2.266353,
          48.859277
        ]
      },
      "properties": {
        "id_bat": 3832,
        "libelle": "9 rue Louis-Boilly",
        "ensemble": "",
        "arrondissement": 16,
        "image_ref": 8493,
        "terme_jantzen_bat": [
          "console",
          "porte-fer",
          "sculpture"
        ]
      }
    },
    {
      "type": "Feature",
      "geometry": {
        "type": "Point",
        "coordinates": [
          2.40156,
          48.839797
        ]
      },
      "properties": {
        "id_bat": 3833,
        "libelle": "9 rue Louis-Braille",
        "ensemble": "",
        "arrondissement": 12,
        "image_ref": 8502,
        "terme_jantzen_bat": [
          "fenetre",
          "verrière"
        ]
      }
    },
    {
      "type": "Feature",
      "geometry": {
        "type": "Point",
        "coordinates": [
          2.320995,
          48.828506
        ]
      },
      "properties": {
        "id_bat": 3834,
        "libelle": "9 rue Louis-Morard",
        "ensemble": "",
        "arrondissement": 14,
        "image_ref": 8510,
        "terme_jantzen_bat": [
          "brique",
          "décor",
          "oriel"
        ]
      }
    },
    {
      "type": "Feature",
      "geometry": {
        "type": "Point",
        "coordinates": [
          2.328629,
          48.827122
        ]
      },
      "properties": {
        "id_bat": 3835,
        "libelle": "9 rue Marguerin",
        "ensemble": "",
        "arrondissement": 14,
        "image_ref": 9259,
        "terme_jantzen_bat": [
          "porte-bois"
        ]
      }
    },
    {
      "type": "Feature",
      "geometry": {
        "type": "Point",
        "coordinates": [
          2.349659,
          48.869906
        ]
      },
      "properties": {
        "id_bat": 3839,
        "libelle": "9 rue Notre-Dame-de-Bonne-Nouvelle",
        "ensemble": "",
        "arrondissement": 2,
        "image_ref": 1429,
        "terme_jantzen_bat": [
          "colonne",
          "façade",
          "lucarne",
          "porte-fer",
          "toiture"
        ]
      }
    },
    {
      "type": "Feature",
      "geometry": {
        "type": "Point",
        "coordinates": [
          2.33617,
          48.873271
        ]
      },
      "properties": {
        "id_bat": 3840,
        "libelle": "9 rue Pillet-Will",
        "ensemble": "",
        "arrondissement": 9,
        "image_ref": 11756,
        "terme_jantzen_bat": [
          "colonne",
          "décor",
          "façade",
          "fenetre",
          "fronton",
          "lucarne",
          "sculpture"
        ]
      }
    },
    {
      "type": "Feature",
      "geometry": {
        "type": "Point",
        "coordinates": [
          2.339404,
          48.880541
        ]
      },
      "properties": {
        "id_bat": 3844,
        "libelle": "9 rue Victor-Massé",
        "ensemble": "",
        "arrondissement": 9,
        "image_ref": 16428,
        "terme_jantzen_bat": [
          "clé",
          "fenetre",
          "sculpture"
        ]
      }
    },
    {
      "type": "Feature",
      "geometry": {
        "type": "Point",
        "coordinates": [
          2.277375,
          48.87245
        ]
      },
      "properties": {
        "id_bat": 3847,
        "libelle": "90 avenue Foch",
        "ensemble": "",
        "arrondissement": 16,
        "image_ref": 4698,
        "terme_jantzen_bat": [
          "lucarne",
          "sculpture"
        ]
      }
    },
    {
      "type": "Feature",
      "geometry": {
        "type": "Point",
        "coordinates": [
          2.374387,
          48.865719
        ]
      },
      "properties": {
        "id_bat": 3848,
        "libelle": "90 avenue Parmentier",
        "ensemble": "",
        "arrondissement": 11,
        "image_ref": 11148,
        "terme_jantzen_bat": [
          "façade-d'angle",
          "lucarne",
          "lucarne-d'angle",
          "toiture"
        ]
      }
    },
    {
      "type": "Feature",
      "geometry": {
        "type": "Point",
        "coordinates": [
          2.30427,
          48.879574
        ]
      },
      "properties": {
        "id_bat": 3849,
        "libelle": "90 boulevard de Courcelles",
        "ensemble": "",
        "arrondissement": 17,
        "image_ref": 3264,
        "terme_jantzen_bat": [
          "clé",
          "fenetre",
          "garde-corps",
          "porte-bois",
          "sculpture"
        ]
      }
    },
    {
      "type": "Feature",
      "geometry": {
        "type": "Point",
        "coordinates": [
          2.323621,
          48.855617
        ]
      },
      "properties": {
        "id_bat": 3852,
        "libelle": "90 rue de Grenelle",
        "ensemble": "",
        "arrondissement": 7,
        "image_ref": 5784,
        "terme_jantzen_bat": [
          "balcon",
          "brique",
          "chimère",
          "console",
          "dome",
          "fenetre",
          "lucarne-d'angle",
          "oeil-de-boeuf",
          "porte-fer",
          "porte-fer-hall",
          "sculpture"
        ]
      }
    },
    {
      "type": "Feature",
      "geometry": {
        "type": "Point",
        "coordinates": [
          2.273584,
          48.86407
        ]
      },
      "properties": {
        "id_bat": 3860,
        "libelle": "91 avenue Henri-Martin",
        "ensemble": "",
        "arrondissement": 16,
        "image_ref": 6326,
        "terme_jantzen_bat": [
          "colonne",
          "marquise",
          "porte-fer"
        ]
      }
    },
    {
      "type": "Feature",
      "geometry": {
        "type": "Point",
        "coordinates": [
          2.288181,
          48.863929
        ]
      },
      "properties": {
        "id_bat": 3861,
        "libelle": "91 avenue Kléber",
        "ensemble": "",
        "arrondissement": 16,
        "image_ref": 7538,
        "terme_jantzen_bat": [
          "fenetre",
          "mosaique"
        ]
      }
    },
    {
      "type": "Feature",
      "geometry": {
        "type": "Point",
        "coordinates": [
          2.376189,
          48.851687
        ]
      },
      "properties": {
        "id_bat": 3862,
        "libelle": "91 avenue Ledru-Rollin",
        "ensemble": "",
        "arrondissement": 11,
        "image_ref": 8241,
        "terme_jantzen_bat": [
          "dome",
          "façade-d'angle",
          "lucarne",
          "lucarne-d'angle"
        ]
      }
    },
    {
      "type": "Feature",
      "geometry": {
        "type": "Point",
        "coordinates": [
          2.348732,
          48.877241
        ]
      },
      "properties": {
        "id_bat": 3867,
        "libelle": "91 rue La Fayette",
        "ensemble": "",
        "arrondissement": 9,
        "image_ref": 7704,
        "terme_jantzen_bat": [
          "cariatide",
          "fenetre",
          "porte-bois",
          "sculpture"
        ]
      }
    },
    {
      "type": "Feature",
      "geometry": {
        "type": "Point",
        "coordinates": [
          2.343351,
          48.861239
        ]
      },
      "properties": {
        "id_bat": 3870,
        "libelle": "91 rue Saint-Honoré",
        "ensemble": "",
        "arrondissement": 1,
        "image_ref": 14486,
        "terme_jantzen_bat": [
          "façade"
        ]
      }
    },
    {
      "type": "Feature",
      "geometry": {
        "type": "Point",
        "coordinates": [
          2.381543,
          48.863788
        ]
      },
      "properties": {
        "id_bat": 3871,
        "libelle": "92 avenue de la République",
        "ensemble": "",
        "arrondissement": 11,
        "image_ref": 12944,
        "terme_jantzen_bat": [
          "chimère",
          "clé",
          "oeil-de-boeuf",
          "porte-bois"
        ]
      }
    },
    {
      "type": "Feature",
      "geometry": {
        "type": "Point",
        "coordinates": [
          2.304062,
          48.879529
        ]
      },
      "properties": {
        "id_bat": 3873,
        "libelle": "92 boulevard de Courcelles",
        "ensemble": "",
        "arrondissement": 17,
        "image_ref": 3268,
        "terme_jantzen_bat": [
          "clé",
          "poignée-porte",
          "porte-bois",
          "sculpture"
        ]
      }
    },
    {
      "type": "Feature",
      "geometry": {
        "type": "Point",
        "coordinates": [
          2.288085,
          48.863797
        ]
      },
      "properties": {
        "id_bat": 3880,
        "libelle": "93 avenue Kléber",
        "ensemble": "",
        "arrondissement": 16,
        "image_ref": 7539,
        "terme_jantzen_bat": [
          "façade",
          "fenetre",
          "mosaique",
          "sculpture"
        ]
      }
    },
    {
      "type": "Feature",
      "geometry": {
        "type": "Point",
        "coordinates": [
          2.327464,
          48.842918
        ]
      },
      "properties": {
        "id_bat": 3881,
        "libelle": "93 boulevard du Montparnasse",
        "ensemble": "",
        "arrondissement": 6,
        "image_ref": 10021,
        "terme_jantzen_bat": [
          "lucarne"
        ]
      }
    },
    {
      "type": "Feature",
      "geometry": {
        "type": "Point",
        "coordinates": [
          2.346469,
          48.867445
        ]
      },
      "properties": {
        "id_bat": 3887,
        "libelle": "93 rue Réaumur",
        "ensemble": "",
        "arrondissement": 2,
        "image_ref": 12776,
        "terme_jantzen_bat": [
          "colonne",
          "façade-d'angle",
          "fenetre",
          "verrière"
        ]
      }
    },
    {
      "type": "Feature",
      "geometry": {
        "type": "Point",
        "coordinates": [
          2.401384,
          48.843463
        ]
      },
      "properties": {
        "id_bat": 3888,
        "libelle": "93t boulevard de Picpus",
        "ensemble": "",
        "arrondissement": 12,
        "image_ref": 11644,
        "terme_jantzen_bat": [
          "balcon",
          "dome"
        ]
      }
    },
    {
      "type": "Feature",
      "geometry": {
        "type": "Point",
        "coordinates": [
          2.38178,
          48.863743
        ]
      },
      "properties": {
        "id_bat": 3889,
        "libelle": "94 avenue de la République",
        "ensemble": "",
        "arrondissement": 11,
        "image_ref": 12946,
        "terme_jantzen_bat": [
          "chimère",
          "clé",
          "oeil-de-boeuf",
          "porte-bois"
        ]
      }
    },
    {
      "type": "Feature",
      "geometry": {
        "type": "Point",
        "coordinates": [
          2.382737,
          48.854014
        ]
      },
      "properties": {
        "id_bat": 3895,
        "libelle": "94 rue de Charonne",
        "ensemble": "",
        "arrondissement": 11,
        "image_ref": 2391,
        "terme_jantzen_bat": [
          "balcon",
          "brique",
          "céramique",
          "décor",
          "façade",
          "fenetre",
          "pignon"
        ]
      }
    },
    {
      "type": "Feature",
      "geometry": {
        "type": "Point",
        "coordinates": [
          2.303235,
          48.883101
        ]
      },
      "properties": {
        "id_bat": 3897,
        "libelle": "94 rue Jouffroy-d'Abbans",
        "ensemble": "",
        "arrondissement": 17,
        "image_ref": 7416,
        "terme_jantzen_bat": [
          "balcon",
          "décor",
          "fenetre",
          "garde-corps",
          "porte-bois",
          "sculpture"
        ]
      }
    },
    {
      "type": "Feature",
      "geometry": {
        "type": "Point",
        "coordinates": [
          2.3997,
          48.866514
        ]
      },
      "properties": {
        "id_bat": 3901,
        "libelle": "95 avenue Gambetta",
        "ensemble": "",
        "arrondissement": 20,
        "image_ref": 5087,
        "terme_jantzen_bat": [
          "brique",
          "clé",
          "console",
          "céramique",
          "décor",
          "fenetre",
          "garde-corps",
          "porte-fer-hall"
        ]
      }
    },
    {
      "type": "Feature",
      "geometry": {
        "type": "Point",
        "coordinates": [
          2.328041,
          48.842722
        ]
      },
      "properties": {
        "id_bat": 3903,
        "libelle": "95 boulevard du Montparnasse",
        "ensemble": "",
        "arrondissement": 6,
        "image_ref": 10025,
        "terme_jantzen_bat": [
          "balcon",
          "décor",
          "fenetre-d'angle",
          "lucarne-d'angle",
          "oeil-de-boeuf"
        ]
      }
    },
    {
      "type": "Feature",
      "geometry": {
        "type": "Point",
        "coordinates": [
          2.328382,
          48.846918
        ]
      },
      "properties": {
        "id_bat": 3904,
        "libelle": "95 boulevard Raspail",
        "ensemble": "",
        "arrondissement": 6,
        "image_ref": 12550,
        "terme_jantzen_bat": [
          "balcon",
          "décor",
          "façade-d'angle",
          "sculpture"
        ]
      }
    },
    {
      "type": "Feature",
      "geometry": {
        "type": "Point",
        "coordinates": [
          2.322564,
          48.845724
        ]
      },
      "properties": {
        "id_bat": 3908,
        "libelle": "95 rue de Vaugirard",
        "ensemble": "",
        "arrondissement": 6,
        "image_ref": 15931,
        "terme_jantzen_bat": [
          "brique",
          "céramique",
          "façade",
          "fenetre",
          "marquise",
          "oriel",
          "porte-bois"
        ]
      }
    },
    {
      "type": "Feature",
      "geometry": {
        "type": "Point",
        "coordinates": [
          2.343592,
          48.867935
        ]
      },
      "properties": {
        "id_bat": 3910,
        "libelle": "95 rue Montmartre",
        "ensemble": "",
        "arrondissement": 2,
        "image_ref": 9965,
        "terme_jantzen_bat": [
          "brique",
          "céramique",
          "décor",
          "façade",
          "métal",
          "oriel"
        ]
      }
    },
    {
      "type": "Feature",
      "geometry": {
        "type": "Point",
        "coordinates": [
          2.297143,
          48.883956
        ]
      },
      "properties": {
        "id_bat": 3913,
        "libelle": "96 avenue Niel",
        "ensemble": "",
        "arrondissement": 17,
        "image_ref": 10304,
        "terme_jantzen_bat": [
          "décor",
          "façade",
          "fenetre",
          "pilastre",
          "porte-bois",
          "sculpture"
        ]
      }
    },
    {
      "type": "Feature",
      "geometry": {
        "type": "Point",
        "coordinates": [
          2.323194,
          48.874436
        ]
      },
      "properties": {
        "id_bat": 3915,
        "libelle": "96 boulevard Haussmann",
        "ensemble": "",
        "arrondissement": 8,
        "image_ref": 6172,
        "terme_jantzen_bat": [
          "chimère",
          "clé",
          "façade",
          "façade-d'angle",
          "fenetre",
          "lucarne",
          "sculpture",
          "toiture"
        ]
      }
    },
    {
      "type": "Feature",
      "geometry": {
        "type": "Point",
        "coordinates": [
          2.355623,
          48.864879
        ]
      },
      "properties": {
        "id_bat": 3918,
        "libelle": "96 rue Beaubourg",
        "ensemble": "",
        "arrondissement": 3,
        "image_ref": 977,
        "terme_jantzen_bat": [
          "dome",
          "fenetre",
          "lucarne",
          "lucarne-d'angle"
        ]
      }
    },
    {
      "type": "Feature",
      "geometry": {
        "type": "Point",
        "coordinates": [
          2.328454,
          48.846664
        ]
      },
      "properties": {
        "id_bat": 3923,
        "libelle": "97 boulevard Raspail",
        "ensemble": "",
        "arrondissement": 6,
        "image_ref": 12555,
        "terme_jantzen_bat": [
          "clé",
          "porte-fer-hall",
          "sculpture"
        ]
      }
    },
    {
      "type": "Feature",
      "geometry": {
        "type": "Point",
        "coordinates": [
          2.351132,
          48.869521
        ]
      },
      "properties": {
        "id_bat": 3925,
        "libelle": "97 rue de Cléry",
        "ensemble": "",
        "arrondissement": 2,
        "image_ref": 2595,
        "terme_jantzen_bat": [
          "façade",
          "façade-d'angle",
          "fenetre",
          "pignon",
          "voie"
        ]
      }
    },
    {
      "type": "Feature",
      "geometry": {
        "type": "Point",
        "coordinates": [
          2.323828,
          48.853371
        ]
      },
      "properties": {
        "id_bat": 3929,
        "libelle": "97 rue du Bac",
        "ensemble": "",
        "arrondissement": 7,
        "image_ref": 768,
        "terme_jantzen_bat": [
          "balcon",
          "chimère",
          "clé",
          "console",
          "garde-corps",
          "porte-bois",
          "sculpture"
        ]
      }
    },
    {
      "type": "Feature",
      "geometry": {
        "type": "Point",
        "coordinates": [
          2.345655,
          48.867622
        ]
      },
      "properties": {
        "id_bat": 3930,
        "libelle": "97 rue Réaumur",
        "ensemble": "",
        "arrondissement": 2,
        "image_ref": 12782,
        "terme_jantzen_bat": [
          "console",
          "façade",
          "fenetre",
          "fronton",
          "garde-corps",
          "lucarne",
          "sculpture",
          "toiture",
          "verrière"
        ]
      }
    },
    {
      "type": "Feature",
      "geometry": {
        "type": "Point",
        "coordinates": [
          2.297235,
          48.884138
        ]
      },
      "properties": {
        "id_bat": 3931,
        "libelle": "98 avenue Niel",
        "ensemble": "",
        "arrondissement": 17,
        "image_ref": 10308,
        "terme_jantzen_bat": [
          "porte-bois"
        ]
      }
    },
    {
      "type": "Feature",
      "geometry": {
        "type": "Point",
        "coordinates": [
          2.277824,
          48.862121
        ]
      },
      "properties": {
        "id_bat": 3933,
        "libelle": "98 rue de la Tour",
        "ensemble": "",
        "arrondissement": 16,
        "image_ref": 15354,
        "terme_jantzen_bat": [
          "console",
          "sculpture"
        ]
      }
    },
    {
      "type": "Feature",
      "geometry": {
        "type": "Point",
        "coordinates": [
          2.322118,
          48.847302
        ]
      },
      "properties": {
        "id_bat": 3936,
        "libelle": "98 rue du Cherche-Midi",
        "ensemble": "",
        "arrondissement": 6,
        "image_ref": 2531,
        "terme_jantzen_bat": [
          "fenetre",
          "porte-fer-hall"
        ]
      }
    },
    {
      "type": "Feature",
      "geometry": {
        "type": "Point",
        "coordinates": [
          2.299705,
          48.883605
        ]
      },
      "properties": {
        "id_bat": 3937,
        "libelle": "98 rue Pierre-Demours",
        "ensemble": "",
        "arrondissement": 17,
        "image_ref": 11699,
        "terme_jantzen_bat": [
          "balcon",
          "fenetre",
          "garde-corps"
        ]
      }
    },
    {
      "type": "Feature",
      "geometry": {
        "type": "Point",
        "coordinates": [
          2.328501,
          48.846501
        ]
      },
      "properties": {
        "id_bat": 3939,
        "libelle": "99 boulevard Raspail",
        "ensemble": "",
        "arrondissement": 6,
        "image_ref": 12557,
        "terme_jantzen_bat": [
          "clé",
          "porte-fer-hall",
          "sculpture"
        ]
      }
    },
    {
      "type": "Feature",
      "geometry": {
        "type": "Point",
        "coordinates": [
          2.323796,
          48.853159
        ]
      },
      "properties": {
        "id_bat": 3940,
        "libelle": "99 rue du Bac",
        "ensemble": "",
        "arrondissement": 7,
        "image_ref": 772,
        "terme_jantzen_bat": [
          "console",
          "sculpture"
        ]
      }
    },
    {
      "type": "Feature",
      "geometry": {
        "type": "Point",
        "coordinates": [
          2.361743,
          48.854759
        ]
      },
      "properties": {
        "id_bat": 3942,
        "libelle": "99 rue Saint-Antoine",
        "ensemble": "",
        "arrondissement": 4,
        "image_ref": 13961,
        "terme_jantzen_bat": [
          "dome",
          "façade",
          "toiture"
        ]
      }
    },
    {
      "type": "Feature",
      "geometry": {
        "type": "Point",
        "coordinates": [
          2.33387,
          48.890549
        ]
      },
      "properties": {
        "id_bat": 3943,
        "libelle": "99b rue Lamarck",
        "ensemble": "",
        "arrondissement": 18,
        "image_ref": 7809,
        "terme_jantzen_bat": [
          "clé",
          "décor",
          "façade",
          "fenetre",
          "lucarne",
          "porte-fer"
        ]
      }
    },
    {
      "type": "Feature",
      "geometry": {
        "type": "Point",
        "coordinates": [
          2.292111,
          48.880174
        ]
      },
      "properties": {
        "id_bat": 3945,
        "libelle": "9b rue Pierre-Demours",
        "ensemble": "",
        "arrondissement": 17,
        "image_ref": 11701,
        "terme_jantzen_bat": [
          "balcon",
          "console",
          "décor",
          "garde-corps",
          "pilastre",
          "sculpture"
        ]
      }
    },
    {
      "type": "Feature",
      "geometry": {
        "type": "Point",
        "coordinates": [
          2.3338194444444,
          48.86715
        ]
      },
      "properties": {
        "id_bat": 3950,
        "libelle": "avenue de l'Opéra",
        "ensemble": "",
        "arrondissement": 2,
        "image_ref": 10618,
        "terme_jantzen_bat": [
          "voie"
        ]
      }
    },
    {
      "type": "Feature",
      "geometry": {
        "type": "Point",
        "coordinates": [
          2.3697,
          48.88367
        ]
      },
      "properties": {
        "id_bat": 3979,
        "libelle": "place de la Bataille-de-Stalingrad",
        "ensemble": "",
        "arrondissement": 19,
        "image_ref": 13824,
        "terme_jantzen_bat": [
          "colonne"
        ]
      }
    },
    {
      "type": "Feature",
      "geometry": {
        "type": "Point",
        "coordinates": [
          2.33861,
          48.8497
        ]
      },
      "properties": {
        "id_bat": 3983,
        "libelle": "place de l'Odéon",
        "ensemble": "",
        "arrondissement": 6,
        "image_ref": 10574,
        "terme_jantzen_bat": [
          "façade",
          "panoramique",
          "toiture"
        ]
      }
    },
    {
      "type": "Feature",
      "geometry": {
        "type": "Point",
        "coordinates": [
          2.3655555555556,
          48.855555555556
        ]
      },
      "properties": {
        "id_bat": 3987,
        "libelle": "place des Vosges",
        "ensemble": "",
        "arrondissement": 4,
        "image_ref": 16762,
        "terme_jantzen_bat": [
          "brique",
          "colonne",
          "console",
          "façade",
          "fenetre",
          "fronton",
          "garde-corps",
          "lucarne",
          "métal",
          "oeil-de-boeuf",
          "porte-bois",
          "sculpture",
          "toiture",
          "voie"
        ]
      }
    },
    {
      "type": "Feature",
      "geometry": {
        "type": "Point",
        "coordinates": [
          2.3472222222222,
          48.8575
        ]
      },
      "properties": {
        "id_bat": 3991,
        "libelle": "place du Châtelet",
        "ensemble": "",
        "arrondissement": 1,
        "image_ref": 2478,
        "terme_jantzen_bat": [
          "sculpture"
        ]
      }
    },
    {
      "type": "Feature",
      "geometry": {
        "type": "Point",
        "coordinates": [
          2.3413,
          48.857
        ]
      },
      "properties": {
        "id_bat": 3994,
        "libelle": "place du Pont Neuf - Christo et Jeanne-Claude",
        "ensemble": "",
        "arrondissement": 1,
        "image_ref": 11870,
        "terme_jantzen_bat": [
          "façade",
          "sculpture",
          "voie"
        ]
      }
    },
    {
      "type": "Feature",
      "geometry": {
        "type": "Point",
        "coordinates": [
          2.3273,
          48.8561
        ]
      },
      "properties": {
        "id_bat": 4007,
        "libelle": "place Saint-Thomas-d’Aquin",
        "ensemble": "",
        "arrondissement": 7,
        "image_ref": 14914,
        "terme_jantzen_bat": [
          "colonne",
          "façade",
          "fronton",
          "porte-bois",
          "sculpture"
        ]
      }
    },
    {
      "type": "Feature",
      "geometry": {
        "type": "Point",
        "coordinates": [
          2.3294444444444,
          48.8675
        ]
      },
      "properties": {
        "id_bat": 4009,
        "libelle": "place Vendôme",
        "ensemble": "",
        "arrondissement": 1,
        "image_ref": 15969,
        "terme_jantzen_bat": [
          "colonne",
          "façade",
          "porte-fer"
        ]
      }
    },
    {
      "type": "Feature",
      "geometry": {
        "type": "Point",
        "coordinates": [
          2.39824,
          48.8357
        ]
      },
      "properties": {
        "id_bat": 4039,
        "libelle": "rue de Capri",
        "ensemble": "",
        "arrondissement": 12,
        "image_ref": 1932,
        "terme_jantzen_bat": [
          "façade",
          "voie"
        ]
      }
    },
    {
      "type": "Feature",
      "geometry": {
        "type": "Point",
        "coordinates": [
          2.3477,
          48.8478
        ]
      },
      "properties": {
        "id_bat": 4045,
        "libelle": "rue de l'École-Polytechnique",
        "ensemble": "",
        "arrondissement": 5,
        "image_ref": 11841,
        "terme_jantzen_bat": [
          "clé",
          "sculpture"
        ]
      }
    },
    {
      "type": "Feature",
      "geometry": {
        "type": "Point",
        "coordinates": [
          2.3383722222222,
          48.868047222222
        ]
      },
      "properties": {
        "id_bat": 4051,
        "libelle": "rue de Richelieu",
        "ensemble": "",
        "arrondissement": 2,
        "image_ref": 13000,
        "terme_jantzen_bat": [
          "clé",
          "colonne",
          "façade",
          "fenetre",
          "fronton",
          "garde-corps",
          "intérieur",
          "métal",
          "sculpture"
        ]
      }
    },
    {
      "type": "Feature",
      "geometry": {
        "type": "Point",
        "coordinates": [
          2.36058,
          48.8535
        ]
      },
      "properties": {
        "id_bat": 4062,
        "libelle": "rue des Jardins-Saint-Paul",
        "ensemble": "",
        "arrondissement": 4,
        "image_ref": 7154,
        "terme_jantzen_bat": [
          "façade",
          "voie"
        ]
      }
    },
    {
      "type": "Feature",
      "geometry": {
        "type": "Point",
        "coordinates": [
          2.29316,
          48.8529
        ]
      },
      "properties": {
        "id_bat": 4068,
        "libelle": "rue Desaix",
        "ensemble": "",
        "arrondissement": 15,
        "image_ref": 3705,
        "terme_jantzen_bat": [
          "façade",
          "voie"
        ]
      }
    },
    {
      "type": "Feature",
      "geometry": {
        "type": "Point",
        "coordinates": [
          2.33318,
          48.8899
        ]
      },
      "properties": {
        "id_bat": 4092,
        "libelle": "rue Félix-Ziem",
        "ensemble": "",
        "arrondissement": 18,
        "image_ref": 4502,
        "terme_jantzen_bat": [
          "voie"
        ]
      }
    },
    {
      "type": "Feature",
      "geometry": {
        "type": "Point",
        "coordinates": [
          2.34835,
          48.8467
        ]
      },
      "properties": {
        "id_bat": 4127,
        "libelle": "rue Saint-Étienne-du-Mont",
        "ensemble": "",
        "arrondissement": 5,
        "image_ref": 14130,
        "terme_jantzen_bat": [
          "clé",
          "colonne",
          "façade",
          "fenetre",
          "fronton",
          "porte-bois",
          "sculpture",
          "toiture",
          "tour",
          "tourelle"
        ]
      }
    },
    {
      "type": "Feature",
      "geometry": {
        "type": "Point",
        "coordinates": [
          2.33599,
          48.8774
        ]
      },
      "properties": {
        "id_bat": 4142,
        "libelle": "square d'Orléans",
        "ensemble": "",
        "arrondissement": 9,
        "image_ref": 10884,
        "terme_jantzen_bat": [
          "colonne",
          "façade"
        ]
      }
    },
    {
      "type": "Feature",
      "geometry": {
        "type": "Point",
        "coordinates": [
          2.2829,
          48.8573
        ]
      },
      "properties": {
        "id_bat": 4145,
        "libelle": "square Raynouard",
        "ensemble": "",
        "arrondissement": 16,
        "image_ref": 12647,
        "terme_jantzen_bat": [
          "façade"
        ]
      }
    }
  ]
}